path,class,original_split,hash,clean_split
data/Training/glioma/Tr-gl_71.jpg,glioma,Training,4f220d99b8449978416f08991a26d07f,train
data/Training/glioma/Tr-gl_139.jpg,glioma,Training,5d86e238baf37178543ac98f5b1d058f,test
data/Training/glioma/Tr-gl_679.jpg,glioma,Training,473f42113dd735b74cfce2f376370f1c,train
data/Training/glioma/Tr-gl_598.jpg,glioma,Training,b0e0a720e50a710eb3157861d4f79b79,train
data/Training/glioma/Tr-gl_5.jpg,glioma,Training,a9868de7a08e9b43ff64a9bd14fc195b,val
data/Training/glioma/Tr-gl_314.jpg,glioma,Training,783bbf7471422925bb81ffcd5a0e59c7,train
data/Training/glioma/Tr-gl_672.jpg,glioma,Training,4c291fd7779b8a3f9815294da8297615,test
data/Training/glioma/Tr-gl_229.jpg,glioma,Training,de100c8947945279018fce75cf69bb4f,val
data/Training/glioma/Tr-gl_707.jpg,glioma,Training,24058d91614884d998c1afc1c1b02e17,train
data/Training/glioma/Tr-gl_149.jpg,glioma,Training,ae2c3214d92c71f1ab8d2b16ac25a6d1,train
data/Training/glioma/Tr-gl_532.jpg,glioma,Training,c3fd836a2f7d5472bf5f05714bdfc5bc,train
data/Training/glioma/Tr-gl_115.jpg,glioma,Training,c36648f5ab8377b78f258fb07b3febd7,train
data/Training/glioma/Tr-gl_1060.jpg,glioma,Training,ed2ac35a67afe4858ba330ec5a4651dc,train
data/Training/glioma/Tr-gl_697.jpg,glioma,Training,14fbeefc32e6ec24062e8ed3e340daa9,test
data/Training/glioma/Tr-gl_518.jpg,glioma,Training,1991dc3045bf999de88c5eaf2388f731,test
data/Training/glioma/Tr-gl_628.jpg,glioma,Training,3b53dcbf01d24eabae0bde1e2d903a92,train
data/Training/glioma/Tr-gl_1072.jpg,glioma,Training,80431606ae5a64bb6e1a9f25dbd38218,val
data/Training/glioma/Tr-gl_1377.jpg,glioma,Training,889641765b4541f97e12cc8f4c7ffff5,train
data/Training/glioma/Tr-gl_747.jpg,glioma,Training,299af2882977ad395a0307b1e8dee1aa,train
data/Training/glioma/Tr-gl_909.jpg,glioma,Training,85a8ec29081b8479c141a13523766797,val
data/Training/glioma/Tr-gl_37.jpg,glioma,Training,30b3c3cf17479966811dffc382791f86,train
data/Training/glioma/Tr-gl_1018.jpg,glioma,Training,14e659ab7f050c2c268017ae65948300,train
data/Training/glioma/Tr-gl_676.jpg,glioma,Training,7c1b28459f3c60083c4b502777f2763a,train
data/Training/glioma/Tr-gl_581.jpg,glioma,Training,3e9c13b57c7935a4c786494f94c84b1f,test
data/Training/glioma/Tr-gl_1231.jpg,glioma,Training,807f61382121e1fcb33f6fc0675fa3f0,train
data/Training/glioma/Tr-gl_394.jpg,glioma,Training,9e295d806b37355883bc4c8de26f6b82,train
data/Training/glioma/Tr-gl_136.jpg,glioma,Training,5762b5e10b32a855423c3a705673c97b,train
data/Training/glioma/Tr-gl_804.jpg,glioma,Training,2e122430f4f93bb996aee9d8158c5031,train
data/Training/glioma/Tr-gl_750.jpg,glioma,Training,17115a935268063ba14abcf23c703f98,train
data/Training/glioma/Tr-gl_150.jpg,glioma,Training,689a6f2585d3230733ea81d75c87733b,train
data/Training/glioma/Tr-gl_555.jpg,glioma,Training,516d75458d50f3bc9fe9723613562a88,val
data/Training/glioma/Tr-gl_787.jpg,glioma,Training,cfb5cb9f53f46737420e74f4f0c16b83,train
data/Training/glioma/Tr-gl_146.jpg,glioma,Training,7ad7603f27e6bdf667c6ec1e4dabebcc,train
data/Training/glioma/Tr-gl_1319.jpg,glioma,Training,69408b64c194e6ac4b9cbe67abcbbf74,train
data/Training/glioma/Tr-gl_1144.jpg,glioma,Training,d1e4a41add8733e3b15b8db9a12497fd,train
data/Training/glioma/Tr-gl_1331.jpg,glioma,Training,d9575c8be1e26b781f1d797f2224c954,train
data/Training/glioma/Tr-gl_471.jpg,glioma,Training,f29ace4c6e89633aaa5f6ba736d6f1b9,train
data/Training/glioma/Tr-gl_1009.jpg,glioma,Training,d11522582974a55bf24d6de79e8b9b15,train
data/Training/glioma/Tr-gl_718.jpg,glioma,Training,e57b3a19f63eb2e03f4ec0c478b2be28,train
data/Training/glioma/Tr-gl_54.jpg,glioma,Training,2b2ff83cc8339458899e8994faa549a3,test
data/Training/glioma/Tr-gl_582.jpg,glioma,Training,307b8f2911cbb17752ee53dcb3d18765,train
data/Training/glioma/Tr-gl_169.jpg,glioma,Training,c495c54981f24f2ca50f2294b23de974,train
data/Training/glioma/Tr-gl_957.jpg,glioma,Training,84ca5c175e0f27c5ea51030522895596,train
data/Training/glioma/Tr-gl_640.jpg,glioma,Training,8bf1c529fcd37cf35334f6830b5420d6,test
data/Training/glioma/Tr-gl_189.jpg,glioma,Training,226be032ec599c2518847e73e44eb4aa,train
data/Training/glioma/Tr-gl_1356.jpg,glioma,Training,58738efa051c9cb95eee861ace2da861,train
data/Training/glioma/Tr-gl_1312.jpg,glioma,Training,eab104bdc1621ea0ce2450ae22a25d85,train
data/Training/glioma/Tr-gl_337.jpg,glioma,Training,41f32dca8637b99f5012ea331c4844a9,train
data/Training/glioma/Tr-gl_1257.jpg,glioma,Training,4cef6bb560c79d728e5ebf1ae4deee7c,val
data/Training/glioma/Tr-gl_857.jpg,glioma,Training,e469f7ee965c3e63063c87c5a1611ef8,train
data/Training/glioma/Tr-gl_657.jpg,glioma,Training,80a26f1964fd633f4b0edd123b225fdd,val
data/Training/glioma/Tr-gl_609.jpg,glioma,Training,4d92fb6effe5907ccf8230b7ddfee7e3,test
data/Training/glioma/Tr-gl_119.jpg,glioma,Training,8095fd3967a83f0893d8add14ce07ac5,train
data/Training/glioma/Tr-gl_1061.jpg,glioma,Training,f7d4cbadbc674f8278656a7526306ada,train
data/Training/glioma/Tr-gl_995.jpg,glioma,Training,6c4cf37b8dcba501bb74d208b798c7be,test
data/Training/glioma/Tr-gl_1207.jpg,glioma,Training,6d3f84c7005a14ca8163aa29173b9384,train
data/Training/glioma/Tr-gl_1357.jpg,glioma,Training,4688285ce34277b656b7459e6eaaf8e0,val
data/Training/glioma/Tr-gl_1190.jpg,glioma,Training,9116e817666822876a47733171d85bb0,train
data/Training/glioma/Tr-gl_1221.jpg,glioma,Training,ff04cb3f67c352727217d7619ed66228,train
data/Training/glioma/Tr-gl_10.jpg,glioma,Training,3284bf3d5c27d6877020381a9c7fa8c9,train
data/Training/glioma/Tr-gl_615.jpg,glioma,Training,8c3b11ee012500129d92e2598d95c7d1,train
data/Training/glioma/Tr-gl_716.jpg,glioma,Training,6549c7ef372b971f4b68f18d873c08e2,test
data/Training/glioma/Tr-gl_921.jpg,glioma,Training,3b458354a7ede4d61866398c577736d6,train
data/Training/glioma/Tr-gl_992.jpg,glioma,Training,503878d837e91481ef39231411b83b87,train
data/Training/glioma/Tr-gl_1236.jpg,glioma,Training,2f5af1082ec513b990154be6c0b90f09,test
data/Training/glioma/Tr-gl_943.jpg,glioma,Training,abbe201fcfc5001f9d9ce82e4a3b00e0,test
data/Training/glioma/Tr-gl_98.jpg,glioma,Training,2cbf9e83f4e3119a325a491ae49634a0,train
data/Training/glioma/Tr-gl_1119.jpg,glioma,Training,13b0d8a3e213bdaebb2ff6f36494a763,train
data/Training/glioma/Tr-gl_534.jpg,glioma,Training,cfe922ed0744e514af74fde30c748ea3,train
data/Training/glioma/Tr-gl_1320.jpg,glioma,Training,f69d301f9a712c0357ff43025504bac8,train
data/Training/glioma/Tr-gl_1191.jpg,glioma,Training,bb851716cea976e438a0dc8936ed5557,train
data/Training/glioma/Tr-gl_177.jpg,glioma,Training,2c37034bedc6428140254b404a92521c,train
data/Training/glioma/Tr-gl_952.jpg,glioma,Training,5f1f3db0d800970a2791d8639c0bb9b0,train
data/Training/glioma/Tr-gl_978.jpg,glioma,Training,0a3319b140b04c644d0b8588170a7e66,val
data/Training/glioma/Tr-gl_404.jpg,glioma,Training,ef55b337fabd7d66f2ceb3acb477d003,train
data/Training/glioma/Tr-gl_550.jpg,glioma,Training,fcee3731d8b91ef8e06fd1690a61b960,train
data/Training/glioma/Tr-gl_980.jpg,glioma,Training,f82959b189f388209908562799533e81,train
data/Training/glioma/Tr-gl_1177.jpg,glioma,Training,7afa61bc3738e77353cb8cef79d3e3ee,train
data/Training/glioma/Tr-gl_48.jpg,glioma,Training,df7ed796de43d8c43061496d742eb74a,val
data/Training/glioma/Tr-gl_1360.jpg,glioma,Training,fb67f621b3dd86370d79ac496c1ea34e,val
data/Training/glioma/Tr-gl_858.jpg,glioma,Training,d5e1afc78e73330171cd92ef4e4fdcfa,train
data/Training/glioma/Tr-gl_973.jpg,glioma,Training,1b0481d539cb2de1549948621020e2c7,val
data/Training/glioma/Tr-gl_1358.jpg,glioma,Training,1195b2d0897ef32e53f0d7e09bd23b63,train
data/Training/glioma/Tr-gl_1003.jpg,glioma,Training,082d72b80d71ee60939e2f474fc01bcb,train
data/Training/glioma/Tr-gl_251.jpg,glioma,Training,c6db1ad3ba3f5ae6c12e12849abdc0e9,train
data/Training/glioma/Tr-gl_450.jpg,glioma,Training,868e1cf9c2f7a892762c026cf5ed5f1f,val
data/Training/glioma/Tr-gl_224.jpg,glioma,Training,dce226e9ac9ff58847e1be3efaae8e64,train
data/Training/glioma/Tr-gl_33.jpg,glioma,Training,672d9fced922fb2641792536b4efcfb5,train
data/Training/glioma/Tr-gl_677.jpg,glioma,Training,f7411a359d59b5a346e465704184a9d2,test
data/Training/glioma/Tr-gl_1083.jpg,glioma,Training,5134f3a19edb84c450e74242fa45cc2f,train
data/Training/glioma/Tr-gl_1029.jpg,glioma,Training,bee359ea4d6e7bfb72cf1e24307c3f6b,val
data/Training/glioma/Tr-gl_281.jpg,glioma,Training,29fb6344cffe194a97002a00c67d82e9,train
data/Training/glioma/Tr-gl_928.jpg,glioma,Training,4b940716ff9266d3c24a6387dc18c531,train
data/Training/glioma/Tr-gl_1228.jpg,glioma,Training,ba157a160e8034a11e432253a27d0bc2,test
data/Training/glioma/Tr-gl_1369.jpg,glioma,Training,0702639f65505176d2392029e91036b1,train
data/Training/glioma/Tr-gl_739.jpg,glioma,Training,b68d74631eccb114f0408916252aba95,train
data/Training/glioma/Tr-gl_984.jpg,glioma,Training,1b0686f1d534fcd25073c25a97155510,test
data/Training/glioma/Tr-gl_1156.jpg,glioma,Training,f86f127862e8232a1f276a5d4e399b11,train
data/Training/glioma/Tr-gl_411.jpg,glioma,Training,a626f45fb3608f37ba49a412f2cf668e,train
data/Training/glioma/Tr-gl_1306.jpg,glioma,Training,c4d09f486bb315548f0867e6748d0ece,train
data/Training/glioma/Tr-gl_1031.jpg,glioma,Training,b97ce25bfccdd7f21426d538ea486cf5,train
data/Training/glioma/Tr-gl_1172.jpg,glioma,Training,8e96e62b61ec311f753cbf84e7af09ff,train
data/Training/glioma/Tr-gl_13.jpg,glioma,Training,c75a99282c6561bfc2375838d3ff87d6,val
data/Training/glioma/Tr-gl_222.jpg,glioma,Training,dc03245580a2971e1c538133243bb839,val
data/Training/glioma/Tr-gl_282.jpg,glioma,Training,773fafb4b069ecffa9069ad454c1b742,val
data/Training/glioma/Tr-gl_93.jpg,glioma,Training,ea67f0fed645af2c9c30a1c7c6145bf0,train
data/Training/glioma/Tr-gl_1400.jpg,glioma,Training,921ad7dd102eb36e974b9f54034e15fa,train
data/Training/glioma/Tr-gl_668.jpg,glioma,Training,0ad45157a9825c38b6360edde5c9bb47,train
data/Training/glioma/Tr-gl_461.jpg,glioma,Training,1573315680c694992a08c8b682aecb9f,train
data/Training/glioma/Tr-gl_210.jpg,glioma,Training,824c9ad70e81c7f22388147f0b6f6a9e,train
data/Training/glioma/Tr-gl_36.jpg,glioma,Training,37ae69bd1e01ff098c0c778655e23208,val
data/Training/glioma/Tr-gl_495.jpg,glioma,Training,a902e08efba2222689c50d47a52aa602,train
data/Training/glioma/Tr-gl_685.jpg,glioma,Training,f3b2d5414ab865abe927878166b5cedf,train
data/Training/glioma/Tr-gl_266.jpg,glioma,Training,0497de1102ab6a0eff55e69d0102d937,train
data/Training/glioma/Tr-gl_155.jpg,glioma,Training,0cabe731b954062c03bd257517477026,test
data/Training/glioma/Tr-gl_1195.jpg,glioma,Training,d44dd76e27cc77f8d2ef1c3dda34393e,train
data/Training/glioma/Tr-gl_1204.jpg,glioma,Training,30662e869360c0982ca3dbfcc6c4c977,val
data/Training/glioma/Tr-gl_208.jpg,glioma,Training,beb3c97b16c2e8f39eeb8b3199475f84,val
data/Training/glioma/Tr-gl_491.jpg,glioma,Training,d8b35e09ba112639e0bf90297d359e70,test
data/Training/glioma/Tr-gl_585.jpg,glioma,Training,9625b4f65df7e20c471aa7a0287623fc,val
data/Training/glioma/Tr-gl_664.jpg,glioma,Training,81e9fc06819cbb7248933c472b802280,test
data/Training/glioma/Tr-gl_1017.jpg,glioma,Training,8a3cdc6cc01bd40723b949aa0c1efed9,train
data/Training/glioma/Tr-gl_895.jpg,glioma,Training,fa725ea785f635383555736361175fe7,train
data/Training/glioma/Tr-gl_762.jpg,glioma,Training,64c550d5945cbf07df361c97441bb349,train
data/Training/glioma/Tr-gl_291.jpg,glioma,Training,6400780dc4354d9741e617580e68e883,val
data/Training/glioma/Tr-gl_591.jpg,glioma,Training,80b9d4b9bebd5a65729c6765288e3bbc,train
data/Training/glioma/Tr-gl_152.jpg,glioma,Training,3de6ae9714aa2f99aecd051e0d1a15e3,train
data/Training/glioma/Tr-gl_26.jpg,glioma,Training,c6d79ff1ed6783f79b029dfa96d64389,train
data/Training/glioma/Tr-gl_1124.jpg,glioma,Training,fff92119a7316ca2e06dc7acd30e6a30,train
data/Training/glioma/Tr-gl_292.jpg,glioma,Training,464be8c40c607ab45ec79c9a57fc96c7,train
data/Training/glioma/Tr-gl_1237.jpg,glioma,Training,1cb6827c27dc1d49ed246b768d2de83b,test
data/Training/glioma/Tr-gl_1167.jpg,glioma,Training,e0450c41f98d2a38895bad6d598dc7f0,test
data/Training/glioma/Tr-gl_45.jpg,glioma,Training,00fc27e7b228658a16307ff0802e4511,train
data/Training/glioma/Tr-gl_975.jpg,glioma,Training,e758d36d7b386ebf8e89cffa61d31810,train
data/Training/glioma/Tr-gl_1279.jpg,glioma,Training,ddfe8c58f26a41f7dbb62a17de85944c,train
data/Training/glioma/Tr-gl_486.jpg,glioma,Training,c9e5ae4e713a16ec6fec70abdb0a8727,test
data/Training/glioma/Tr-gl_1245.jpg,glioma,Training,6abe7dd9649dbbb06a849db1e63e77b4,train
data/Training/glioma/Tr-gl_464.jpg,glioma,Training,f89db17e42333d0a882c714d60603f1b,train
data/Training/glioma/Tr-gl_248.jpg,glioma,Training,55bd8ad0b52b0c76f7d39db2f6fd842a,test
data/Training/glioma/Tr-gl_840.jpg,glioma,Training,c721f9a37840cb46e868280584ded160,val
data/Training/glioma/Tr-gl_757.jpg,glioma,Training,a9247e48978a94a56cf5e447f5a0a584,val
data/Training/glioma/Tr-gl_737.jpg,glioma,Training,7cfac01181875d27050a700d8fcf380c,test
data/Training/glioma/Tr-gl_312.jpg,glioma,Training,0d0741f4afc31e6f1d9772e766e01ad6,test
data/Training/glioma/Tr-gl_370.jpg,glioma,Training,0f5116223b6ef790999852cb41ae38a3,train
data/Training/glioma/Tr-gl_1102.jpg,glioma,Training,412254ac9f69feafe239fae88dc51ab7,train
data/Training/glioma/Tr-gl_257.jpg,glioma,Training,f70cf7c0fcd9d0657cc0b15d9fb1a42f,test
data/Training/glioma/Tr-gl_792.jpg,glioma,Training,8e031b000cd14ea84b1daee88c91c4d7,test
data/Training/glioma/Tr-gl_445.jpg,glioma,Training,344c99914b844888bab5af0c6b5d8b21,train
data/Training/glioma/Tr-gl_915.jpg,glioma,Training,634c5eef3911de38531339058583e404,val
data/Training/glioma/Tr-gl_1106.jpg,glioma,Training,2aacf3fac40c57e0de3fa8d1739e43bf,train
data/Training/glioma/Tr-gl_953.jpg,glioma,Training,b68373b2c77116e5528d997a0f9a014a,val
data/Training/glioma/Tr-gl_352.jpg,glioma,Training,a294924aa8ce485db06c12f92ba9518b,train
data/Training/glioma/Tr-gl_320.jpg,glioma,Training,28b3a5c367e93ba9e80b2faf773f2f41,train
data/Training/glioma/Tr-gl_531.jpg,glioma,Training,160cd905d76540d903678fdfb84c44da,train
data/Training/glioma/Tr-gl_263.jpg,glioma,Training,823a2c1494b8d622432720a60bdf8291,val
data/Training/glioma/Tr-gl_2.jpg,glioma,Training,d1addeaffa72f328d83313c8de992dec,train
data/Training/glioma/Tr-gl_974.jpg,glioma,Training,d2cb9462cb1965d9272660b816aec343,train
data/Training/glioma/Tr-gl_478.jpg,glioma,Training,542987abaa56f76fe135de0789c31e48,train
data/Training/glioma/Tr-gl_1226.jpg,glioma,Training,153499cf7c35ede8f764f12f086e6336,train
data/Training/glioma/Tr-gl_929.jpg,glioma,Training,45da140839d9a99445bbc6297e9e398b,train
data/Training/glioma/Tr-gl_86.jpg,glioma,Training,c3589296dfabbccc3cc1b629a9277160,train
data/Training/glioma/Tr-gl_1252.jpg,glioma,Training,f7a6c829875ea6a5ec56e39f1e8dcb3f,test
data/Training/glioma/Tr-gl_560.jpg,glioma,Training,93e91e2d2a26c38d7179672caf3e16e9,train
data/Training/glioma/Tr-gl_385.jpg,glioma,Training,5ff632fa64209712da7b1f99bf0b16ae,test
data/Training/glioma/Tr-gl_771.jpg,glioma,Training,759df33be6135881eb3f4c5ed44764eb,val
data/Training/glioma/Tr-gl_3.jpg,glioma,Training,ea97acad8061a02613a60424a7440efa,train
data/Training/glioma/Tr-gl_218.jpg,glioma,Training,2bf456b556f685d114328dab7fc5a1da,train
data/Training/glioma/Tr-gl_789.jpg,glioma,Training,0f4951fff76e16356ab414e791d543b3,val
data/Training/glioma/Tr-gl_459.jpg,glioma,Training,b12c9fac78717704fe4c12ca9eb84faa,train
data/Training/glioma/Tr-gl_31.jpg,glioma,Training,639df0951433f6e6c9e8457de07c3305,train
data/Training/glioma/Tr-gl_1166.jpg,glioma,Training,65cb540db04b594c5d2036e9a0ec1da8,train
data/Training/glioma/Tr-gl_1230.jpg,glioma,Training,0def0cedf3ac4eca6de916cd3db7a374,train
data/Training/glioma/Tr-gl_91.jpg,glioma,Training,27c25034437bb37d4ebbf9b47ea23e1a,train
data/Training/glioma/Tr-gl_330.jpg,glioma,Training,d1086641843d874e55d4ae8833ee69cd,train
data/Training/glioma/Tr-gl_1101.jpg,glioma,Training,3f83baa0fda78bfd057fc6bba17284d0,train
data/Training/glioma/Tr-gl_116.jpg,glioma,Training,4281b03a021f288c44a936ced545b840,test
data/Training/glioma/Tr-gl_1074.jpg,glioma,Training,e06dffde343eaa3f4728c0231071873e,train
data/Training/glioma/Tr-gl_649.jpg,glioma,Training,bf2f8c4935b5374b9e64d71c3efb7c8e,train
data/Training/glioma/Tr-gl_812.jpg,glioma,Training,3165fd58402f1d476f3f7eeb08f2dcac,test
data/Training/glioma/Tr-gl_347.jpg,glioma,Training,bcbf26dd790690dc87198a7f156ecb5f,train
data/Training/glioma/Tr-gl_1384.jpg,glioma,Training,7a77d839f2d7789cd5e44c8447267c08,train
data/Training/glioma/Tr-gl_1058.jpg,glioma,Training,6f9ca5af68945c2690996119adfa32d1,train
data/Training/glioma/Tr-gl_77.jpg,glioma,Training,aed826f600d0ddb6ac1f3a6048f066c5,train
data/Training/glioma/Tr-gl_522.jpg,glioma,Training,66f361de481d8e90b6323be16f546a3b,train
data/Training/glioma/Tr-gl_602.jpg,glioma,Training,115fa6d3b895649eaa61e9f3f742acfa,train
data/Training/glioma/Tr-gl_455.jpg,glioma,Training,9b05661101b3f67bb1c91ec3c2144e29,train
data/Training/glioma/Tr-gl_1001.jpg,glioma,Training,41d9e2084b3eb0848b388e9239c17ba0,test
data/Training/glioma/Tr-gl_168.jpg,glioma,Training,3d74f885c4e90a9b3ebd3a11d84d2109,train
data/Training/glioma/Tr-gl_759.jpg,glioma,Training,0521202c9abf0e2361f8484c473943e6,train
data/Training/glioma/Tr-gl_674.jpg,glioma,Training,7a4f39b295031208e20c9362c015d8b8,test
data/Training/glioma/Tr-gl_713.jpg,glioma,Training,3bae9562b51d795c89ce929089fe5846,train
data/Training/glioma/Tr-gl_273.jpg,glioma,Training,c44e524cf53fac4faf57637f4fd55db6,test
data/Training/glioma/Tr-gl_1154.jpg,glioma,Training,fcf910dc73dc79af39163e5c1a59f954,train
data/Training/glioma/Tr-gl_1115.jpg,glioma,Training,8f76f6de87248914de65d2875c0db38d,val
data/Training/glioma/Tr-gl_618.jpg,glioma,Training,09493a2724e58b8f92c06e24730186f3,train
data/Training/glioma/Tr-gl_1065.jpg,glioma,Training,1cb3c7164f45e71a7b872534ea039d4c,train
data/Training/glioma/Tr-gl_1150.jpg,glioma,Training,cb258005d71a3615a5da2bb2e0c7b9a8,train
data/Training/glioma/Tr-gl_423.jpg,glioma,Training,bb605640eb5e33946ac32af7b3390355,train
data/Training/glioma/Tr-gl_265.jpg,glioma,Training,556ccc254add713472b3eefbb2357bd4,test
data/Training/glioma/Tr-gl_592.jpg,glioma,Training,dd19ea2087e82d8c03bbf953127b7a71,train
data/Training/glioma/Tr-gl_810.jpg,glioma,Training,8d64cdf7868a027a155e061abaec1f7b,val
data/Training/glioma/Tr-gl_361.jpg,glioma,Training,446179184ae62d9609f3d95de9b2f759,val
data/Training/glioma/Tr-gl_1355.jpg,glioma,Training,36059d7e66789e9e3618309ca3710916,train
data/Training/glioma/Tr-gl_92.jpg,glioma,Training,0d355c512fb25079dbe9ab160f97ae36,train
data/Training/glioma/Tr-gl_535.jpg,glioma,Training,9fdde3bbecc79cd1c55d9473a96c6308,val
data/Training/glioma/Tr-gl_505.jpg,glioma,Training,fd34b3e99ce6b4db25abb23284afb5dc,train
data/Training/glioma/Tr-gl_225.jpg,glioma,Training,443befb2d0db95584d40fcb64084ee2d,test
data/Training/glioma/Tr-gl_1393.jpg,glioma,Training,0c4bc7c0227b9b1aaca456ea7ef16772,train
data/Training/glioma/Tr-gl_16.jpg,glioma,Training,dd00fb26e6e10f907c94cc1a19c4c765,train
data/Training/glioma/Tr-gl_1128.jpg,glioma,Training,67f5082715032d03f0cc4a41e9abc0f9,test
data/Training/glioma/Tr-gl_1394.jpg,glioma,Training,18b0ed4b7c87dd4dc4ef727aff63dd3a,val
data/Training/glioma/Tr-gl_1053.jpg,glioma,Training,1aa7a239a97dd8f9d79a7a3528b27691,train
data/Training/glioma/Tr-gl_476.jpg,glioma,Training,c377b50d902ddb7d721103c7405b2733,val
data/Training/glioma/Tr-gl_633.jpg,glioma,Training,e56d467db50569c2a899bed62cddbeeb,train
data/Training/glioma/Tr-gl_710.jpg,glioma,Training,bce53b2bfee388abf2ea58d70d1e1ace,train
data/Training/glioma/Tr-gl_1147.jpg,glioma,Training,8af18ac382030f4e1a749aed13452a61,train
data/Training/glioma/Tr-gl_1077.jpg,glioma,Training,0504208b6f587ad88d8db7fc56e8e2fd,train
data/Training/glioma/Tr-gl_646.jpg,glioma,Training,82b9f20d86c1b2a21506594e7ef5b0c2,test
data/Training/glioma/Tr-gl_458.jpg,glioma,Training,2104f9e1cb99d0e9c9a893b974097ca8,train
data/Training/glioma/Tr-gl_1278.jpg,glioma,Training,dd95a1b2a04fb5b508ecb65354a2a6fe,val
data/Training/glioma/Tr-gl_396.jpg,glioma,Training,f9dc49815708d859b4aadcc3704516dc,train
data/Training/glioma/Tr-gl_417.jpg,glioma,Training,320218c8740b11f8bf763595075c9cf2,val
data/Training/glioma/Tr-gl_520.jpg,glioma,Training,3052ad5f4bfbd9ad57a3110994a5bc0d,val
data/Training/glioma/Tr-gl_386.jpg,glioma,Training,0cda52f4c6c167f78326cacd34ce8974,val
data/Training/glioma/Tr-gl_158.jpg,glioma,Training,2af8ff8fae7e652f26f44d8d27d1eb99,test
data/Training/glioma/Tr-gl_111.jpg,glioma,Training,9c7275c7ed6848a7c1c27b6f574500d8,train
data/Training/glioma/Tr-gl_775.jpg,glioma,Training,554379dd45137b6e06981f80eb46874c,train
data/Training/glioma/Tr-gl_87.jpg,glioma,Training,f8b24fa12119f181b785599ec29c1726,train
data/Training/glioma/Tr-gl_1332.jpg,glioma,Training,951a6f31fd7e0e0ff7e5d4a5274fe313,test
data/Training/glioma/Tr-gl_661.jpg,glioma,Training,0564fc37bd52b5d06d0de28973b4552a,test
data/Training/glioma/Tr-gl_200.jpg,glioma,Training,ee6517ecc56bdfc791504a82bc95b836,train
data/Training/glioma/Tr-gl_1143.jpg,glioma,Training,e1270080501a1a3011da8c4524e4814b,train
data/Training/glioma/Tr-gl_1255.jpg,glioma,Training,f1263d37e12176b82ab37eea16f5f5e5,train
data/Training/glioma/Tr-gl_214.jpg,glioma,Training,c0c91ee4d826ba681ed096c843281746,train
data/Training/glioma/Tr-gl_1305.jpg,glioma,Training,1caf2d454f259af9ed2449c08714a3c5,test
data/Training/glioma/Tr-gl_1146.jpg,glioma,Training,edaad3d57c32239d429c169c38f7d699,train
data/Training/glioma/Tr-gl_140.jpg,glioma,Training,724e7331ec439982410b68c84aee5f3a,val
data/Training/glioma/Tr-gl_580.jpg,glioma,Training,4679b4470d0ae4410c51efabfdd4e1cc,train
data/Training/glioma/Tr-gl_457.jpg,glioma,Training,3ceffa1e96f56fe5841a69f99bb59c7d,train
data/Training/glioma/Tr-gl_822.jpg,glioma,Training,fe5a94e4016d3f43f89d9276b850f664,train
data/Training/glioma/Tr-gl_243.jpg,glioma,Training,b6236dc6ceb95930f2c2fe1505ade989,train
data/Training/glioma/Tr-gl_170.jpg,glioma,Training,e2d5fcf92383c9f39f6a37bae03bc6af,train
data/Training/glioma/Tr-gl_850.jpg,glioma,Training,165b63be0392414361f183c620b8f389,train
data/Training/glioma/Tr-gl_1341.jpg,glioma,Training,74c58acd1903c6104b267ae56e15cbfc,train
data/Training/glioma/Tr-gl_275.jpg,glioma,Training,f8a78ca7ff7fead06a041dd0b34c1768,train
data/Training/glioma/Tr-gl_424.jpg,glioma,Training,ad59fa0962833c09b8b2de817b495650,val
data/Training/glioma/Tr-gl_267.jpg,glioma,Training,7279c5d423161c71aeaed538a49c115e,train
data/Training/glioma/Tr-gl_419.jpg,glioma,Training,9529b72b41293173ae0f08ed43c27727,test
data/Training/glioma/Tr-gl_114.jpg,glioma,Training,6d8e37951d4da5b3ed9c56c414e8a784,train
data/Training/glioma/Tr-gl_1155.jpg,glioma,Training,5be586ad149a6777b14f4abad022faf7,train
data/Training/glioma/Tr-gl_955.jpg,glioma,Training,7f39c9fa0764e93a07c14511d49dbd2b,train
data/Training/glioma/Tr-gl_473.jpg,glioma,Training,244ab63d9b25cd61543e196ec0527085,train
data/Training/glioma/Tr-gl_260.jpg,glioma,Training,ecb81671c0bcf33205f726cc4b1f2bbb,train
data/Training/glioma/Tr-gl_1344.jpg,glioma,Training,51ad04072e5f94ec9fee3af2f42cc9ab,train
data/Training/glioma/Tr-gl_307.jpg,glioma,Training,a435d401bf01748ce5406e7b25037f29,train
data/Training/glioma/Tr-gl_1299.jpg,glioma,Training,4fbc7e2f019aed6376623be142cb0647,test
data/Training/glioma/Tr-gl_137.jpg,glioma,Training,9863c2b2c53058d4c621a97b5988e934,train
data/Training/glioma/Tr-gl_638.jpg,glioma,Training,9c4c6059b63700b713fcb27194250940,test
data/Training/glioma/Tr-gl_891.jpg,glioma,Training,1f7fea5d44a7eff0525c58eac38e3350,train
data/Training/glioma/Tr-gl_238.jpg,glioma,Training,d598ba44b824538a50ffb5d189cb6848,train
data/Training/glioma/Tr-gl_1036.jpg,glioma,Training,6d5f60d8603024d508baacc864dea41a,train
data/Training/glioma/Tr-gl_159.jpg,glioma,Training,bfaea9f848c09324e86fe63bd28624ba,val
data/Training/glioma/Tr-gl_796.jpg,glioma,Training,de604ae3237e97e1694314ddcb595588,test
data/Training/glioma/Tr-gl_548.jpg,glioma,Training,d6ac2688b570475bbdac94f6f240ab81,train
data/Training/glioma/Tr-gl_164.jpg,glioma,Training,fb493b89af38a609d8b301f61fa162b5,train
data/Training/glioma/Tr-gl_1137.jpg,glioma,Training,dbb6deb64d78ee6d7a4eeece70dee0f9,train
data/Training/glioma/Tr-gl_6.jpg,glioma,Training,b564701dea08992f299ee0bd473c9ae2,train
data/Training/glioma/Tr-gl_935.jpg,glioma,Training,5e033248d7dd3dfcdda38a77924fe8d5,val
data/Training/glioma/Tr-gl_960.jpg,glioma,Training,a842afd7b077026097e151fff0b16ea3,val
data/Training/glioma/Tr-gl_1096.jpg,glioma,Training,abc55d1a910f16863eef57eaba230560,train
data/Training/glioma/Tr-gl_722.jpg,glioma,Training,5a0a2611a23abe3972e56abe4ec98ddb,val
data/Training/glioma/Tr-gl_1270.jpg,glioma,Training,859f6f8373e56c0884af564020eee096,val
data/Training/glioma/Tr-gl_47.jpg,glioma,Training,34e25a9190108c2663c45170bf4c0545,train
data/Training/glioma/Tr-gl_358.jpg,glioma,Training,e6d23aa286ee92eff4fef4b7deb2c252,train
data/Training/glioma/Tr-gl_897.jpg,glioma,Training,2d6400bfe4a0928e99aa2d7ac63e1396,train
data/Training/glioma/Tr-gl_834.jpg,glioma,Training,71d4d956354f59f2247a08961a5e9025,val
data/Training/glioma/Tr-gl_1380.jpg,glioma,Training,36a2874a8686da345c25f938b9b21052,train
data/Training/glioma/Tr-gl_195.jpg,glioma,Training,e75c237d4f4bdfcdfb75f457290c0eb7,train
data/Training/glioma/Tr-gl_704.jpg,glioma,Training,9932387a7271a5dae468881afaffd45c,train
data/Training/glioma/Tr-gl_295.jpg,glioma,Training,a728f00cc8b65bb6a32f72ea5d3bb5a2,train
data/Training/glioma/Tr-gl_946.jpg,glioma,Training,5eb1093915082129d1d05b479ded446b,train
data/Training/glioma/Tr-gl_1082.jpg,glioma,Training,e74e447804d1e84c2a497e8b15cc970c,train
data/Training/glioma/Tr-gl_1273.jpg,glioma,Training,c295da728731eac042fee8b4d23a0bca,train
data/Training/glioma/Tr-gl_808.jpg,glioma,Training,c275bdffcd4ae20166d9cc83cb77b043,test
data/Training/glioma/Tr-gl_886.jpg,glioma,Training,d4627c65dde002a8660221866158720d,train
data/Training/glioma/Tr-gl_1340.jpg,glioma,Training,4ecd2111ff544dbfc6f66e3581e33bdc,test
data/Training/glioma/Tr-gl_1062.jpg,glioma,Training,91f2ad07d2eea2b7d726e9cf3bdde846,train
data/Training/glioma/Tr-gl_687.jpg,glioma,Training,af2e028de16e3aa5172e27f1036ed7f3,val
data/Training/glioma/Tr-gl_215.jpg,glioma,Training,a33e1d283ac2608e659f362ec808e019,train
data/Training/glioma/Tr-gl_681.jpg,glioma,Training,bd065d667e04492364c5b85e354da8c8,train
data/Training/glioma/Tr-gl_1225.jpg,glioma,Training,df640b0ddcca12cf28668c418bed33aa,train
data/Training/glioma/Tr-gl_703.jpg,glioma,Training,3bc668a772d84c03194c6e395f23fb0e,train
data/Training/glioma/Tr-gl_599.jpg,glioma,Training,ac5b7229b5db68aa56df4e39e9b1e161,test
data/Training/glioma/Tr-gl_860.jpg,glioma,Training,98d46cae0a9d5fc1b3d7d03a69a3ee79,train
data/Training/glioma/Tr-gl_880.jpg,glioma,Training,5b20337632bc40ce45e95ca7301f1564,train
data/Training/glioma/Tr-gl_726.jpg,glioma,Training,02b75b946ab30111002e52c2570d6736,train
data/Training/glioma/Tr-gl_351.jpg,glioma,Training,c2fa4d8591488c623b048237b8fceed3,train
data/Training/glioma/Tr-gl_1161.jpg,glioma,Training,367adb8e2e7df2374683138e466154d5,train
data/Training/glioma/Tr-gl_153.jpg,glioma,Training,5249c47d0ffcc5960c2b8c7f4df114bf,train
data/Training/glioma/Tr-gl_831.jpg,glioma,Training,713d10af60419d343b3ca477e87524d4,train
data/Training/glioma/Tr-gl_1337.jpg,glioma,Training,d80004ed97bbfb5e71d327a0a258f55a,train
data/Training/glioma/Tr-gl_803.jpg,glioma,Training,8d6ca53b64a141ad6ab16487bf6801f6,train
data/Training/glioma/Tr-gl_109.jpg,glioma,Training,c2f7a019e5ced546b6e0e816fcff1a48,train
data/Training/glioma/Tr-gl_545.jpg,glioma,Training,e13a2df27314fb1a24b7f9a767ea8950,val
data/Training/glioma/Tr-gl_958.jpg,glioma,Training,efd2ad7a602ab0bf5449726cfb8c7a82,train
data/Training/glioma/Tr-gl_449.jpg,glioma,Training,86234ed8ae4864cf5838ee278ab02e4c,val
data/Training/glioma/Tr-gl_203.jpg,glioma,Training,a270fe6308298a91577912d0840cfd6d,train
data/Training/glioma/Tr-gl_695.jpg,glioma,Training,dd4e329c8e317ae22be23f255ad9999f,train
data/Training/glioma/Tr-gl_641.jpg,glioma,Training,6ae2c707dd020bd5b6896f241a43fe6f,train
data/Training/glioma/Tr-gl_1120.jpg,glioma,Training,823f7b371a16fcbff84090617c3b015e,train
data/Training/glioma/Tr-gl_835.jpg,glioma,Training,0124b09ce26b59ed44b81e571e709e39,train
data/Training/glioma/Tr-gl_888.jpg,glioma,Training,ed6c19c96641eaca69fa375fd013e93b,train
data/Training/glioma/Tr-gl_166.jpg,glioma,Training,d99ef9d7d166c503396e0315b042a189,train
data/Training/glioma/Tr-gl_9.jpg,glioma,Training,2c2d9f19bc9e3713411d9cd788be4b5e,test
data/Training/glioma/Tr-gl_1184.jpg,glioma,Training,94eb3e0f352b464545be95ed8a9bf059,train
data/Training/glioma/Tr-gl_1189.jpg,glioma,Training,d5af32eb1d19b5df01d73cbf9ccf5c22,train
data/Training/glioma/Tr-gl_784.jpg,glioma,Training,81e03ce6475bcd2e45abef5cd364b486,val
data/Training/glioma/Tr-gl_559.jpg,glioma,Training,3e44a76eaea8aef155d75338e9b67b3c,val
data/Training/glioma/Tr-gl_1280.jpg,glioma,Training,1c7eaea9b2d0f5bf45d87b2a529ad153,test
data/Training/glioma/Tr-gl_321.jpg,glioma,Training,1a0aacfcd821eb11096027e12ec93af9,train
data/Training/glioma/Tr-gl_530.jpg,glioma,Training,124fda5cb51c8b416ec14539361f7089,train
data/Training/glioma/Tr-gl_924.jpg,glioma,Training,4941b264db559d8ab1b88a7e7cf12e29,train
data/Training/glioma/Tr-gl_734.jpg,glioma,Training,821d28091781dcfceee4b5a005ac2806,val
data/Training/glioma/Tr-gl_884.jpg,glioma,Training,74420c07a2098a64c8dd874acdc9812c,test
data/Training/glioma/Tr-gl_1238.jpg,glioma,Training,05b79713b516f29cc8f2e295a35e54e4,train
data/Training/glioma/Tr-gl_878.jpg,glioma,Training,2aaeaa57953376226eb73b6dc9291363,train
data/Training/glioma/Tr-gl_379.jpg,glioma,Training,c893a63c178b38639ff233ec9b2bbea0,test
data/Training/glioma/Tr-gl_1092.jpg,glioma,Training,4435c186fc3e3ce2bc4ebed70469f5bd,test
data/Training/glioma/Tr-gl_925.jpg,glioma,Training,adbb27715ea4fbb5c1988972b1607266,train
data/Training/glioma/Tr-gl_838.jpg,glioma,Training,ec6e715ff8659036248849c5ea0c6aa9,train
data/Training/glioma/Tr-gl_1026.jpg,glioma,Training,ad687fcbab904759e88c6385e4b0fd51,test
data/Training/glioma/Tr-gl_686.jpg,glioma,Training,b0046a0582bb23eee9392157aec56043,train
data/Training/glioma/Tr-gl_380.jpg,glioma,Training,b8ccbe37e35a24c90a757c246c6d1077,val
data/Training/glioma/Tr-gl_778.jpg,glioma,Training,9790913f6fad6eb81c007eca925b8fba,test
data/Training/glioma/Tr-gl_1059.jpg,glioma,Training,12be804e544f87ab977106d6f5b0f8ad,test
data/Training/glioma/Tr-gl_69.jpg,glioma,Training,3d588df88b7884de29c9ba9bfea9772e,train
data/Training/glioma/Tr-gl_414.jpg,glioma,Training,634e608c06e99af114ed53945add032a,train
data/Training/glioma/Tr-gl_1272.jpg,glioma,Training,83380b6468696faacfb022ad46e8b6c2,val
data/Training/glioma/Tr-gl_1323.jpg,glioma,Training,d0f25b6b8b859104c76f0c9e033d8282,test
data/Training/glioma/Tr-gl_636.jpg,glioma,Training,9698d84a795c7f5c258d65273a93b453,train
data/Training/glioma/Tr-gl_961.jpg,glioma,Training,89aa4e904fc33e725d07855e35b2f382,val
data/Training/glioma/Tr-gl_774.jpg,glioma,Training,750200138eb8490262397857e3291fa3,train
data/Training/glioma/Tr-gl_117.jpg,glioma,Training,050f57fe301dbbd21b756461ecd83c34,train
data/Training/glioma/Tr-gl_1121.jpg,glioma,Training,f38b9715fda3a3d1ffb5609d684ad7e2,train
data/Training/glioma/Tr-gl_1042.jpg,glioma,Training,5eff39bd3672bdc771e9adee9d867afe,train
data/Training/glioma/Tr-gl_799.jpg,glioma,Training,fd2869efe75bf910210d02bf62285173,train
data/Training/glioma/Tr-gl_388.jpg,glioma,Training,d5ac00e60c72ef35b0df790e2812dce5,train
data/Training/glioma/Tr-gl_653.jpg,glioma,Training,b772861ffc8fdb0a255eb81abc56a41f,train
data/Training/glioma/Tr-gl_588.jpg,glioma,Training,4671f160696bc18cbe8c091d64d9b997,train
data/Training/glioma/Tr-gl_395.jpg,glioma,Training,f56106d2622db45e54201223b8d844e8,train
data/Training/glioma/Tr-gl_384.jpg,glioma,Training,a7b00541b31b4817dd44da65aaea7ea3,test
data/Training/glioma/Tr-gl_1049.jpg,glioma,Training,83ee3739cf0f6559983df2cc258fbae1,train
data/Training/glioma/Tr-gl_1114.jpg,glioma,Training,9adac23295ac52027507ba3a454dc66c,train
data/Training/glioma/Tr-gl_744.jpg,glioma,Training,30098901b369f6eac1f2648d416e3f19,train
data/Training/glioma/Tr-gl_745.jpg,glioma,Training,554ef94643c8842fa5972111c3c11a05,train
data/Training/glioma/Tr-gl_564.jpg,glioma,Training,3a0d34453927708a3f026b93df411204,train
data/Training/glioma/Tr-gl_1140.jpg,glioma,Training,ca2ee2a6f9a96e31c6fc7cf9eff0545f,train
data/Training/glioma/Tr-gl_843.jpg,glioma,Training,cf20dc19e7bfe5fe0d5ab5ff16325da3,train
data/Training/glioma/Tr-gl_607.jpg,glioma,Training,a39eb24cb10bae7905242006b79d649f,train
data/Training/glioma/Tr-gl_1241.jpg,glioma,Training,9c509dce3fc9fba98267affc85a2bfc1,train
data/Training/glioma/Tr-gl_1282.jpg,glioma,Training,40008d1aee2a38d8f36ee0e3b2a98be3,train
data/Training/glioma/Tr-gl_390.jpg,glioma,Training,6d716aa630f6470f118e5511ee84a80d,train
data/Training/glioma/Tr-gl_488.jpg,glioma,Training,998b069c97d3bc6fb6f9cb877d65c648,val
data/Training/glioma/Tr-gl_749.jpg,glioma,Training,20cfbfc54e13f2ebdcb96fe6abf21f8b,train
data/Training/glioma/Tr-gl_529.jpg,glioma,Training,beafc76a6285b044b8c429c98b462a9f,train
data/Training/glioma/Tr-gl_83.jpg,glioma,Training,c20ff03ed70840fd56281e3bb9b0496b,test
data/Training/glioma/Tr-gl_1023.jpg,glioma,Training,e0506c8d097328761030745e41fb7f21,train
data/Training/glioma/Tr-gl_1303.jpg,glioma,Training,1e0a20b970070b2195233e0ca08505a6,val
data/Training/glioma/Tr-gl_205.jpg,glioma,Training,3d51c4580050468395ccecbf84b80e3b,train
data/Training/glioma/Tr-gl_659.jpg,glioma,Training,8c7f90b0bceaf49001a8c12176b0f404,train
data/Training/glioma/Tr-gl_913.jpg,glioma,Training,197c732931e224b1e61f007df3845786,train
data/Training/glioma/Tr-gl_1368.jpg,glioma,Training,b9349277a127ca65900e37e3d5cccbd8,train
data/Training/glioma/Tr-gl_1352.jpg,glioma,Training,05763989c547e1e3b130dbdaa677bace,train
data/Training/glioma/Tr-gl_162.jpg,glioma,Training,ee9fc86baae4b272ef1b2bb4f4c739b3,train
data/Training/glioma/Tr-gl_951.jpg,glioma,Training,8caffa58a9d8b21fa1a160baff52a8f1,train
data/Training/glioma/Tr-gl_1116.jpg,glioma,Training,e4c342966c6c3bc6ae1ef8d36e869882,val
data/Training/glioma/Tr-gl_1002.jpg,glioma,Training,694b3b871069bfa8ca361482aeb16c93,train
data/Training/glioma/Tr-gl_4.jpg,glioma,Training,d76f62067a34d450620f9b989408a9a6,train
data/Training/glioma/Tr-gl_667.jpg,glioma,Training,eca977163cf264858263f93b2958f40a,train
data/Training/glioma/Tr-gl_88.jpg,glioma,Training,8fc84747dcbdecf23a131ac5ff66d2e8,train
data/Training/glioma/Tr-gl_322.jpg,glioma,Training,a575bf67d192ed3ecca97a2e28885a81,val
data/Training/glioma/Tr-gl_1131.jpg,glioma,Training,d27448e3c2c57f039eefbafb05fb77a8,train
data/Training/glioma/Tr-gl_809.jpg,glioma,Training,92c0e1084c73ce27244813986d752e0c,train
data/Training/glioma/Tr-gl_55.jpg,glioma,Training,bd3bb7bb800dc35f653fcc5faef6a8b4,train
data/Training/glioma/Tr-gl_206.jpg,glioma,Training,c69739980c01ff71a99f34bb181b9710,train
data/Training/glioma/Tr-gl_512.jpg,glioma,Training,baccdd9d1978bbad46b13a43fbbe9cc0,train
data/Training/glioma/Tr-gl_1035.jpg,glioma,Training,dd996457e60badbeeaea2dfc57bdf88b,train
data/Training/glioma/Tr-gl_1232.jpg,glioma,Training,7aa92122509cd90544c5be070a226a56,train
data/Training/glioma/Tr-gl_1310.jpg,glioma,Training,b9e15def954a04f4399c9e2227411a47,val
data/Training/glioma/Tr-gl_204.jpg,glioma,Training,1d64106abec76a7f95b236cb969f2763,val
data/Training/glioma/Tr-gl_326.jpg,glioma,Training,5604069e39088506844e3ff66dd75fde,train
data/Training/glioma/Tr-gl_105.jpg,glioma,Training,4463f384f1e3a5b4185abf696cb3c6b8,train
data/Training/glioma/Tr-gl_95.jpg,glioma,Training,d420d7b497de26d3616f21ce8bb3c9df,val
data/Training/glioma/Tr-gl_964.jpg,glioma,Training,768680543f065fea28db97da620880ad,test
data/Training/glioma/Tr-gl_1217.jpg,glioma,Training,5e94397f004b4a7a948e4d605aef5378,train
data/Training/glioma/Tr-gl_573.jpg,glioma,Training,653618dfd7dccf9f7f88769f4e706808,val
data/Training/glioma/Tr-gl_80.jpg,glioma,Training,634178fa20ef174bd2c37b836b0e87e2,train
data/Training/glioma/Tr-gl_877.jpg,glioma,Training,99584caec376d8e69ac411c106440515,train
data/Training/glioma/Tr-gl_944.jpg,glioma,Training,4ae210298624ce4c732f60b40cd69dfe,train
data/Training/glioma/Tr-gl_701.jpg,glioma,Training,0a95cdaf8fea811b575359b57c6588f2,train
data/Training/glioma/Tr-gl_717.jpg,glioma,Training,1c6dcbbdbea0a5780b8b8509418b09f8,train
data/Training/glioma/Tr-gl_731.jpg,glioma,Training,1eb74672542a70c5d2057c27ef13366c,train
data/Training/glioma/Tr-gl_310.jpg,glioma,Training,ba3c3fe82edaa128da3a45c56811f35f,train
data/Training/glioma/Tr-gl_781.jpg,glioma,Training,3d1051c4429fcb8cd0e70b5c31f169ca,train
data/Training/glioma/Tr-gl_883.jpg,glioma,Training,e09f2ae753e40784e32efbef6d88754e,train
data/Training/glioma/Tr-gl_752.jpg,glioma,Training,a16b74c7f85a0555a7b0bcc90f52a259,train
data/Training/glioma/Tr-gl_898.jpg,glioma,Training,b0c6ba5bd79d579b3acf399f6c00d068,train
data/Training/glioma/Tr-gl_345.jpg,glioma,Training,155811abdfffcc1b2ce9ad5ec9129e27,test
data/Training/glioma/Tr-gl_872.jpg,glioma,Training,0d7e19f30598f83f153721f56f184ae3,val
data/Training/glioma/Tr-gl_519.jpg,glioma,Training,06a1fc423d9b24873251dfd2ff3920a9,train
data/Training/glioma/Tr-gl_727.jpg,glioma,Training,60e72395e6f60f4f73df057bd7519f71,train
data/Training/glioma/Tr-gl_542.jpg,glioma,Training,b7627e12764100dfdb5ee38f4df94738,test
data/Training/glioma/Tr-gl_743.jpg,glioma,Training,3fee261120a228a78372cc573d234605,train
data/Training/glioma/Tr-gl_363.jpg,glioma,Training,be774a8a61c18b511c4794a3527999ef,train
data/Training/glioma/Tr-gl_110.jpg,glioma,Training,27b9289f930ee009fdfd0fae2ab7412a,train
data/Training/glioma/Tr-gl_1055.jpg,glioma,Training,2c8d44372b4661841a1464018bcca72e,train
data/Training/glioma/Tr-gl_579.jpg,glioma,Training,a918c9a0bf1685702268c71d8ca0a607,val
data/Training/glioma/Tr-gl_135.jpg,glioma,Training,e1aaaf38cbf00c1d3cb0d21cf3e0fcb8,train
data/Training/glioma/Tr-gl_1038.jpg,glioma,Training,7cb79a014aed05a6e36abc57eceb5b1b,val
data/Training/glioma/Tr-gl_118.jpg,glioma,Training,2b2f4427147c25896a54817c074e48ea,train
data/Training/glioma/Tr-gl_942.jpg,glioma,Training,341754e6f90e17203773924584ca70bf,train
data/Training/glioma/Tr-gl_1129.jpg,glioma,Training,0011137bca554550c9417eaab125e210,train
data/Training/glioma/Tr-gl_186.jpg,glioma,Training,0328fba2bf22c5e89699fc6ed2245f67,train
data/Training/glioma/Tr-gl_191.jpg,glioma,Training,2073e70102ff1fbfeaccba90783b340e,train
data/Training/glioma/Tr-gl_103.jpg,glioma,Training,02f595c9a0613273773fcb167a17e5df,train
data/Training/glioma/Tr-gl_514.jpg,glioma,Training,5a054a86328a686e5868df183c0fc9b3,train
data/Training/glioma/Tr-gl_392.jpg,glioma,Training,5c88435acf720ca6e2d4ac0e52eb4e99,train
data/Training/glioma/Tr-gl_941.jpg,glioma,Training,dec9df79d70df63cf2ddeef2888661ed,train
data/Training/glioma/Tr-gl_1333.jpg,glioma,Training,3ae604e9967d997a8c3b20b38a0fb3a5,train
data/Training/glioma/Tr-gl_133.jpg,glioma,Training,50f5b3aeb49c7cc0dfae43c89174ff40,test
data/Training/glioma/Tr-gl_934.jpg,glioma,Training,2d3d6355ed708597b4cdf888bc0ce494,val
data/Training/glioma/Tr-gl_1242.jpg,glioma,Training,74787bf423492d767fde078b2d5f103d,val
data/Training/glioma/Tr-gl_962.jpg,glioma,Training,e33295eb392b9008173f8b222dea114f,test
data/Training/glioma/Tr-gl_52.jpg,glioma,Training,ae243aed30bf5e5d68ca4948003709c6,test
data/Training/glioma/Tr-gl_1021.jpg,glioma,Training,87e7b17f46b7695f4f45178db424679c,train
data/Training/glioma/Tr-gl_814.jpg,glioma,Training,46fb07e328b2f851b5ff37470e456738,test
data/Training/glioma/Tr-gl_908.jpg,glioma,Training,7f06bc13ea592836b44d0afb0812dbd9,val
data/Training/glioma/Tr-gl_371.jpg,glioma,Training,f3df88e6ade1aac411df124b842bb776,val
data/Training/glioma/Tr-gl_472.jpg,glioma,Training,c2c276afd1a3902a38ba7bb00994459c,val
data/Training/glioma/Tr-gl_1069.jpg,glioma,Training,7ed70b21713463d6ac1312ebb014a0db,train
data/Training/glioma/Tr-gl_761.jpg,glioma,Training,9296c20bf944c7cd672ae9548ebd9433,test
data/Training/glioma/Tr-gl_46.jpg,glioma,Training,abc6bb80da34f030b88ab470e7e358b7,train
data/Training/glioma/Tr-gl_819.jpg,glioma,Training,f4e16f4fb62fd13fd57fb3e4594483e0,train
data/Training/glioma/Tr-gl_1392.jpg,glioma,Training,1fb19ef6cc5ff88d18b2645914217302,train
data/Training/glioma/Tr-gl_634.jpg,glioma,Training,1778e50cbd86c50909ceb53de9ad30b8,train
data/Training/glioma/Tr-gl_635.jpg,glioma,Training,dc09c45f9f2fe668446698d02070409e,val
data/Training/glioma/Tr-gl_302.jpg,glioma,Training,5737b87c294f712c6b6cf66a20af35fa,train
data/Training/glioma/Tr-gl_626.jpg,glioma,Training,4dbdd3a1dd48f9471a9286e07aa234ec,test
data/Training/glioma/Tr-gl_96.jpg,glioma,Training,6e091277380b7dabaf019498155bf0e9,train
data/Training/glioma/Tr-gl_1391.jpg,glioma,Training,7c13a92e9876865fb421275c22a2fd52,test
data/Training/glioma/Tr-gl_513.jpg,glioma,Training,395d0e38581162b9ff8ae6a1b95aaca5,train
data/Training/glioma/Tr-gl_652.jpg,glioma,Training,d968953a206cf82e26408ebff5f98fac,test
data/Training/glioma/Tr-gl_241.jpg,glioma,Training,410d883e6015f22fbf8285edbfc2f838,train
data/Training/glioma/Tr-gl_848.jpg,glioma,Training,88fcdd44f4cc5a5ef40c5323f758b69e,train
data/Training/glioma/Tr-gl_21.jpg,glioma,Training,7e451cfd4e4324aabb960c877efce642,train
data/Training/glioma/Tr-gl_1353.jpg,glioma,Training,1f1023b7d2d35070e8e37ffa9fa16292,val
data/Training/glioma/Tr-gl_443.jpg,glioma,Training,03b4852c3db9b34b4a375bf718bd16bc,val
data/Training/glioma/Tr-gl_1008.jpg,glioma,Training,2dfd98a077d127fb8c7e9f07e3408da7,test
data/Training/glioma/Tr-gl_367.jpg,glioma,Training,66d49abde1c10364f06d75dcf564165a,train
data/Training/glioma/Tr-gl_705.jpg,glioma,Training,54aeb69aeac8a86a8d4eee43172ef363,train
data/Training/glioma/Tr-gl_182.jpg,glioma,Training,aaee59a36d7a8eb209951c6c6bf9da5a,test
data/Training/glioma/Tr-gl_885.jpg,glioma,Training,ed8ec48c051a513e352c58ffc7c5efd2,train
data/Training/glioma/Tr-gl_1342.jpg,glioma,Training,1b5d52a9578ec0f931854f164ba99390,train
data/Training/glioma/Tr-gl_1382.jpg,glioma,Training,d40757ff7be6e584ab10a3415aa5f80b,train
data/Training/glioma/Tr-gl_15.jpg,glioma,Training,6e682d643b361f0fb64bf4e3d3a6342c,train
data/Training/glioma/Tr-gl_1203.jpg,glioma,Training,fdebb7a26881d5724c01b5275857c9ad,train
data/Training/glioma/Tr-gl_605.jpg,glioma,Training,4fed17e709820666e38fa94f8d55a7d2,test
data/Training/glioma/Tr-gl_485.jpg,glioma,Training,d9fcafafe3d6e3c7a45c55825161c6d6,train
data/Training/glioma/Tr-gl_763.jpg,glioma,Training,0ff5e4035be00123d3c41af5c5b62f7d,test
data/Training/glioma/Tr-gl_41.jpg,glioma,Training,be10ffd473ed3baae7578d4b32aeacd8,test
data/Training/glioma/Tr-gl_1179.jpg,glioma,Training,1d287609c73b16e66059e44dbb4ea522,train
data/Training/glioma/Tr-gl_916.jpg,glioma,Training,04946e3d99618da61182b598674fdfd6,test
data/Training/glioma/Tr-gl_233.jpg,glioma,Training,6efeeb94f5faf256dd37e9fe42606691,train
data/Training/glioma/Tr-gl_637.jpg,glioma,Training,6e1dbd82c3c22a93b1d0ba13c6d4dfdb,train
data/Training/glioma/Tr-gl_393.jpg,glioma,Training,2ce7c246614f43956020079e43f810ae,train
data/Training/glioma/Tr-gl_318.jpg,glioma,Training,1bf3741b13da10c0a635dcc6c78d9efa,train
data/Training/glioma/Tr-gl_20.jpg,glioma,Training,481f18d7d3eb1bfc3b90978ed7406bba,test
data/Training/glioma/Tr-gl_965.jpg,glioma,Training,6c16b438ebad73a20126ec8c70b20b93,train
data/Training/glioma/Tr-gl_339.jpg,glioma,Training,b702e51dc0f8bfa239963721e8412df7,train
data/Training/glioma/Tr-gl_324.jpg,glioma,Training,d3292a7c6d0a98080f376d6d56c5956a,train
data/Training/glioma/Tr-gl_711.jpg,glioma,Training,5e3d548f792371054b141ab4528aac27,train
data/Training/glioma/Tr-gl_29.jpg,glioma,Training,ab70490ea72451f229179f95148e11c8,val
data/Training/glioma/Tr-gl_250.jpg,glioma,Training,385fbcf667cab44a5ce1861818333006,train
data/Training/glioma/Tr-gl_334.jpg,glioma,Training,711a5404bf73eab70fcd2e7f91be86c4,train
data/Training/glioma/Tr-gl_807.jpg,glioma,Training,80394613e935ab12286131d4856182d4,val
data/Training/glioma/Tr-gl_968.jpg,glioma,Training,0df518fa89187ba2e5152a99c0425708,train
data/Training/glioma/Tr-gl_468.jpg,glioma,Training,d6d5ecd9f5a9475a046f8f0b0fdbceca,train
data/Training/glioma/Tr-gl_1267.jpg,glioma,Training,cac98190701c6d9424ab748a12f99cef,val
data/Training/glioma/Tr-gl_475.jpg,glioma,Training,40687e2f9c008d842b8b7d43737ffbc6,val
data/Training/glioma/Tr-gl_1013.jpg,glioma,Training,56a463f09fd9a98b96ea8f0370a19e17,train
data/Training/glioma/Tr-gl_572.jpg,glioma,Training,c4d87678a9b0fcf36ea4fe6437209dc0,test
data/Training/glioma/Tr-gl_1169.jpg,glioma,Training,38856ac9f0383a560e00f7d49c5dffa0,train
data/Training/glioma/Tr-gl_1033.jpg,glioma,Training,84325250a00cbea06375139b46e93616,train
data/Training/glioma/Tr-gl_422.jpg,glioma,Training,a845a7cb9594a699fe6de27f7e05d1c1,test
data/Training/glioma/Tr-gl_575.jpg,glioma,Training,e19e775c6fbf5198cbbbc6f596faa3d5,train
data/Training/glioma/Tr-gl_1376.jpg,glioma,Training,f720184a2ee549681bbc41f7d3c2e68d,train
data/Training/glioma/Tr-gl_1322.jpg,glioma,Training,b750ca3968a5b2d68439cc40839e6d59,train
data/Training/glioma/Tr-gl_286.jpg,glioma,Training,c856ab37460d4455267d094219674df8,val
data/Training/glioma/Tr-gl_645.jpg,glioma,Training,5e9e817e097601bbff4805611824815d,train
data/Training/glioma/Tr-gl_460.jpg,glioma,Training,89933b4fec05ed14a278ead865295507,train
data/Training/glioma/Tr-gl_1130.jpg,glioma,Training,8748f871f8ebd483b1c87ae8a789a2e7,val
data/Training/glioma/Tr-gl_1068.jpg,glioma,Training,f3aceb5493367d8ebc9984677d0c379f,test
data/Training/glioma/Tr-gl_427.jpg,glioma,Training,78d5b9cf36c0ba68a72c6163990351b1,train
data/Training/glioma/Tr-gl_688.jpg,glioma,Training,22e2a516a1ff86b23eff48c6b06e2a56,train
data/Training/glioma/Tr-gl_1051.jpg,glioma,Training,2b9ac51441d71267c14483f85ec99ca0,val
data/Training/glioma/Tr-gl_1318.jpg,glioma,Training,1e2140eb3c0ae0a043269ac9eb0f7d5f,test
data/Training/glioma/Tr-gl_1108.jpg,glioma,Training,86bf090bd8d71e3d68d2abcf060a29e6,train
data/Training/glioma/Tr-gl_1249.jpg,glioma,Training,525e322ce9051c864c78abfb9671fa6d,test
data/Training/glioma/Tr-gl_670.jpg,glioma,Training,9433d5c0128eff59347c21e764fb2402,val
data/Training/glioma/Tr-gl_492.jpg,glioma,Training,972cdaed100c7eae12ac609300345bf9,val
data/Training/glioma/Tr-gl_593.jpg,glioma,Training,f73049f8ccb7051247a758e26257c90c,train
data/Training/glioma/Tr-gl_242.jpg,glioma,Training,77fe9647a1d0f8eb9a87ec78f8916312,val
data/Training/glioma/Tr-gl_1030.jpg,glioma,Training,4bb4ae13ef152e84c2ae9ed2416411cf,train
data/Training/glioma/Tr-gl_1044.jpg,glioma,Training,9aa9729f4a7bfcd7752b8017ec207383,train
data/Training/glioma/Tr-gl_617.jpg,glioma,Training,7d4bbcafb76fa13873753a131de4f0f4,test
data/Training/glioma/Tr-gl_783.jpg,glioma,Training,895ef0bdd93ffa7f0f39f8ae84fa6c5e,train
data/Training/glioma/Tr-gl_335.jpg,glioma,Training,f6f16986d3809e21c957b87c2e1cd92c,train
data/Training/glioma/Tr-gl_409.jpg,glioma,Training,a8cbe09900ddbc0481298fa2ce536163,train
data/Training/glioma/Tr-gl_907.jpg,glioma,Training,355a45c5a0deba094f4637b2c3a4506f,train
data/Training/glioma/Tr-gl_629.jpg,glioma,Training,dbbd05a5942d3b8bcf3c2fe6f77a693c,train
data/Training/glioma/Tr-gl_1103.jpg,glioma,Training,367f714faf81c46897e6b9899a1bebb1,train
data/Training/glioma/Tr-gl_1348.jpg,glioma,Training,b23cdbe82f63fc7ecdeac5774c2de12e,train
data/Training/glioma/Tr-gl_59.jpg,glioma,Training,2824238a9e76d945b74666c937c34768,train
data/Training/glioma/Tr-gl_794.jpg,glioma,Training,d9bd436d416ec3197eaf52e28113db19,train
data/Training/glioma/Tr-gl_378.jpg,glioma,Training,d9635df5d3ff5aa7a2d0d438eef40021,train
data/Training/glioma/Tr-gl_552.jpg,glioma,Training,7090c46484cde24e5029bde13e3efbb6,train
data/Training/glioma/Tr-gl_484.jpg,glioma,Training,fbba47cf4459658808fd36afb448380b,train
data/Training/glioma/Tr-gl_127.jpg,glioma,Training,639f2e91a4420469392a9e1628336d2d,train
data/Training/glioma/Tr-gl_1234.jpg,glioma,Training,2dd256f1d8cda4d010df6feff92db7ec,train
data/Training/glioma/Tr-gl_1307.jpg,glioma,Training,da1c66d5c8ba61811f257657ab8cb229,train
data/Training/glioma/Tr-gl_355.jpg,glioma,Training,689d6670508891f31fab3749cc07becb,train
data/Training/glioma/Tr-gl_1311.jpg,glioma,Training,b2b2ba3ec72a4549b6d050b3f17da93b,train
data/Training/glioma/Tr-gl_576.jpg,glioma,Training,59ed2b9eef9e853ae1bee13cd4c9ac29,train
data/Training/glioma/Tr-gl_502.jpg,glioma,Training,eafd7b23dd504aab8eab53f3be8b9880,train
data/Training/glioma/Tr-gl_660.jpg,glioma,Training,1776fcead93ab7ca56ade07eaa5b0e56,val
data/Training/glioma/Tr-gl_1359.jpg,glioma,Training,41681b5358f7d85342a552582b4f302f,train
data/Training/glioma/Tr-gl_1286.jpg,glioma,Training,4c064d29058742a91ffb49a2599b948b,val
data/Training/glioma/Tr-gl_156.jpg,glioma,Training,4990777e0d5c238e09503a9eaa02baf4,train
data/Training/glioma/Tr-gl_922.jpg,glioma,Training,54e544a966743c4962c0f5b80693d859,test
data/Training/glioma/Tr-gl_234.jpg,glioma,Training,3763e86ffcaa5c90a7e3742e7d0948d0,test
data/Training/glioma/Tr-gl_470.jpg,glioma,Training,c68c0952e00e4f65d8d65bc3829329b5,val
data/Training/glioma/Tr-gl_827.jpg,glioma,Training,02727914e9d2298c69a1661558686377,test
data/Training/glioma/Tr-gl_1361.jpg,glioma,Training,bc645ce629ccbf1666287065466fb1d4,test
data/Training/glioma/Tr-gl_868.jpg,glioma,Training,85faf8d547c52d8718ba161ec3c7801f,val
data/Training/glioma/Tr-gl_99.jpg,glioma,Training,6c2bb8f1d546c766a10ae079c6ce5f02,train
data/Training/glioma/Tr-gl_236.jpg,glioma,Training,ac065240d1c32dfea064142bbfcaa2b7,train
data/Training/glioma/Tr-gl_539.jpg,glioma,Training,ee27da38d5dfe88848d74af0581bd6cb,test
data/Training/glioma/Tr-gl_101.jpg,glioma,Training,29ff351bcc1ea9fbe733565b2d2feefa,train
data/Training/glioma/Tr-gl_1084.jpg,glioma,Training,f750b8a047b36b80bfc2b66717fbec0c,test
data/Training/glioma/Tr-gl_466.jpg,glioma,Training,4a46f76bd2fe9883020154cf977bc094,train
data/Training/glioma/Tr-gl_240.jpg,glioma,Training,452d1a4baf02c50532e8a6addb317c2f,train
data/Training/glioma/Tr-gl_18.jpg,glioma,Training,aedb4ea4fc41a3ebf46031fe0d10c58e,train
data/Training/glioma/Tr-gl_729.jpg,glioma,Training,8c895e1b0ee6e544b6cb005eea00939b,test
data/Training/glioma/Tr-gl_451.jpg,glioma,Training,0168f21a29b0241f37628f6f05195c11,train
data/Training/glioma/Tr-gl_785.jpg,glioma,Training,c68bd36a49ec513f06b6eb9ab2ea875d,train
data/Training/glioma/Tr-gl_51.jpg,glioma,Training,83d3f45ce3aa66793159fe843428cfdb,train
data/Training/glioma/Tr-gl_1304.jpg,glioma,Training,34fb59ada9675a98073755b65a4e45c1,train
data/Training/glioma/Tr-gl_261.jpg,glioma,Training,1e719631205a7e5695df603289750745,val
data/Training/glioma/Tr-gl_433.jpg,glioma,Training,1ed11ac36bacf7e0c3956dbb7fc9672c,train
data/Training/glioma/Tr-gl_847.jpg,glioma,Training,b9f11518430a3df60225f3760646eeb7,train
data/Training/glioma/Tr-gl_982.jpg,glioma,Training,535932aa4d7baed43443cc8bd0e8172a,train
data/Training/glioma/Tr-gl_1296.jpg,glioma,Training,753ae7a81d034c0cca7ac0f2b3cee107,train
data/Training/glioma/Tr-gl_1028.jpg,glioma,Training,796c9bf7045723582316978af6a1c395,train
data/Training/glioma/Tr-gl_317.jpg,glioma,Training,d629102fe6e924e16e5fd2e770412c1d,test
data/Training/glioma/Tr-gl_1215.jpg,glioma,Training,2cee414d39dca89a5a18389964fb7c68,train
data/Training/glioma/Tr-gl_1308.jpg,glioma,Training,ac99e8993a7b4408d61d4101b40859bf,train
data/Training/glioma/Tr-gl_839.jpg,glioma,Training,87c7860a92483f4a1b98cf1599427cbf,val
data/Training/glioma/Tr-gl_1064.jpg,glioma,Training,5d4db510d896a09cec1f182ff96ca665,train
data/Training/glioma/Tr-gl_1016.jpg,glioma,Training,365b0703c49421f1febb36607c4d76e8,train
data/Training/glioma/Tr-gl_1091.jpg,glioma,Training,0cf14e390cc3211f9212c2efb64cb535,test
data/Training/glioma/Tr-gl_481.jpg,glioma,Training,c3f2e98e230cb2740e612c476f99363d,val
data/Training/glioma/Tr-gl_1165.jpg,glioma,Training,53362d2e942dc084bf9b237cdfd52a12,val
data/Training/glioma/Tr-gl_780.jpg,glioma,Training,2fe2f2e4c9923838fcc16957f72aa69b,train
data/Training/glioma/Tr-gl_70.jpg,glioma,Training,fd3303aef1586194904306672bc42d95,train
data/Training/glioma/Tr-gl_130.jpg,glioma,Training,109d87a327fafbdc031e03bd3551b915,train
data/Training/glioma/Tr-gl_887.jpg,glioma,Training,b1c2c7ac142d4d73ecdd5492992fdc86,train
data/Training/glioma/Tr-gl_366.jpg,glioma,Training,778c52d7d11bbdbfaa3b9f3ec35b8615,train
data/Training/glioma/Tr-gl_947.jpg,glioma,Training,3634c60246ad4199b09bb38ff6ba22b4,val
data/Training/glioma/Tr-gl_601.jpg,glioma,Training,7de08ef698d7733186b4fce7f067149a,train
data/Training/glioma/Tr-gl_691.jpg,glioma,Training,b4cad0f3f314a07673d15272fe02cd97,train
data/Training/glioma/Tr-gl_773.jpg,glioma,Training,89f113a43bebeba00cc53d9fe656b889,train
data/Training/glioma/Tr-gl_627.jpg,glioma,Training,ab6affba327cc9d05b9f958aed704d9b,train
data/Training/glioma/Tr-gl_892.jpg,glioma,Training,ec55501154dc336e69075b958fa5e3a0,train
data/Training/glioma/Tr-gl_331.jpg,glioma,Training,e18f0d53a42f084be05b45dd8267a91c,val
data/Training/glioma/Tr-gl_689.jpg,glioma,Training,d857ae841f5ca6b68a6b4c3f3af611bc,val
data/Training/glioma/Tr-gl_1314.jpg,glioma,Training,1ba7a2ca4051b379c50cc45d82deaa7f,train
data/Training/glioma/Tr-gl_431.jpg,glioma,Training,358e5b5e02c9a45c83f544a40ecc256c,train
data/Training/glioma/Tr-gl_788.jpg,glioma,Training,d467ac4acda6799e2bbe7bb684e63867,train
data/Training/glioma/Tr-gl_107.jpg,glioma,Training,6dff7dfebc3da48b65a287808a2c49cc,train
data/Training/glioma/Tr-gl_1170.jpg,glioma,Training,131f273f088d24b370af2eed4c6b72d5,train
data/Training/glioma/Tr-gl_17.jpg,glioma,Training,07339f1e688eceebd317b0831e9e184d,train
data/Training/glioma/Tr-gl_32.jpg,glioma,Training,ec563656d1c702dfc7aebc513b1b5619,train
data/Training/glioma/Tr-gl_279.jpg,glioma,Training,088ef286380c133738564ede5d3d71bd,test
data/Training/glioma/Tr-gl_926.jpg,glioma,Training,2f3dad6ab2c7819aed98172ea00c8fb5,train
data/Training/glioma/Tr-gl_1240.jpg,glioma,Training,57df7baf18653176b65b8717300fe73d,train
data/Training/glioma/Tr-gl_1366.jpg,glioma,Training,e5034edff4416d5e7c959f44ede969df,train
data/Training/glioma/Tr-gl_728.jpg,glioma,Training,143148ed6d625c2f99e280a774bf9944,train
data/Training/glioma/Tr-gl_63.jpg,glioma,Training,287b053c9ff68e910d12b8febe4281a1,train
data/Training/glioma/Tr-gl_496.jpg,glioma,Training,31d706c92ec197b36e105e20b505bb88,train
data/Training/glioma/Tr-gl_75.jpg,glioma,Training,dd41b1f1b7dcc99b924193d719a6f67b,train
data/Training/glioma/Tr-gl_463.jpg,glioma,Training,061d85aae9bf11fcc368152ea9b7925e,test
data/Training/glioma/Tr-gl_283.jpg,glioma,Training,9018c43adee3e5bd7313754283984b52,test
data/Training/glioma/Tr-gl_154.jpg,glioma,Training,7b770766b44cd7106c0cb4985e23daf1,train
data/Training/glioma/Tr-gl_192.jpg,glioma,Training,846a6f49563642bf634230d81f17ab15,train
data/Training/glioma/Tr-gl_584.jpg,glioma,Training,aa62da2a440d80ce2601ee830bf70f5d,train
data/Training/glioma/Tr-gl_1346.jpg,glioma,Training,a27b66489cc420514adca119ad907d23,train
data/Training/glioma/Tr-gl_1216.jpg,glioma,Training,968e524c69223d0a83c7a27a62d0051f,train
data/Training/glioma/Tr-gl_829.jpg,glioma,Training,cc9c94c4fd024a1bfe79a506f5c20750,val
data/Training/glioma/Tr-gl_1378.jpg,glioma,Training,2a124d08d275c54506a10c3534982747,train
data/Training/glioma/Tr-gl_766.jpg,glioma,Training,de2c18eb8bfa5a6760ba6e470d281530,train
data/Training/glioma/Tr-gl_938.jpg,glioma,Training,703e9435514800cdcdad440ef2206ca7,train
data/Training/glioma/Tr-gl_662.jpg,glioma,Training,6c5adae0e07db98eee06c9c77877911e,test
data/Training/glioma/Tr-gl_1136.jpg,glioma,Training,fcb1e5534634d9ac3e747ec1756ce14b,train
data/Training/glioma/Tr-gl_606.jpg,glioma,Training,9a292cee63ac2bdb13cac1f668c8e3bd,val
data/Training/glioma/Tr-gl_1250.jpg,glioma,Training,bfd2ea2c91425392a09030f25f8f3d8d,val
data/Training/glioma/Tr-gl_167.jpg,glioma,Training,5cc3eb4dcfe35e5e07dc82c49c4cd121,train
data/Training/glioma/Tr-gl_437.jpg,glioma,Training,1076de103f7f1242be3e6ca5d74efda9,train
data/Training/glioma/Tr-gl_1208.jpg,glioma,Training,b43433569302452119526b2eef4b1b6a,train
data/Training/glioma/Tr-gl_998.jpg,glioma,Training,f8b331b5a224cf4913a7b3e1afa4958a,train
data/Training/glioma/Tr-gl_1063.jpg,glioma,Training,1505a5ca0888a8a3dcb9b21052bf13dc,val
data/Training/glioma/Tr-gl_1328.jpg,glioma,Training,f06277fd7bab4096abff8b5a4c8485d0,train
data/Training/glioma/Tr-gl_1032.jpg,glioma,Training,024e9173b80634bb38138258fbe90c08,train
data/Training/glioma/Tr-gl_223.jpg,glioma,Training,32e98968639e718db496ee398b2d33d2,train
data/Training/glioma/Tr-gl_11.jpg,glioma,Training,a4c1cf51dd705cdbed36df063e1c8eb0,train
data/Training/glioma/Tr-gl_1351.jpg,glioma,Training,b726430a21a07672193ca6d48ec6fda3,train
data/Training/glioma/Tr-gl_1196.jpg,glioma,Training,6af921a7fe7e15212639438203663191,val
data/Training/glioma/Tr-gl_723.jpg,glioma,Training,de93c79e40d3265c49aa78362c4c38df,train
data/Training/glioma/Tr-gl_845.jpg,glioma,Training,8d60a7a1b074ef370aea057b72feca03,train
data/Training/glioma/Tr-gl_571.jpg,glioma,Training,d669ac22f6425feb5df4264a95bb28fe,train
data/Training/glioma/Tr-gl_751.jpg,glioma,Training,2c642dbed7515026f7a3d6fa38a18cce,test
data/Training/glioma/Tr-gl_867.jpg,glioma,Training,57584868f531b9735988114034bf3c9c,train
data/Training/glioma/Tr-gl_902.jpg,glioma,Training,7033092f32c9d72de7fd482263f2d628,val
data/Training/glioma/Tr-gl_931.jpg,glioma,Training,70cc51ef7d807aebcda0ed08576178f6,train
data/Training/glioma/Tr-gl_732.jpg,glioma,Training,3090d83a99e08bf14c568f547f6550b7,train
data/Training/glioma/Tr-gl_12.jpg,glioma,Training,8d39f2a9c25a3041eb65acae4a1bce59,train
data/Training/glioma/Tr-gl_276.jpg,glioma,Training,d6e26a5a54936811a39dd2621a636c2e,train
data/Training/glioma/Tr-gl_372.jpg,glioma,Training,30ddce07f26673deea776b8e6d654a45,train
data/Training/glioma/Tr-gl_19.jpg,glioma,Training,301b242b5e4190c52a9dc5ace4cafe7a,train
data/Training/glioma/Tr-gl_336.jpg,glioma,Training,25f030e0ad33e4298930a2e87eff8d6d,test
data/Training/glioma/Tr-gl_161.jpg,glioma,Training,77b501c8f8412d4d2a00596b8a8603db,train
data/Training/glioma/Tr-gl_94.jpg,glioma,Training,15f6518d8526393665c027cc66e31e94,train
data/Training/glioma/Tr-gl_981.jpg,glioma,Training,57e78899a682ea9673243bfc5b2b299f,train
data/Training/glioma/Tr-gl_523.jpg,glioma,Training,04c4eb47a6f8f606b9ed98509c6b25e5,train
data/Training/glioma/Tr-gl_755.jpg,glioma,Training,102fac7b189a8b593c337c981b232dde,val
data/Training/glioma/Tr-gl_1292.jpg,glioma,Training,cfdf1fcb16ff24a550aa90d70bf2c79f,val
data/Training/glioma/Tr-gl_793.jpg,glioma,Training,6ac1fcadb3ada577b281905f878f152a,test
data/Training/glioma/Tr-gl_1200.jpg,glioma,Training,80c5e8d0700d566a609365414c7dbc3f,train
data/Training/glioma/Tr-gl_1293.jpg,glioma,Training,7a3ed938815f1ad39db8fd8dfc290e1d,test
data/Training/glioma/Tr-gl_1089.jpg,glioma,Training,931ef1f90e2ebd143e54c7b16bcbcdaf,test
data/Training/glioma/Tr-gl_1347.jpg,glioma,Training,10761aa29dcd68cd82dfd1a12d64a844,val
data/Training/glioma/Tr-gl_721.jpg,glioma,Training,8fc35082e01f14c577eb68f3336b4ec8,train
data/Training/glioma/Tr-gl_138.jpg,glioma,Training,b56c75d1a67f7049c8dfa8afeac94a8e,train
data/Training/glioma/Tr-gl_1117.jpg,glioma,Training,b3bdb0d65c9772407ba8eb2d25289f41,train
data/Training/glioma/Tr-gl_348.jpg,glioma,Training,e7cddf8bad7c6995fdcd04d61d74f917,train
data/Training/glioma/Tr-gl_1039.jpg,glioma,Training,f357dfc89db2393ee5428849e0b51fc6,train
data/Training/glioma/Tr-gl_1291.jpg,glioma,Training,a5e37bea38038a0b0d52619d049a9379,train
data/Training/glioma/Tr-gl_1020.jpg,glioma,Training,1e6a4c07c297b43bff682cfb5adf0878,train
data/Training/glioma/Tr-gl_865.jpg,glioma,Training,bd8e4bf13a4055762827fa8401fcd7e5,train
data/Training/glioma/Tr-gl_558.jpg,glioma,Training,94ee439b3f8509e898a3cd2c992565cb,train
data/Training/glioma/Tr-gl_779.jpg,glioma,Training,0dcaf64e81f7cffb97a671ef720c31b4,train
data/Training/glioma/Tr-gl_1362.jpg,glioma,Training,f4697c7efd6a161d8d1118d324cbae58,train
data/Training/glioma/Tr-gl_753.jpg,glioma,Training,1145e290a3bdb587613f11aee044f19b,train
data/Training/glioma/Tr-gl_608.jpg,glioma,Training,e06f8340ddfabefd009181700ff687e5,train
data/Training/glioma/Tr-gl_621.jpg,glioma,Training,9dd3afc0e4dff31e5dab4fcc707b42c8,train
data/Training/glioma/Tr-gl_325.jpg,glioma,Training,0e16c9155b8dcb3e07f9a9fffbf43edd,train
data/Training/glioma/Tr-gl_382.jpg,glioma,Training,8e337ab28d3569b9738db0cfd741ec56,test
data/Training/glioma/Tr-gl_1056.jpg,glioma,Training,f9e24a20af085257c6bda86e7ddd64d9,test
data/Training/glioma/Tr-gl_176.jpg,glioma,Training,e43e4c3c634ff49654526c6b154c6275,train
data/Training/glioma/Tr-gl_333.jpg,glioma,Training,c55f36317b53547a4b2597c5ff3e0d8a,train
data/Training/glioma/Tr-gl_100.jpg,glioma,Training,8b18dbadbcf736badd7726203dc9dbd3,train
data/Training/glioma/Tr-gl_666.jpg,glioma,Training,4be69c4c78de1d1bbffbd31ac8d251ef,train
data/Training/glioma/Tr-gl_671.jpg,glioma,Training,d7e5c8ce57868d46ea5c5fb69511bcc6,train
data/Training/glioma/Tr-gl_446.jpg,glioma,Training,e8979f6806dca61aaa95169f0c48a699,train
data/Training/glioma/Tr-gl_239.jpg,glioma,Training,2e32c1e1d4cdf250709f351420688996,train
data/Training/glioma/Tr-gl_1300.jpg,glioma,Training,8ef6b3f5160ef787948291242690e4f5,val
data/Training/glioma/Tr-gl_49.jpg,glioma,Training,a926245325befe1eb61552593b76128e,train
data/Training/glioma/Tr-gl_1243.jpg,glioma,Training,c718e113722965ba7f5eb82b937886fd,train
data/Training/glioma/Tr-gl_1164.jpg,glioma,Training,04518ed13cbd7cf4edb407cde063ace7,train
data/Training/glioma/Tr-gl_308.jpg,glioma,Training,4187fb8624704e65cc892a4c447f9ffd,val
data/Training/glioma/Tr-gl_986.jpg,glioma,Training,6fa0c93285bf336223aac3af207bffd3,train
data/Training/glioma/Tr-gl_537.jpg,glioma,Training,5dc31bf4935e0593ebd4831ce1bbf9ea,val
data/Training/glioma/Tr-gl_855.jpg,glioma,Training,b1e280e0a688fce355f64c6613aa4e80,train
data/Training/glioma/Tr-gl_612.jpg,glioma,Training,b55616604ecc21cc4814c4879dfb0634,val
data/Training/glioma/Tr-gl_270.jpg,glioma,Training,5171285f680beeb4da9b8b48ba150a6b,train
data/Training/glioma/Tr-gl_1339.jpg,glioma,Training,27742d339d19821fd00cc5953bebd120,train
data/Training/glioma/Tr-gl_441.jpg,glioma,Training,96bb3ce431a6728e3b36e403d945ca54,val
data/Training/glioma/Tr-gl_259.jpg,glioma,Training,289f7254eaecf0b2b16b1f9c6c41caa6,train
data/Training/glioma/Tr-gl_327.jpg,glioma,Training,40032468995442f800a5f1dab61c8cf1,train
data/Training/glioma/Tr-gl_237.jpg,glioma,Training,d23a8e837df991a67fc07abbda39f2b9,train
data/Training/glioma/Tr-gl_1162.jpg,glioma,Training,5d45c7d25b878062813be28999ea7056,train
data/Training/glioma/Tr-gl_1173.jpg,glioma,Training,bcf7a06755149b50a859e1dbaba7a9f8,train
data/Training/glioma/Tr-gl_515.jpg,glioma,Training,4b908221216c7f8b4a1ca5cdd7859d65,test
data/Training/glioma/Tr-gl_1289.jpg,glioma,Training,0db153318c440a02e5fec74dd0bea5c3,train
data/Training/glioma/Tr-gl_76.jpg,glioma,Training,0ad3cea0fcc79d7584ed9a7ab8728980,train
data/Training/glioma/Tr-gl_690.jpg,glioma,Training,86a35fd1c4c78d1aeb02efb20504dc6e,test
data/Training/glioma/Tr-gl_698.jpg,glioma,Training,8c87b3e5ae3a10e1f4d8b1fd3adf419d,train
data/Training/glioma/Tr-gl_1254.jpg,glioma,Training,7a370efec7e8892da5d0c2be9a149ad1,val
data/Training/glioma/Tr-gl_694.jpg,glioma,Training,6ee9a4ede9268d3458c907efee136fb9,train
data/Training/glioma/Tr-gl_1174.jpg,glioma,Training,95b9555d3c6f41283680a7d278e564ec,test
data/Training/glioma/Tr-gl_212.jpg,glioma,Training,e5bee365c8a1670630c5f3dcc4361e39,train
data/Training/glioma/Tr-gl_271.jpg,glioma,Training,62bd99fed476540904cdb2206cd5ce06,train
data/Training/glioma/Tr-gl_977.jpg,glioma,Training,2afbf65ce1502f2a67e58c298d30592a,train
data/Training/glioma/Tr-gl_786.jpg,glioma,Training,7e73b54c99ab247838a4aa04665bd666,train
data/Training/glioma/Tr-gl_124.jpg,glioma,Training,2af254ec034d326afbb592a442df9b4f,train
data/Training/glioma/Tr-gl_1262.jpg,glioma,Training,5b01ca6e34dcbdae5c29605914c9782e,val
data/Training/glioma/Tr-gl_1387.jpg,glioma,Training,b73e37d87d6209df304e84ab36ac24a0,train
data/Training/glioma/Tr-gl_890.jpg,glioma,Training,c16ce804bd2de418a3b2740807e69903,test
data/Training/glioma/Tr-gl_227.jpg,glioma,Training,12de1cf81baff27873b396af4df38e47,train
data/Training/glioma/Tr-gl_188.jpg,glioma,Training,8e2894eec1b4572e6fbe1991145fa099,train
data/Training/glioma/Tr-gl_221.jpg,glioma,Training,1b51b4b891dc858aece8cb6f84d880a6,val
data/Training/glioma/Tr-gl_748.jpg,glioma,Training,9e4aaee7dd9354b7b7b79c2b2653fcf7,train
data/Training/glioma/Tr-gl_862.jpg,glioma,Training,ca5d38b8b3703e382bfcc8b9f23c727e,train
data/Training/glioma/Tr-gl_871.jpg,glioma,Training,a38addebbd729c4ff182d4462d673188,train
data/Training/glioma/Tr-gl_131.jpg,glioma,Training,66d0f5cdef4d2b26da69f679f88e8569,train
data/Training/glioma/Tr-gl_1142.jpg,glioma,Training,6fd2f726b2e8b0bc3e7ba77e3c608702,train
data/Training/glioma/Tr-gl_910.jpg,glioma,Training,db47a31d3d86de37895c0ef067d4ae35,train
data/Training/glioma/Tr-gl_565.jpg,glioma,Training,c524faa16bb2217746955c35f1ecdd20,val
data/Training/glioma/Tr-gl_1330.jpg,glioma,Training,609a73a8fb8c93d7cb2b353a5a165c21,train
data/Training/glioma/Tr-gl_108.jpg,glioma,Training,b087afb6b705a1a7052046d1e1c62c41,val
data/Training/glioma/Tr-gl_299.jpg,glioma,Training,c1c66dd349da9e05beb346dd5c40eb8b,train
data/Training/glioma/Tr-gl_198.jpg,glioma,Training,38c02b5c551a4b61921b6359b435b5db,train
data/Training/glioma/Tr-gl_817.jpg,glioma,Training,7e16916b675e4070bbae158a7eba4cb8,val
data/Training/glioma/Tr-gl_157.jpg,glioma,Training,bd645eb0df0000d8def23b69882efa3a,train
data/Training/glioma/Tr-gl_904.jpg,glioma,Training,f720e3b9a67c67e626540214311cd847,train
data/Training/glioma/Tr-gl_442.jpg,glioma,Training,e2078f1e52b7216e431dddc5e0536588,train
data/Training/glioma/Tr-gl_856.jpg,glioma,Training,255ca1224847a8d7fa4dd6e2d9186163,train
data/Training/glioma/Tr-gl_801.jpg,glioma,Training,5760e50a80cc535448bc8fecc9008e62,val
data/Training/glioma/Tr-gl_479.jpg,glioma,Training,386c8f320b4e7c89a405734282f863cb,val
data/Training/glioma/Tr-gl_999.jpg,glioma,Training,45a7e5ea6bbbcc49abdb66766bb09a6d,train
data/Training/glioma/Tr-gl_353.jpg,glioma,Training,842f70d6342e1c3ec373bdfed0ed42e8,test
data/Training/glioma/Tr-gl_294.jpg,glioma,Training,fe4332eb8fe796dd7b57ac0fb141c0ac,train
data/Training/glioma/Tr-gl_374.jpg,glioma,Training,61ead754dd0ad8e0341e6a280e31f6ac,train
data/Training/glioma/Tr-gl_730.jpg,glioma,Training,33ec647ad18383eb27639ebbe0ebc188,train
data/Training/glioma/Tr-gl_1006.jpg,glioma,Training,185c3ccb856b3b7f2bc907e219601b88,train
data/Training/glioma/Tr-gl_1294.jpg,glioma,Training,67f62118546b15292331ffc826a68709,val
data/Training/glioma/Tr-gl_1395.jpg,glioma,Training,3b32ae80dc3fffa02e6f694a7d929aec,train
data/Training/glioma/Tr-gl_220.jpg,glioma,Training,e0899a5f9770bbf1afb1d32f5ed7bd48,train
data/Training/glioma/Tr-gl_1235.jpg,glioma,Training,09b8cabc5358f78de59673158d63b221,test
data/Training/glioma/Tr-gl_435.jpg,glioma,Training,23ba488fcd897bc3f193976025805ef7,train
data/Training/glioma/Tr-gl_1375.jpg,glioma,Training,077abdf3f6517fd372374c844409a79d,train
data/Training/glioma/Tr-gl_97.jpg,glioma,Training,f080e14a45a23e148318b2a9a86a419e,train
data/Training/glioma/Tr-gl_1372.jpg,glioma,Training,71637f203b3e58c97d3cfecfcd1e2a49,train
data/Training/glioma/Tr-gl_448.jpg,glioma,Training,aa354dbbd0a20c91633d3f2fd7b782d5,test
data/Training/glioma/Tr-gl_483.jpg,glioma,Training,78dc9099184acf0fa192716d97112f10,test
data/Training/glioma/Tr-gl_658.jpg,glioma,Training,4feea5b500b9f8c52ee6e1643a606d68,train
data/Training/glioma/Tr-gl_949.jpg,glioma,Training,eb018aadba3cded54317756f83b6ef8d,test
data/Training/glioma/Tr-gl_1258.jpg,glioma,Training,73d2c626e48b0ca9a57d13ab9a6fe8ea,train
data/Training/glioma/Tr-gl_1373.jpg,glioma,Training,9d5d9028122defa6bf4e4150291f8e4b,train
data/Training/glioma/Tr-gl_509.jpg,glioma,Training,64380c57440ccd137c6030a2d2804755,val
data/Training/glioma/Tr-gl_269.jpg,glioma,Training,b545db7d0ce53ecf72b8a1aca814f2d3,test
data/Training/glioma/Tr-gl_632.jpg,glioma,Training,8cf91e71e39d017746a0ab926ee276c4,train
data/Training/glioma/Tr-gl_1222.jpg,glioma,Training,8747bec4ece26be86a7ed0cb354ef07c,train
data/Training/glioma/Tr-gl_1192.jpg,glioma,Training,61b5a31d21ef9541a7da878caa4beef0,train
data/Training/glioma/Tr-gl_990.jpg,glioma,Training,812029bdabef7cc31b36f91107bcbf5d,train
data/Training/glioma/Tr-gl_256.jpg,glioma,Training,a0d851d0e0114ee9612db966d4b93720,train
data/Training/glioma/Tr-gl_183.jpg,glioma,Training,97dd87b2f1cf7399799fd44b910698b0,train
data/Training/glioma/Tr-gl_272.jpg,glioma,Training,20b4426293bde8fc2ccbbb87e3b83c4a,train
data/Training/glioma/Tr-gl_876.jpg,glioma,Training,81aedcaa824465131fface8999ab2476,train
data/Training/glioma/Tr-gl_567.jpg,glioma,Training,0c784a57aa85d5d2d26e9f954358c2f0,val
data/Training/glioma/Tr-gl_1297.jpg,glioma,Training,783b2dcfc8a9d3b3c20f2ad8b1d8c946,train
data/Training/glioma/Tr-gl_706.jpg,glioma,Training,317f91a1f4e40efd51619f8c031ffbf9,test
data/Training/glioma/Tr-gl_740.jpg,glioma,Training,ad0dbfa4512e7e3c69975fc1b8540ba7,train
data/Training/glioma/Tr-gl_893.jpg,glioma,Training,8c6acb8188ee6a2826983fd9a427fb52,train
data/Training/glioma/Tr-gl_309.jpg,glioma,Training,4fa449877206ab9a273abb1a0279d6d4,train
data/Training/glioma/Tr-gl_432.jpg,glioma,Training,2e69abebd1a487bd8bdebb80191dcb51,train
data/Training/glioma/Tr-gl_1133.jpg,glioma,Training,f8bad9fc610683b156907420321f16c6,train
data/Training/glioma/Tr-gl_911.jpg,glioma,Training,11284d30382a2230128dc56cba74f393,test
data/Training/glioma/Tr-gl_595.jpg,glioma,Training,86a91fc13a290538c39ccce0b62088c4,test
data/Training/glioma/Tr-gl_1079.jpg,glioma,Training,7d2cb9f6844bc015d1ca9d01d558101a,train
data/Training/glioma/Tr-gl_625.jpg,glioma,Training,307c9dddf968cdf121293ab388ef3603,train
data/Training/glioma/Tr-gl_1109.jpg,glioma,Training,1e79235ec195f3a32588c37ea04e0a81,train
data/Training/glioma/Tr-gl_78.jpg,glioma,Training,e97a685853960e98735380116011e207,train
data/Training/glioma/Tr-gl_852.jpg,glioma,Training,a8758b5f1e5775c43ef94d40563a53f2,train
data/Training/glioma/Tr-gl_43.jpg,glioma,Training,25f30981f66982d22d8943f7a645e65d,train
data/Training/glioma/Tr-gl_397.jpg,glioma,Training,b6c5baabb322d9cf6fde2e2b88be659e,train
data/Training/glioma/Tr-gl_536.jpg,glioma,Training,e1270ec629cfc0f4a7e68f085fd9a744,train
data/Training/glioma/Tr-gl_1104.jpg,glioma,Training,df5cdb1616c71165a20c38f38bab6790,train
data/Training/glioma/Tr-gl_682.jpg,glioma,Training,89ba23fe41dfa273a04a251a89cd7a52,test
data/Training/glioma/Tr-gl_254.jpg,glioma,Training,1cd581b1e7c591a97ddeca15277174cd,val
data/Training/glioma/Tr-gl_436.jpg,glioma,Training,ed340abc48a92b026eba8a11364f2ba3,test
data/Training/glioma/Tr-gl_811.jpg,glioma,Training,a7b33238be0f228987b8b1ada94ff414,test
data/Training/glioma/Tr-gl_733.jpg,glioma,Training,07d9cdcfd8cd2efb8bc41015f4188fc3,train
data/Training/glioma/Tr-gl_976.jpg,glioma,Training,49bd8c6489e0cd5348f780f10d10bd50,train
data/Training/glioma/Tr-gl_1014.jpg,glioma,Training,84d314e4daedc8484b6dc95ed387609b,test
data/Training/glioma/Tr-gl_1313.jpg,glioma,Training,5dcbcca48fa8ce5ed87b4ce10a910029,train
data/Training/glioma/Tr-gl_56.jpg,glioma,Training,81948b6dfb3fc04ad98959da42cb3162,val
data/Training/glioma/Tr-gl_268.jpg,glioma,Training,f61b0d23ae22acdad0b49da79a9fde9c,train
data/Training/glioma/Tr-gl_1194.jpg,glioma,Training,aad2b6a1ff1e602a0c889cc1099c50ea,train
data/Training/glioma/Tr-gl_1127.jpg,glioma,Training,2cd0ae11df61a9e02d8bc6297e1562d1,train
data/Training/glioma/Tr-gl_1158.jpg,glioma,Training,12bb24f696aeebc791da35fff292cb2b,train
data/Training/glioma/Tr-gl_316.jpg,glioma,Training,6e90002a5b3f9856742fee6d39a143bf,test
data/Training/glioma/Tr-gl_375.jpg,glioma,Training,a6bcc4d6ef62501b202cd702337f5045,train
data/Training/glioma/Tr-gl_1354.jpg,glioma,Training,53526f319bc43a316005c76164e8d460,train
data/Training/glioma/Tr-gl_1139.jpg,glioma,Training,1d20042d770d0dd58a78ddd678a3eb6d,train
data/Training/glioma/Tr-gl_1261.jpg,glioma,Training,6e83ad58d11b822f3ec07e9158edaaf9,train
data/Training/glioma/Tr-gl_1317.jpg,glioma,Training,71b4b1300ddb325c891b8acd57f6297c,train
data/Training/glioma/Tr-gl_832.jpg,glioma,Training,ab977541f2124b2fe751a39c01ed947a,train
data/Training/glioma/Tr-gl_1182.jpg,glioma,Training,2e02cc29eb443328f4c120212a427b2b,train
data/Training/glioma/Tr-gl_498.jpg,glioma,Training,6d7f39c87a8eb5bfedb34cf22d6c94f7,train
data/Training/glioma/Tr-gl_675.jpg,glioma,Training,8613aba074a6c366c4a02d0c6c08a23b,train
data/Training/glioma/Tr-gl_1181.jpg,glioma,Training,fdbe2ae2ea2fcdbd6b3cb6f90db879d1,train
data/Training/glioma/Tr-gl_1205.jpg,glioma,Training,8768e2d1dcfa8515cdf0a1106121a263,val
data/Training/glioma/Tr-gl_828.jpg,glioma,Training,911902c1cbc8f2b6143914be24fdea5f,train
data/Training/glioma/Tr-gl_1259.jpg,glioma,Training,9c577c82a52864f87cb286d8762ba4e3,train
data/Training/glioma/Tr-gl_987.jpg,glioma,Training,915b5793d3d42553e904fe9e7cfdfb53,train
data/Training/glioma/Tr-gl_874.jpg,glioma,Training,acae306f0db61d65f80798899ebf938b,train
data/Training/glioma/Tr-gl_68.jpg,glioma,Training,ca0d6da297cfc274f7aef2ee475f0806,train
data/Training/glioma/Tr-gl_647.jpg,glioma,Training,03fc4997b56f4bcf104da56973d0aa66,train
data/Training/glioma/Tr-gl_899.jpg,glioma,Training,30f60d1b212f1d52ab5952252f5e0583,train
data/Training/glioma/Tr-gl_768.jpg,glioma,Training,591eb72af646c15edc6c91f9fc2c2273,train
data/Training/glioma/Tr-gl_1268.jpg,glioma,Training,ecfefffaa4137d2837de8c509abef528,train
data/Training/glioma/Tr-gl_543.jpg,glioma,Training,dbe819ac5ba9a9461535e3e7d5f5b1af,train
data/Training/glioma/Tr-gl_27.jpg,glioma,Training,83f95429b37aa9fe70a65c661fe73eed,test
data/Training/glioma/Tr-gl_1163.jpg,glioma,Training,99c5bb752eedfd551de2b788cb6dbfec,train
data/Training/glioma/Tr-gl_401.jpg,glioma,Training,1f83046b7659968913da453b146f9e9e,train
data/Training/glioma/Tr-gl_1256.jpg,glioma,Training,f306d63f533131c801961168c99ea02d,train
data/Training/glioma/Tr-gl_873.jpg,glioma,Training,380eb04d72d5b3c797c699a2ee7ef876,train
data/Training/glioma/Tr-gl_985.jpg,glioma,Training,a1e124a9e7489aec9aa6a1f6d09fe8f1,train
data/Training/glioma/Tr-gl_708.jpg,glioma,Training,76f39b6a958e60cac40377b2bb576ff8,val
data/Training/glioma/Tr-gl_364.jpg,glioma,Training,987ced7cff4b38f06570b5668d8f96e8,test
data/Training/glioma/Tr-gl_1153.jpg,glioma,Training,50e0cdf4676e0deaca54a27d4bf746c1,val
data/Training/glioma/Tr-gl_692.jpg,glioma,Training,26bd9272fda0655e506d15344b897444,train
data/Training/glioma/Tr-gl_1398.jpg,glioma,Training,64759e1e174090ecc6426c181a767eee,train
data/Training/glioma/Tr-gl_1007.jpg,glioma,Training,ee57cec0673539f2215dc16a4fbd2109,test
data/Training/glioma/Tr-gl_323.jpg,glioma,Training,1c7bdee510dccaea20552554d8f2bfac,train
data/Training/glioma/Tr-gl_616.jpg,glioma,Training,f79fcd993b602411a56f939d691c30fb,train
data/Training/glioma/Tr-gl_1264.jpg,glioma,Training,1bdbb6d2532fa72fcb11f8da0420f212,val
data/Training/glioma/Tr-gl_906.jpg,glioma,Training,8ee22cf0c77c84134a1f5de4ef2e3a23,train
data/Training/glioma/Tr-gl_1388.jpg,glioma,Training,d6bbd6db71646ac28cc9ef282301ff75,val
data/Training/glioma/Tr-gl_561.jpg,glioma,Training,dc380d9c621d4df6ed43db29e38f6ecc,train
data/Training/glioma/Tr-gl_587.jpg,glioma,Training,2ef052df74100331a63d82122e11dcca,train
data/Training/glioma/Tr-gl_1364.jpg,glioma,Training,4c93c5c42960dcb86cac073d272ce763,train
data/Training/glioma/Tr-gl_357.jpg,glioma,Training,45ed58b58c9c13ef4cd0f752f1834c0c,train
data/Training/glioma/Tr-gl_141.jpg,glioma,Training,4a507b6f4ee30c7dc3a5ccb2866c27e0,train
data/Training/glioma/Tr-gl_391.jpg,glioma,Training,0d4c4cae1509562110fa881885766d46,val
data/Training/glioma/Tr-gl_1248.jpg,glioma,Training,aa3ade292dfdf3f2ff15b98fcc8e4edc,val
data/Training/glioma/Tr-gl_399.jpg,glioma,Training,c500f35a6dfb18573a28dd7e20ef70a4,train
data/Training/glioma/Tr-gl_1383.jpg,glioma,Training,ea76d798639f3b4b1fd1ce1c973fd316,train
data/Training/glioma/Tr-gl_7.jpg,glioma,Training,7fa0d59bc49f8014f3e8a17721d5e61d,train
data/Training/glioma/Tr-gl_639.jpg,glioma,Training,53d01e530faa0807d05d74ef37ee391c,train
data/Training/glioma/Tr-gl_631.jpg,glioma,Training,a87e66728823bb120ee181242e7a1de5,train
data/Training/glioma/Tr-gl_967.jpg,glioma,Training,f5bb0f342cb36f5a6df151e7079cfff2,train
data/Training/glioma/Tr-gl_954.jpg,glioma,Training,e391c6f72f573b24894d42637d6190b5,train
data/Training/glioma/Tr-gl_313.jpg,glioma,Training,f8d858405aa30b2f9ca80c35c6e753e0,val
data/Training/glioma/Tr-gl_1389.jpg,glioma,Training,f704d56c2edc3439d5eddee7e3b080cb,train
data/Training/glioma/Tr-gl_145.jpg,glioma,Training,912cccfd2d9df2dbf7d3c14550c542fa,val
data/Training/glioma/Tr-gl_894.jpg,glioma,Training,499d7a682b9ad9fa0d9370eeedb6d21b,val
data/Training/glioma/Tr-gl_480.jpg,glioma,Training,b92c40e6a76f7cbea12721f4f94e999e,train
data/Training/glioma/Tr-gl_416.jpg,glioma,Training,0c517c00fed0a87e77dd197613190f18,train
data/Training/glioma/Tr-gl_724.jpg,glioma,Training,664248ccd51c9e3e82f7b86a9e1a5122,train
data/Training/glioma/Tr-gl_413.jpg,glioma,Training,72cafd905228998db6c0f02e98909507,train
data/Training/glioma/Tr-gl_644.jpg,glioma,Training,49212881af9d8b5c983ee6aa07ea2b00,train
data/Training/glioma/Tr-gl_171.jpg,glioma,Training,21d001e8427a1e9415661f07541288ae,train
data/Training/glioma/Tr-gl_1111.jpg,glioma,Training,ff66cac896e883a03043b35c14c5cab7,train
data/Training/glioma/Tr-gl_1316.jpg,glioma,Training,8e97f16b088be045a1961b323d6d9132,train
data/Training/glioma/Tr-gl_699.jpg,glioma,Training,3f792368ccbbe6efba94412408127b53,train
data/Training/glioma/Tr-gl_1180.jpg,glioma,Training,dd98e0cc29432ecd45c8197c79c3eeaf,train
data/Training/glioma/Tr-gl_1048.jpg,glioma,Training,b270008f2e98d8b374bb1400b9c02e51,train
data/Training/glioma/Tr-gl_1024.jpg,glioma,Training,59c9b75e9268faf773b3406a2d716bf6,train
data/Training/glioma/Tr-gl_611.jpg,glioma,Training,49a2651c714689be7f32e777e399783e,train
data/Training/glioma/Tr-gl_128.jpg,glioma,Training,20cf94bd0a699697cede2a05c4a5f75e,val
data/Training/glioma/Tr-gl_217.jpg,glioma,Training,ac1853404f3a7c03ac70bf9f006af9e7,test
data/Training/glioma/Tr-gl_1201.jpg,glioma,Training,6db18d97975ac5621bad5b72015b1bba,train
data/Training/glioma/Tr-gl_173.jpg,glioma,Training,dfa2a60968d4387019650b1c13754600,train
data/Training/glioma/Tr-gl_338.jpg,glioma,Training,68c7757b1be076301e5b4dc943d13dc1,train
data/Training/glioma/Tr-gl_1338.jpg,glioma,Training,4bfbabe6de1430d2a0252e04db662011,train
data/Training/glioma/Tr-gl_305.jpg,glioma,Training,054943ac83cb2ae80b39e1f8f7021d2a,test
data/Training/glioma/Tr-gl_589.jpg,glioma,Training,52b0f688d7ff6bb1b7965775b8e69937,test
data/Training/glioma/Tr-gl_249.jpg,glioma,Training,a49ba7cff28af0a2c9166203128b8cd3,test
data/Training/glioma/Tr-gl_1118.jpg,glioma,Training,9103a8cbb9a009fa26758797e971a9c9,val
data/Training/glioma/Tr-gl_1047.jpg,glioma,Training,cc44fe89be414705faa116481dd71338,train
data/Training/glioma/Tr-gl_881.jpg,glioma,Training,ea5a68cc823f55739d1d0fa4d563eb89,train
data/Training/glioma/Tr-gl_777.jpg,glioma,Training,655dfef8eada4225da03b47baa685689,train
data/Training/glioma/Tr-gl_40.jpg,glioma,Training,35bcc470ccaa812512befb068bffddb0,train
data/Training/glioma/Tr-gl_342.jpg,glioma,Training,3af33ff7429104da252b4ff6b9e60567,train
data/Training/glioma/Tr-gl_175.jpg,glioma,Training,4254d56afb0e5f818999bb71a6d69425,train
data/Training/glioma/Tr-gl_969.jpg,glioma,Training,a962d0df04185c5b26d6c381ac9fdd9a,train
data/Training/glioma/Tr-gl_917.jpg,glioma,Training,bfc7bbf5cefe43efc805e098217780a2,val
data/Training/glioma/Tr-gl_765.jpg,glioma,Training,307079307e57908cf57cbdbc2386df23,train
data/Training/glioma/Tr-gl_1324.jpg,glioma,Training,3acb80068c5a574a01342ead79a42bcc,test
data/Training/glioma/Tr-gl_1159.jpg,glioma,Training,d5e56ec12c0b1d3829bf579b39730e39,train
data/Training/glioma/Tr-gl_400.jpg,glioma,Training,e34e4c59dc6fe71fce64483fb11953ee,train
data/Training/glioma/Tr-gl_1046.jpg,glioma,Training,237773fdecf882ee1efa92be0d80bd06,val
data/Training/glioma/Tr-gl_453.jpg,glioma,Training,0252b519888de9be022789c89fc23d1b,train
data/Training/glioma/Tr-gl_950.jpg,glioma,Training,b79b3a81accaf192b0cd1322c142d996,val
data/Training/glioma/Tr-gl_1212.jpg,glioma,Training,941f8c2f141ffdd074f78c464e15c4bb,train
data/Training/glioma/Tr-gl_853.jpg,glioma,Training,a8f19b2dbeef8a01c1587fc3604b4db1,train
data/Training/glioma/Tr-gl_712.jpg,glioma,Training,742b39c931a375a3b56a778f6c33aca0,train
data/Training/glioma/Tr-gl_798.jpg,glioma,Training,25fbd63ae53c2c19f5b79f88ec8614d3,train
data/Training/glioma/Tr-gl_936.jpg,glioma,Training,feeb0517d886a7f317cfb2f9dd3f2011,train
data/Training/glioma/Tr-gl_81.jpg,glioma,Training,66b218ec1d7bcaf1327921bc13546f70,train
data/Training/glioma/Tr-gl_919.jpg,glioma,Training,82305fdbdade1fc368415bb138916733,val
data/Training/glioma/Tr-gl_329.jpg,glioma,Training,a2d1c8de1b6ac81cefc36d18585ebcb8,test
data/Training/glioma/Tr-gl_504.jpg,glioma,Training,210b3d4bace23696f7f503b8112d549b,train
data/Training/glioma/Tr-gl_235.jpg,glioma,Training,e599f689b8b9f9c0f80d9d59362bda9d,train
data/Training/glioma/Tr-gl_1088.jpg,glioma,Training,8489b1cc9ad7e360afa8777771f015fb,val
data/Training/glioma/Tr-gl_60.jpg,glioma,Training,21138193142f10b3040f29957410697f,train
data/Training/glioma/Tr-gl_805.jpg,glioma,Training,97beb27768c3cbbe4b3a443a1e7caa5a,train
data/Training/glioma/Tr-gl_165.jpg,glioma,Training,a162187cd72e813cf49cc877ca5834a6,train
data/Training/glioma/Tr-gl_1099.jpg,glioma,Training,9a6652a31c1c25953260bd3c1173532c,test
data/Training/glioma/Tr-gl_680.jpg,glioma,Training,4183033dc7c9a925581163c35d36b016,train
data/Training/glioma/Tr-gl_425.jpg,glioma,Training,3e36a8c5c2b227b2a3520bdb746460fb,train
data/Training/glioma/Tr-gl_14.jpg,glioma,Training,273d6df213a902c35acd85542ba9008d,train
data/Training/glioma/Tr-gl_1095.jpg,glioma,Training,af5cb45df5072bae0aa9ea5391eee99d,train
data/Training/glioma/Tr-gl_354.jpg,glioma,Training,b6c703bfa02205fcca776f2582ac61b0,train
data/Training/glioma/Tr-gl_482.jpg,glioma,Training,37d539307ff1d8c64ecc8865fdfabf8f,train
data/Training/glioma/Tr-gl_905.jpg,glioma,Training,d8d1da66821903d39dc2d09df77460db,val
data/Training/glioma/Tr-gl_1093.jpg,glioma,Training,19703bc7c25321434c37edbb9914b8b4,train
data/Training/glioma/Tr-gl_836.jpg,glioma,Training,65f2268bfe8d0fe1388cd6bff3702ecf,train
data/Training/glioma/Tr-gl_151.jpg,glioma,Training,2c007ed05f20da8e7eb51bf63edb6cd6,val
data/Training/glioma/Tr-gl_85.jpg,glioma,Training,25da6db9607717224c19c3a63f3e1ac3,train
data/Training/glioma/Tr-gl_202.jpg,glioma,Training,80f968c208e7a197554d70e9bc1346cb,train
data/Training/glioma/Tr-gl_315.jpg,glioma,Training,e1106dc3c4f1dee71173e11819858d59,train
data/Training/glioma/Tr-gl_226.jpg,glioma,Training,3aa27680ef833bd0037f326ab8c56cdf,train
data/Training/glioma/Tr-gl_937.jpg,glioma,Training,40f0e5b3becee2552656a49d47d54549,train
data/Training/glioma/Tr-gl_1176.jpg,glioma,Training,00d71e8d260e68e6e177d0417a86814b,train
data/Training/glioma/Tr-gl_245.jpg,glioma,Training,a50330b720fc2024eecef9a28a2c6019,train
data/Training/glioma/Tr-gl_50.jpg,glioma,Training,4edd04b662312704dc1727ac497d7436,train
data/Training/glioma/Tr-gl_1275.jpg,glioma,Training,3f079bb38371da9389d41017ef0308ef,train
data/Training/glioma/Tr-gl_209.jpg,glioma,Training,9fbdd388ba1f84313728d3503d2d61f3,train
data/Training/glioma/Tr-gl_1349.jpg,glioma,Training,2ffdb605078ce21ae10c6950f14ab5a6,val
data/Training/glioma/Tr-gl_143.jpg,glioma,Training,3af0f313de57e41472d05f39654ecf07,test
data/Training/glioma/Tr-gl_800.jpg,glioma,Training,724ca7ef1c3c53c13b590a2a27219229,train
data/Training/glioma/Tr-gl_830.jpg,glioma,Training,311510d98b6a624c999e8c445ba06b77,train
data/Training/glioma/Tr-gl_932.jpg,glioma,Training,de0c987eb87c9eb8628ee51e09248ccf,train
data/Training/glioma/Tr-gl_39.jpg,glioma,Training,06c373a48a8f88a888b833827224679f,train
data/Training/glioma/Tr-gl_1367.jpg,glioma,Training,eadffa3e04f3e4c658fdd1d72c9dd1f5,test
data/Training/glioma/Tr-gl_596.jpg,glioma,Training,27f0ad11ffded4ec0ac8729480489a70,train
data/Training/glioma/Tr-gl_900.jpg,glioma,Training,5a4493883edceaa2f8c36a8487864e5b,train
data/Training/glioma/Tr-gl_1037.jpg,glioma,Training,a3dff825bd5ffbdb767786c467d6622c,train
data/Training/glioma/Tr-gl_1175.jpg,glioma,Training,95970335755f7907c074a46bfd1748f8,test
data/Training/glioma/Tr-gl_301.jpg,glioma,Training,9510c8d602f507d3c9f23ef9f6e36bed,test
data/Training/glioma/Tr-gl_90.jpg,glioma,Training,19a9a5e670e2377dd3f5a5332363aa14,train
data/Training/glioma/Tr-gl_720.jpg,glioma,Training,04479415c6e15c3efc43026253453db7,val
data/Training/glioma/Tr-gl_736.jpg,glioma,Training,292f0197ef5e24617f6f00e2a729bd4e,train
data/Training/glioma/Tr-gl_516.jpg,glioma,Training,522e195701b09ee78ecd7d21ec286767,train
data/Training/glioma/Tr-gl_549.jpg,glioma,Training,004a443b3551d474cccc050afc0d8f60,train
data/Training/glioma/Tr-gl_538.jpg,glioma,Training,ee8911aa78d15294501a2fc20569f843,train
data/Training/glioma/Tr-gl_440.jpg,glioma,Training,3033bdfd0adbd67555749a420f242bf8,val
data/Training/glioma/Tr-gl_912.jpg,glioma,Training,838b1fab973b212c2f447bc3666ce5ac,train
data/Training/glioma/Tr-gl_1066.jpg,glioma,Training,ed486c609060743782b4424523f7dea7,val
data/Training/glioma/Tr-gl_643.jpg,glioma,Training,6387646a7c4c4abf0e9a5c63338cc0b6,test
data/Training/glioma/Tr-gl_1067.jpg,glioma,Training,c56ede565f8fde811e4e17a24024e5dd,test
data/Training/glioma/Tr-gl_820.jpg,glioma,Training,563ec8327d1b171dd58aaf738e2dec3e,train
data/Training/glioma/Tr-gl_194.jpg,glioma,Training,90f2c26e668b9575ce62f2399d696b85,val
data/Training/glioma/Tr-gl_939.jpg,glioma,Training,fd58c8e949bd6bbc286dcb2ad8978980,train
data/Training/glioma/Tr-gl_1045.jpg,glioma,Training,a9c105bf220365475b2ef87f93feb136,train
data/Training/glioma/Tr-gl_568.jpg,glioma,Training,a78dd426631f9f7be3d4b1526456f9bb,train
data/Training/glioma/Tr-gl_1260.jpg,glioma,Training,bd75b58d3c9bc94c1e0732b1313bb977,test
data/Training/glioma/Tr-gl_412.jpg,glioma,Training,d983a8eaf4e4ef349bdb65189a6d800f,val
data/Training/glioma/Tr-gl_1276.jpg,glioma,Training,6c94e9dbfe32e869c80f4714d153cc77,train
data/Training/glioma/Tr-gl_1227.jpg,glioma,Training,0040cdb1fcacbc875732842826875882,train
data/Training/glioma/Tr-gl_1015.jpg,glioma,Training,07599cd91695c63b1d4007b63f2e8fea,train
data/Training/glioma/Tr-gl_230.jpg,glioma,Training,868bd5afa2c833f857c382b6b9cac918,train
data/Training/glioma/Tr-gl_120.jpg,glioma,Training,32b6136841d775fdacbb513eca71b8ce,train
data/Training/glioma/Tr-gl_84.jpg,glioma,Training,4b4f19739a3146923747e1a5ac0b5b57,train
data/Training/glioma/Tr-gl_683.jpg,glioma,Training,162c28a823a5477a94ff99181d77dd0d,train
data/Training/glioma/Tr-gl_642.jpg,glioma,Training,7de28ddd175ce8e2f73abca0f949ba3c,train
data/Training/glioma/Tr-gl_231.jpg,glioma,Training,4fd87d8bc47fdc3126a2c12fab67a320,val
data/Training/glioma/Tr-gl_311.jpg,glioma,Training,ff57a73e103bbfdf34236d77f1079d2d,train
data/Training/glioma/Tr-gl_1149.jpg,glioma,Training,544abcb622b873e978ff1add4e792faf,test
data/Training/glioma/Tr-gl_303.jpg,glioma,Training,c59a51180d4313aa20ea04063c08abe9,train
data/Training/glioma/Tr-gl_620.jpg,glioma,Training,77a288a5380f0cd984ad81fd8658ddb2,train
data/Training/glioma/Tr-gl_996.jpg,glioma,Training,302520b792dbd8f2d5d479201aa40aae,train
data/Training/glioma/Tr-gl_1157.jpg,glioma,Training,3deb04da174ee97fbf1bac8e184e12b0,train
data/Training/glioma/Tr-gl_684.jpg,glioma,Training,58290d074b9772bc7ad54b4931dda423,val
data/Training/glioma/Tr-gl_714.jpg,glioma,Training,fe1aec32510c44c40283c2c4f0bbddb4,train
data/Training/glioma/Tr-gl_1134.jpg,glioma,Training,c75e211fbe69428951f75084def66329,train
data/Training/glioma/Tr-gl_1284.jpg,glioma,Training,2e46fb3f8043d7242e8d4c3f4f6ef9e3,train
data/Training/glioma/Tr-gl_1010.jpg,glioma,Training,525b2260f83e57472dbc9e7ecc9bcb2c,train
data/Training/glioma/Tr-gl_566.jpg,glioma,Training,5e757c841db25ecb74577ab6e86e96c8,val
data/Training/glioma/Tr-gl_846.jpg,glioma,Training,a22d2c807b71f88d8d550b2e7ae39797,train
data/Training/glioma/Tr-gl_1365.jpg,glioma,Training,b44b29ddd91cef7a63498a3257eef51b,train
data/Training/glioma/Tr-gl_1247.jpg,glioma,Training,a1dcee6ea46d5b6e081f72a7b3901ad7,train
data/Training/glioma/Tr-gl_630.jpg,glioma,Training,fa5221ec785acf4a653b77ea48609fd8,train
data/Training/glioma/Tr-gl_966.jpg,glioma,Training,e841ef81b59347baa1cb56abaf10c270,test
data/Training/glioma/Tr-gl_746.jpg,glioma,Training,7f9b1705bd70097b93356381a113807e,train
data/Training/glioma/Tr-gl_1265.jpg,glioma,Training,9ec06c99a95215d28608ba17866bb195,train
data/Training/glioma/Tr-gl_1186.jpg,glioma,Training,3aad0e17f78800f4353bae6ca485d51e,val
data/Training/glioma/Tr-gl_678.jpg,glioma,Training,ccc771113b20172212376e2884440c72,train
data/Training/glioma/Tr-gl_1386.jpg,glioma,Training,92b19ed22571d803ab3c04500daf3476,train
data/Training/glioma/Tr-gl_554.jpg,glioma,Training,a1e99bdafdfa01a153097758ce4544e7,train
data/Training/glioma/Tr-gl_526.jpg,glioma,Training,30ad59af6b969316223579fc99e5571a,train
data/Training/glioma/Tr-gl_147.jpg,glioma,Training,533ee743b999e38aec9f57777cf8933f,train
data/Training/glioma/Tr-gl_578.jpg,glioma,Training,64f4eb6768b06ec175705feaedb7bb19,train
data/Training/glioma/Tr-gl_232.jpg,glioma,Training,298d833525a2653c127bbd8d59326472,train
data/Training/glioma/Tr-gl_767.jpg,glioma,Training,55244c967c30e1a15a672ea0dde0b26d,train
data/Training/glioma/Tr-gl_1011.jpg,glioma,Training,eabfd68dbc44e7e465d0b2617db85e01,val
data/Training/glioma/Tr-gl_547.jpg,glioma,Training,4b739acce930eaaf5cea64d72bae6c2b,train
data/Training/glioma/Tr-gl_1125.jpg,glioma,Training,8d59034c6dbc46da979ef34e9c618ff4,train
data/Training/glioma/Tr-gl_280.jpg,glioma,Training,d18fa01ce0e6af63ca5b684dcbb60135,train
data/Training/glioma/Tr-gl_1334.jpg,glioma,Training,b0f49f9d979ab9c7c3b09dcce737fe65,train
data/Training/glioma/Tr-gl_815.jpg,glioma,Training,a3f950131bb3c1e40cd8b708fc392df6,train
data/Training/glioma/Tr-gl_373.jpg,glioma,Training,5f4584866c1cb8845aea93c36dd43185,train
data/Training/glioma/Tr-gl_623.jpg,glioma,Training,260f3d404a72dfbeb7730303cae923d5,train
data/Training/glioma/Tr-gl_213.jpg,glioma,Training,f9f8f1519c286066261b12ea2d7a0b88,train
data/Training/glioma/Tr-gl_1390.jpg,glioma,Training,dc76deea21b8fd587606eb50ba4d4fd4,val
data/Training/glioma/Tr-gl_813.jpg,glioma,Training,8877bc54e2d170b015cdfdc115531931,test
data/Training/glioma/Tr-gl_624.jpg,glioma,Training,68002f496717563e1c8508244c31b503,val
data/Training/glioma/Tr-gl_776.jpg,glioma,Training,8aabeeaa11a91d0a23859e96603f51ff,train
data/Training/glioma/Tr-gl_211.jpg,glioma,Training,1485df7e5b2087be7adea288fc4f122f,train
data/Training/glioma/Tr-gl_489.jpg,glioma,Training,6f71a0a2b29327ea28a0a73c9aaecbf7,train
data/Training/glioma/Tr-gl_940.jpg,glioma,Training,a5711ec7306af0b6bfde69e7e017b52a,test
data/Training/glioma/Tr-gl_603.jpg,glioma,Training,2bbe3f4aebd49c6fb0e7731af37bee3c,train
data/Training/glioma/Tr-gl_197.jpg,glioma,Training,2d6cef7318c9baaabb37d18155e54e87,train
data/Training/glioma/Tr-gl_1027.jpg,glioma,Training,f37728d66b36de1edc4b46f4b765e3ae,train
data/Training/glioma/Tr-gl_963.jpg,glioma,Training,75657a384cb8e13f355f0686d0e690ec,train
data/Training/glioma/Tr-gl_22.jpg,glioma,Training,dd6e27960d17b3a9bcd887731f7242be,train
data/Training/glioma/Tr-gl_956.jpg,glioma,Training,096af9626223b620586b8fc3768aad05,train
data/Training/glioma/Tr-gl_193.jpg,glioma,Training,7640e892f613b0b131fa9f7948bbddd9,train
data/Training/glioma/Tr-gl_319.jpg,glioma,Training,9f80e112fe6790a4f51c62b98692ad47,train
data/Training/glioma/Tr-gl_1113.jpg,glioma,Training,7f3d9646f2ea2b52717f235b2f5fc4ec,train
data/Training/glioma/Tr-gl_673.jpg,glioma,Training,4075e16d119630822e97e0462cf29abc,test
data/Training/glioma/Tr-gl_1043.jpg,glioma,Training,51b3ce16e0aa971bffc0e2d05b8cea26,train
data/Training/glioma/Tr-gl_1224.jpg,glioma,Training,5e65aaff0a83bae5c1a08bd4ccbbb8f0,train
data/Training/glioma/Tr-gl_185.jpg,glioma,Training,5fbf9a806629309fb97e380f4ad15dc8,train
data/Training/glioma/Tr-gl_1071.jpg,glioma,Training,110474902aede8cc1598e508208c2305,train
data/Training/glioma/Tr-gl_134.jpg,glioma,Training,d83a7284c900e17366a2eb77c176b5c5,train
data/Training/glioma/Tr-gl_67.jpg,glioma,Training,5b97cb315b983e3cc4774632ea5e9ff6,train
data/Training/glioma/Tr-gl_1075.jpg,glioma,Training,a28023be64c910f4cb2e92bbbdcde6ee,train
data/Training/glioma/Tr-gl_869.jpg,glioma,Training,cad490ccf20c9fa2af53981fb8ce74ac,train
data/Training/glioma/Tr-gl_818.jpg,glioma,Training,2aae8c0877c9f270705088e344b4e2f4,train
data/Training/glioma/Tr-gl_1185.jpg,glioma,Training,f1544d73a1fa0430d75ac695a7018763,train
data/Training/glioma/Tr-gl_503.jpg,glioma,Training,ed1f548e8f149d4aaf365e6871a1cd19,train
data/Training/glioma/Tr-gl_790.jpg,glioma,Training,ad1aa3a0367d5de069cd5d51139422fa,test
data/Training/glioma/Tr-gl_844.jpg,glioma,Training,e6a855033b5d8d5f32159d08822aed64,train
data/Training/glioma/Tr-gl_842.jpg,glioma,Training,1ac5297ac63d949c1bb5a80f8fde1cbb,train
data/Training/glioma/Tr-gl_184.jpg,glioma,Training,46643324ff1943ad373a92c25c82eb92,test
data/Training/glioma/Tr-gl_1350.jpg,glioma,Training,91695480c4bc3f3358ba1b31574aad8a,train
data/Training/glioma/Tr-gl_1223.jpg,glioma,Training,903ca7ce94f5a2e8f4ad116f209863fa,train
data/Training/glioma/Tr-gl_816.jpg,glioma,Training,2354cb16a68f5090afa712cb215aa971,train
data/Training/glioma/Tr-gl_142.jpg,glioma,Training,c6ff7bb54d283a6bf2023947483c6884,val
data/Training/glioma/Tr-gl_758.jpg,glioma,Training,3e14859f20601e1dc80f50b022c4eab0,train
data/Training/glioma/Tr-gl_344.jpg,glioma,Training,3681bc3e12c91bccda031df46ce6ac53,train
data/Training/glioma/Tr-gl_216.jpg,glioma,Training,ba18ca32fbda7798675fcd65ac09f913,train
data/Training/glioma/Tr-gl_163.jpg,glioma,Training,79e90bfd484ada4ced3494d0e23c462f,train
data/Training/glioma/Tr-gl_991.jpg,glioma,Training,8311bfb08282dbfa26ee844fce26455a,test
data/Training/glioma/Tr-gl_1105.jpg,glioma,Training,8ed9a65ceab792971998265a4d7071f7,val
data/Training/glioma/Tr-gl_199.jpg,glioma,Training,8a13959353ee6cc59aa2f69fee45edef,val
data/Training/glioma/Tr-gl_1193.jpg,glioma,Training,e395ef092fe60f0ff96805a4a307f087,train
data/Training/glioma/Tr-gl_983.jpg,glioma,Training,c902608639593fb9ac28998835a25177,train
data/Training/glioma/Tr-gl_994.jpg,glioma,Training,39685dc006fc5bb604fd2fcffb79a3cf,test
data/Training/glioma/Tr-gl_1198.jpg,glioma,Training,63aa248cf0f59e97bf9359662e8d6538,val
data/Training/glioma/Tr-gl_1004.jpg,glioma,Training,d128069c3610887a4af19a85b5357e4e,train
data/Training/glioma/Tr-gl_293.jpg,glioma,Training,9134870bd7b59a6993a153235f41ce58,train
data/Training/glioma/Tr-gl_113.jpg,glioma,Training,064a5d15b173c07d08d57d37297dc5ab,test
data/Training/glioma/Tr-gl_610.jpg,glioma,Training,5d95e35a46828eb9d97f43a5185fa886,train
data/Training/glioma/Tr-gl_289.jpg,glioma,Training,a3540eb78be6fa3716e5063c30492aaa,train
data/Training/glioma/Tr-gl_1283.jpg,glioma,Training,b346ebc68d5f1f74e929e1f5e307a659,train
data/Training/glioma/Tr-gl_1214.jpg,glioma,Training,ed80a8f1dd86022db1e40c7cf027016d,val
data/Training/glioma/Tr-gl_332.jpg,glioma,Training,d345d379fcec655263e5a9d604e33bdb,train
data/Training/glioma/Tr-gl_285.jpg,glioma,Training,d3aeedd68e87be3fac52b46258afa344,train
data/Training/glioma/Tr-gl_971.jpg,glioma,Training,810e8fca43c63cba4235eb44ec6d9ee7,train
data/Training/glioma/Tr-gl_1379.jpg,glioma,Training,c2d0b18d98e816d3d4ed71c3f8295bd5,train
data/Training/glioma/Tr-gl_38.jpg,glioma,Training,b20d0ccd38992bca4af1508808474489,val
data/Training/glioma/Tr-gl_1040.jpg,glioma,Training,71b76a3aeec3f825ce3addbd514cb086,train
data/Training/glioma/Tr-gl_1041.jpg,glioma,Training,4179c312aa4f2fd4dd538001180b3689,train
data/Training/glioma/Tr-gl_1034.jpg,glioma,Training,888b3d251473dfa83982123d411932e4,train
data/Training/glioma/Tr-gl_439.jpg,glioma,Training,adda5e4fd6cd9b3f8d310ac3f3ea56bb,train
data/Training/glioma/Tr-gl_1301.jpg,glioma,Training,db4bd91a0d4cd6779f46ce41cdb6f90d,train
data/Training/glioma/Tr-gl_297.jpg,glioma,Training,f7b9496832e5d5b0f7ded7ed3bf674eb,train
data/Training/glioma/Tr-gl_903.jpg,glioma,Training,e8114aafc90d7b737633865b69592f60,test
data/Training/glioma/Tr-gl_126.jpg,glioma,Training,cb994e7c375b19da10a901aecb62ee94,train
data/Training/glioma/Tr-gl_349.jpg,glioma,Training,283477d7f7105d55b167250e03979955,train
data/Training/glioma/Tr-gl_533.jpg,glioma,Training,229473c7363882e431450930bbb25b04,train
data/Training/glioma/Tr-gl_1123.jpg,glioma,Training,c9ab745131b20d719dde7ca4c00675e0,train
data/Training/glioma/Tr-gl_1012.jpg,glioma,Training,77cbdd9527d1c2c176a2b41106eb564b,train
data/Training/glioma/Tr-gl_1122.jpg,glioma,Training,041bb5122e78cc3cc319ba98a9c08b86,train
data/Training/glioma/Tr-gl_438.jpg,glioma,Training,c6b7d8b9d443778ea9c08e20605178cf,train
data/Training/glioma/Tr-gl_669.jpg,glioma,Training,daa7fb083d4fe03e063fbf880fb99af7,train
data/Training/glioma/Tr-gl_497.jpg,glioma,Training,bedf6c0c2102f9e904275d67fb62cb95,train
data/Training/glioma/Tr-gl_428.jpg,glioma,Training,b5ae1dab8799c6e32cb637afd747fe72,train
data/Training/glioma/Tr-gl_1295.jpg,glioma,Training,f74c1f95ef7c8b0fa548ce3dfcfe33ec,val
data/Training/glioma/Tr-gl_979.jpg,glioma,Training,523d412fab8d311282bfd29b3c6b45a0,train
data/Training/glioma/Tr-gl_849.jpg,glioma,Training,2f6b81c63334c9436114d3dfad637324,train
data/Training/glioma/Tr-gl_74.jpg,glioma,Training,20e3be76b083bcadf7381ae693d95fff,train
data/Training/glioma/Tr-gl_1229.jpg,glioma,Training,0d9c31695fc6819a54acd68393e2399a,train
data/Training/glioma/Tr-gl_665.jpg,glioma,Training,ddf5025a1480a87c6d8ae7d71a18fd9a,train
data/Training/glioma/Tr-gl_1148.jpg,glioma,Training,ea7f452721c0c28b6020a68b199400f3,train
data/Training/glioma/Tr-gl_1266.jpg,glioma,Training,50e8176886d6f71b33de294ba35590da,train
data/Training/glioma/Tr-gl_1090.jpg,glioma,Training,9446de46943621a8238045be3b9f580b,train
data/Training/glioma/Tr-gl_927.jpg,glioma,Training,834219c031a6e0806ae390e7e855e579,train
data/Training/glioma/Tr-gl_791.jpg,glioma,Training,4d12bdcef8dfedc93699df7371e0a1d2,test
data/Training/glioma/Tr-gl_656.jpg,glioma,Training,91535c43ea84393d91269c672267db46,train
data/Training/glioma/Tr-gl_1097.jpg,glioma,Training,60af150adbf5164fb54afcf8e19dd691,train
data/Training/glioma/Tr-gl_551.jpg,glioma,Training,cafedb198a3139e018f9095153cb70d0,test
data/Training/glioma/Tr-gl_487.jpg,glioma,Training,612c729a3a0e09216be357bf513bb17e,train
data/Training/glioma/Tr-gl_1251.jpg,glioma,Training,e9da529e389aca0a674b976e4d025818,train
data/Training/glioma/Tr-gl_290.jpg,glioma,Training,a32b7907583b7c755f1e75cacc4e7c6d,test
data/Training/glioma/Tr-gl_1287.jpg,glioma,Training,426e8fbd99fa8edf04be091811366559,val
data/Training/glioma/Tr-gl_474.jpg,glioma,Training,69ee37c245651a4c27d3a7b37e5a415e,train
data/Training/glioma/Tr-gl_725.jpg,glioma,Training,3cc58d926b7dc6b94a2e82ca5afe4f7a,train
data/Training/glioma/Tr-gl_619.jpg,glioma,Training,ad51ed0dd64869f8176032acf89aa587,test
data/Training/glioma/Tr-gl_1098.jpg,glioma,Training,e3191f2fbd4438f80a6b6d5f7a70b96b,train
data/Training/glioma/Tr-gl_228.jpg,glioma,Training,c8d0f3ccff6af6953865e6941cb3eaac,train
data/Training/glioma/Tr-gl_362.jpg,glioma,Training,22aaf89cfb869c55b3b8d57962668082,test
data/Training/glioma/Tr-gl_61.jpg,glioma,Training,3d9dc7c1a1d24e0d278b1346f31a1c0d,train
data/Training/glioma/Tr-gl_172.jpg,glioma,Training,44d7258311d8042eae27eb761b537450,train
data/Training/glioma/Tr-gl_494.jpg,glioma,Training,f63129b0f07c84004e1a3da911c93215,train
data/Training/glioma/Tr-gl_106.jpg,glioma,Training,4b088c3ba03e9a9a3e38381fcc83c2d3,train
data/Training/glioma/Tr-gl_499.jpg,glioma,Training,0177523fb2d33ca0833074da946904fc,test
data/Training/glioma/Tr-gl_563.jpg,glioma,Training,1d6114bce805c9dc047ecbac114cf876,test
data/Training/glioma/Tr-gl_1285.jpg,glioma,Training,45cb25c76f8a584ea1b81261bfc8ea96,train
data/Training/glioma/Tr-gl_600.jpg,glioma,Training,aa8a9021b6b7be2d68dc6f7eceff15b1,val
data/Training/glioma/Tr-gl_586.jpg,glioma,Training,e82e86e94a965b81c6a4c11d1d34a7a0,train
data/Training/glioma/Tr-gl_42.jpg,glioma,Training,1a2336af6a21369b4f86c637da5d5f61,test
data/Training/glioma/Tr-gl_875.jpg,glioma,Training,70ea71f24f02615b06433a7bb308eee7,test
data/Training/glioma/Tr-gl_426.jpg,glioma,Training,0127d010f9e2e1caf0d0f249ae22226c,train
data/Training/glioma/Tr-gl_663.jpg,glioma,Training,63510690dedd2215b146dcdfd33672d1,train
data/Training/glioma/Tr-gl_651.jpg,glioma,Training,58f36c5a17a96618e8afef02c717e7b2,val
data/Training/glioma/Tr-gl_594.jpg,glioma,Training,66d3ef94c5b46c49a84743e404c2bd3e,train
data/Training/glioma/Tr-gl_1281.jpg,glioma,Training,f876a32df6e40522c3ac4bb1e818da38,train
data/Training/glioma/Tr-gl_702.jpg,glioma,Training,e7c911268d48c6538a3f543bd8f7b3ad,val
data/Training/glioma/Tr-gl_300.jpg,glioma,Training,08056e32c95e3725407696a6756b8621,train
data/Training/glioma/Tr-gl_1371.jpg,glioma,Training,96825c41e1c0416ad87b1617c9a90330,val
data/Training/glioma/Tr-gl_1244.jpg,glioma,Training,f18972032d2f453e3d664b59391970aa,train
data/Training/glioma/Tr-gl_972.jpg,glioma,Training,e460a1ad4a69893c8077f4d48b1934e8,train
data/Training/glioma/Tr-gl_1335.jpg,glioma,Training,c206891dc27d96d0ace77ce4714b7187,train
data/Training/glioma/Tr-gl_1171.jpg,glioma,Training,368f8d430e06ebd2f03552efd0dc1bd0,test
data/Training/glioma/Tr-gl_1094.jpg,glioma,Training,24d0b94dc745046c102df1e62fc2cc54,val
data/Training/glioma/Tr-gl_918.jpg,glioma,Training,5f3688c720fa1e4ae26dd93603b34357,train
data/Training/glioma/Tr-gl_1160.jpg,glioma,Training,d9225ea92ae86111f8b9471551713878,train
data/Training/glioma/Tr-gl_508.jpg,glioma,Training,05f8fd85c0462b898f83012c93908614,train
data/Training/glioma/Tr-gl_365.jpg,glioma,Training,c7b81293757b3ae08a90537c1d3d4158,train
data/Training/glioma/Tr-gl_851.jpg,glioma,Training,72b2322d3b87724827f64a6c18cb20a5,train
data/Training/glioma/Tr-gl_1141.jpg,glioma,Training,84ceaa8389845d7bbaa2e2b1134d7b6c,train
data/Training/glioma/Tr-gl_970.jpg,glioma,Training,79db1fadb5d29700a173868870d40b1c,train
data/Training/glioma/Tr-gl_510.jpg,glioma,Training,320fae9ab99d2594410dd97ef594572e,test
data/Training/glioma/Tr-gl_89.jpg,glioma,Training,f9e8b5d9f35f4fff9fdc3d6d575f6133,train
data/Training/glioma/Tr-gl_1076.jpg,glioma,Training,078917a6805f26b3fc8aa88cfae7e077,val
data/Training/glioma/Tr-gl_742.jpg,glioma,Training,b21fa327319e03aa25863f2b8c87c6ab,train
data/Training/glioma/Tr-gl_72.jpg,glioma,Training,376d9e80980171bf6b0b86c8f376cf4b,val
data/Training/glioma/Tr-gl_360.jpg,glioma,Training,806f2ab14da83093e9c49069a3bfe611,test
data/Training/glioma/Tr-gl_517.jpg,glioma,Training,b38d5ade9789414eb824150f922435ba,val
data/Training/glioma/Tr-gl_1057.jpg,glioma,Training,10f4540429c9b593ec3323fd045553e2,train
data/Training/glioma/Tr-gl_402.jpg,glioma,Training,2df273e036d3cfceb3d32d4673d22eda,test
data/Training/glioma/Tr-gl_1397.jpg,glioma,Training,6ff2a61b3a89dc5e878e36f8aa10d208,test
data/Training/glioma/Tr-gl_467.jpg,glioma,Training,9e79c0720f004baa79959b9dcfeb0d37,val
data/Training/glioma/Tr-gl_1336.jpg,glioma,Training,58acdf9a2291765ec0c73c918d795d35,train
data/Training/glioma/Tr-gl_1073.jpg,glioma,Training,6ae287f61efa5ae1e0eca5fdede5507a,train
data/Training/glioma/Tr-gl_920.jpg,glioma,Training,d6dd01bfe508aaea3f02ec2feee7f02a,val
data/Training/glioma/Tr-gl_408.jpg,glioma,Training,fa7404ce00fe4026cb58fa727c456a4d,train
data/Training/glioma/Tr-gl_1152.jpg,glioma,Training,c58bc6923702736d0bc353d2d1f09e08,test
data/Training/glioma/Tr-gl_507.jpg,glioma,Training,b5d7db0784d7bc46d525c5d17f5a29e0,train
data/Training/glioma/Tr-gl_381.jpg,glioma,Training,135ac65f52dfa623de1edd2922c26c3e,train
data/Training/glioma/Tr-gl_8.jpg,glioma,Training,dc23ef2c935864862571da26847a0184,train
data/Training/glioma/Tr-gl_583.jpg,glioma,Training,0ac0daabbcef4ef985709989f2440058,train
data/Training/glioma/Tr-gl_1085.jpg,glioma,Training,bbc661b6d3d07719e545f06a6566ad30,train
data/Training/glioma/Tr-gl_1253.jpg,glioma,Training,3393d299cf9f8311eb7edb9b08e23ea4,val
data/Training/glioma/Tr-gl_1269.jpg,glioma,Training,45d41eed9746d4599955e870b9695bfe,train
data/Training/glioma/Tr-gl_1187.jpg,glioma,Training,1df546c581453a113e4cfd01e8403882,val
data/Training/glioma/Tr-gl_58.jpg,glioma,Training,f9deb3298662f35186a8f3c6044ca360,test
data/Training/glioma/Tr-gl_421.jpg,glioma,Training,a17216ff6748592f0be4fdd43191db0d,train
data/Training/glioma/Tr-gl_1385.jpg,glioma,Training,693276d63ae65f1ef6e0dd3b8b97a7e9,train
data/Training/glioma/Tr-gl_650.jpg,glioma,Training,68e5753a075416e59b4e41b9200c198f,train
data/Training/glioma/Tr-gl_1370.jpg,glioma,Training,6af93e4332b92712d6e7b514a81faaf0,val
data/Training/glioma/Tr-gl_524.jpg,glioma,Training,bb6a0675cadbf4dd6b1af609b85f097a,train
data/Training/glioma/Tr-gl_179.jpg,glioma,Training,bd4b9eb42418a1da0c25e23e4774ce28,train
data/Training/glioma/Tr-gl_1321.jpg,glioma,Training,d9cffa704c87db2761e26ef71454c980,train
data/Training/glioma/Tr-gl_1100.jpg,glioma,Training,9063a7ae7e34cd0ea3152bbd24acae9e,val
data/Training/glioma/Tr-gl_73.jpg,glioma,Training,e11f4f03979f9b6f8b509d0d4877a0f3,train
data/Training/glioma/Tr-gl_1138.jpg,glioma,Training,8f1b7fe467d49a84b1e08d57f4b830d9,train
data/Training/glioma/Tr-gl_1210.jpg,glioma,Training,89e1d0318eb7d45c5070a0cf768c49bf,train
data/Training/glioma/Tr-gl_66.jpg,glioma,Training,519675fda27bffdd7348b9b3bdf4eaac,test
data/Training/glioma/Tr-gl_1239.jpg,glioma,Training,8929596deaa5bbc5339455de832eeddd,train
data/Training/glioma/Tr-gl_1052.jpg,glioma,Training,b4c8d98192db55a8d945ac89a81b074f,train
data/Training/glioma/Tr-gl_541.jpg,glioma,Training,64d02030ebd80b5c5309d5bdc73855fa,train
data/Training/glioma/Tr-gl_1396.jpg,glioma,Training,5a04b7dc423268daf9d422c8d7febed6,train
data/Training/glioma/Tr-gl_434.jpg,glioma,Training,974bae6de8a10576424f3d05c901b2cc,val
data/Training/glioma/Tr-gl_490.jpg,glioma,Training,66a84b1fdc26644e262ee3b574f89547,train
data/Training/glioma/Tr-gl_1271.jpg,glioma,Training,828976a28283eecb6c678b9a692d1a77,train
data/Training/glioma/Tr-gl_262.jpg,glioma,Training,a2930f54095efa5cff67e2db9b4db90f,val
data/Training/glioma/Tr-gl_341.jpg,glioma,Training,64404917fdf81ededd6ce4031f5021c7,train
data/Training/glioma/Tr-gl_959.jpg,glioma,Training,f2a484503ea0d3189d1129ace68b87cf,train
data/Training/glioma/Tr-gl_914.jpg,glioma,Training,fc352abf8db2945102b3f4e09d795375,train
data/Training/glioma/Tr-gl_1213.jpg,glioma,Training,95f63d594138fa63f35ae8e32b049b53,train
data/Training/glioma/Tr-gl_148.jpg,glioma,Training,21a2a3700ea10e330da3e212b5feb29a,train
data/Training/glioma/Tr-gl_1274.jpg,glioma,Training,85240b868b1ae8dbe92198fc097f8768,train
data/Training/glioma/Tr-gl_569.jpg,glioma,Training,e809907ca0770fadf3a5a58969ebf8cd,train
data/Training/glioma/Tr-gl_328.jpg,glioma,Training,6e3e64e05fb6547bf6efd7137672e005,train
data/Training/glioma/Tr-gl_306.jpg,glioma,Training,5ddfd22fd648821633b4706be9b090c0,train
data/Training/glioma/Tr-gl_288.jpg,glioma,Training,3eaa0fb7e8280d6dbece7daedfd9ad13,train
data/Training/glioma/Tr-gl_1132.jpg,glioma,Training,0a9891f53875f777abd87636c568a0c2,val
data/Training/glioma/Tr-gl_30.jpg,glioma,Training,924e4f2c34d43ad46a70a1058026258f,train
data/Training/glioma/Tr-gl_501.jpg,glioma,Training,dfcff800d5b47b397f6610ec93381bae,test
data/Training/glioma/Tr-gl_34.jpg,glioma,Training,abe04980a16109ad2c10ac800d1751dd,train
data/Training/glioma/Tr-gl_129.jpg,glioma,Training,37d009d8e3169dda4c9d047e32515de1,train
data/Training/glioma/Tr-gl_264.jpg,glioma,Training,30ab227e06e39644f1f4534a67c22b46,val
data/Training/glioma/Tr-gl_1183.jpg,glioma,Training,1e0ec51723c260a8b11677d4e3a259bd,test
data/Training/glioma/Tr-gl_383.jpg,glioma,Training,def7744140230bbc93f6fb3b713bba5f,val
data/Training/glioma/Tr-gl_833.jpg,glioma,Training,ce8e5ff0aa2e21680f401119b198a05b,train
data/Training/glioma/Tr-gl_121.jpg,glioma,Training,19309822fbe589eb12ce2a059b088da7,train
data/Training/glioma/Tr-gl_574.jpg,glioma,Training,462ac68a47cea7a483a460445b558f72,val
data/Training/glioma/Tr-gl_795.jpg,glioma,Training,057dc837e3d9f5c23473dcb95dca653e,train
data/Training/glioma/Tr-gl_429.jpg,glioma,Training,b6ba78827f5f77e17692a045dfabda2d,train
data/Training/glioma/Tr-gl_125.jpg,glioma,Training,bb2b57f6db4fa02c75be67184245173d,val
data/Training/glioma/Tr-gl_24.jpg,glioma,Training,404d8d0d30c763ba60cf1d749a07fac1,train
data/Training/glioma/Tr-gl_1199.jpg,glioma,Training,19330ae2b64457dc8eab1e01e8ed56db,train
data/Training/glioma/Tr-gl_64.jpg,glioma,Training,3cc951fff3fc1918c6b216f10f6bec60,test
data/Training/glioma/Tr-gl_246.jpg,glioma,Training,11011440fe8a7310444ed8d3ce880131,val
data/Training/glioma/Tr-gl_590.jpg,glioma,Training,e205d1260a19db108f1e43d24d207100,test
data/Training/glioma/Tr-gl_403.jpg,glioma,Training,464ebdff8e99c9d43f1c8a4f7edd4455,train
data/Training/glioma/Tr-gl_1345.jpg,glioma,Training,fbb86336b528d5186f8b752d9a1c89ca,train
data/Training/glioma/Tr-gl_444.jpg,glioma,Training,c4bac9fcaec2bc7978e1cfd39237ca68,train
data/Training/glioma/Tr-gl_1343.jpg,glioma,Training,574a309da446b9d33553f0927a17867e,train
data/Training/glioma/Tr-gl_933.jpg,glioma,Training,5784214f644743dee9f88c0aacf75c1f,train
data/Training/glioma/Tr-gl_389.jpg,glioma,Training,0285e982c40248a99280748bc1c99ab5,train
data/Training/glioma/Tr-gl_406.jpg,glioma,Training,f3b3970e073b4598c91eba226af68e5b,test
data/Training/glioma/Tr-gl_500.jpg,glioma,Training,786f5cc8af001a818bfe743227662b81,test
data/Training/glioma/Tr-gl_693.jpg,glioma,Training,413fd786fbc8ac5f8ba5679742f54b3a,test
data/Training/glioma/Tr-gl_278.jpg,glioma,Training,8ace098f11dde313edcf2ce1b31bcd96,train
data/Training/glioma/Tr-gl_132.jpg,glioma,Training,a3cb9306a0e02d77b75dbd8cf9a8f84c,train
data/Training/glioma/Tr-gl_1233.jpg,glioma,Training,f341e2c3addfffaf7f11e7b0016c96f9,test
data/Training/glioma/Tr-gl_201.jpg,glioma,Training,44b0136a3c129e3acba3c8ab0ffcff05,train
data/Training/glioma/Tr-gl_1374.jpg,glioma,Training,09c3f35fc757127eca81a04aba967153,train
data/Training/glioma/Tr-gl_1197.jpg,glioma,Training,6b9bc0fd81bf6ab44f37867aad96ec1d,train
data/Training/glioma/Tr-gl_1135.jpg,glioma,Training,34c75e70dfce1261ed38730c73a58d17,train
data/Training/glioma/Tr-gl_178.jpg,glioma,Training,479653edf4f4242ddfc7c8bb047fc36c,train
data/Training/glioma/Tr-gl_343.jpg,glioma,Training,6af3fdabc13651afce9e694106649601,train
data/Training/glioma/Tr-gl_506.jpg,glioma,Training,c257a1edb4bb86ab54560093fad4b8b7,train
data/Training/glioma/Tr-gl_1325.jpg,glioma,Training,5d822d1e578088ec6da8ae70d59d17bb,val
data/Training/glioma/Tr-gl_756.jpg,glioma,Training,0d4deb8ecc54c7c811a835bce899140d,val
data/Training/glioma/Tr-gl_356.jpg,glioma,Training,4edd3133490c10fe2466825425dbd706,train
data/Training/glioma/Tr-gl_741.jpg,glioma,Training,8a23676aa4bb8f5f72d7f9334307853c,test
data/Training/glioma/Tr-gl_493.jpg,glioma,Training,a727f5ca916d9cf8305c88789d2d577b,test
data/Training/glioma/Tr-gl_764.jpg,glioma,Training,27b5212f50671078e62cf18e73a17ba5,train
data/Training/glioma/Tr-gl_700.jpg,glioma,Training,3c7c5f31b6f2a0afb81d39716bf5b82f,train
data/Training/glioma/Tr-gl_528.jpg,glioma,Training,760b5adc5034de4893accb904b13a6e8,train
data/Training/glioma/Tr-gl_1326.jpg,glioma,Training,969350a5215f5ac542895d071985f036,train
data/Training/glioma/Tr-gl_420.jpg,glioma,Training,02e150917124d875d0d324717b63234d,test
data/Training/glioma/Tr-gl_511.jpg,glioma,Training,e841e96479361f5046c86174d8fa98c1,train
data/Training/glioma/Tr-gl_304.jpg,glioma,Training,c8990e7bdedac0244b1d03a05e74b92c,train
data/Training/glioma/Tr-gl_181.jpg,glioma,Training,a78da7fb60c1decbbacae8bcdd819787,train
data/Training/glioma/Tr-gl_1211.jpg,glioma,Training,a281d8ebc216ebddfa5424ee7c93dc7b,train
data/Training/glioma/Tr-gl_359.jpg,glioma,Training,4f7f67010ca15652079dc969e6dcdd16,train
data/Training/glioma/Tr-gl_557.jpg,glioma,Training,716f8107c593ca86a61768ed7bcdb83e,test
data/Training/glioma/Tr-gl_247.jpg,glioma,Training,d62a361cccf65af8c41b5f612ceb0842,train
data/Training/glioma/Tr-gl_760.jpg,glioma,Training,e95b35e5d766c4d3c04a6526a9bdea9c,train
data/Training/glioma/Tr-gl_1381.jpg,glioma,Training,8e66c50ebc59516607be85d2a819b674,train
data/Training/glioma/Tr-gl_826.jpg,glioma,Training,12fa51a777f6839e439f9ef0e48f24ac,test
data/Training/glioma/Tr-gl_806.jpg,glioma,Training,1733b3268650cb37967c45f1820f58fd,train
data/Training/glioma/Tr-gl_350.jpg,glioma,Training,1a1afa5da3cf242a83acf3f28a39b173,val
data/Training/glioma/Tr-gl_376.jpg,glioma,Training,2f627ddbbf93468ba5904fdcdb831b06,train
data/Training/glioma/Tr-gl_1081.jpg,glioma,Training,16768c16fd7b553a1dd920fb7e4cc725,train
data/Training/glioma/Tr-gl_604.jpg,glioma,Training,08625c9ac1dd2286c82f4c4dc24c9bb4,val
data/Training/glioma/Tr-gl_207.jpg,glioma,Training,67c16c59a9691ee4ac1f6b4692da3923,test
data/Training/glioma/Tr-gl_405.jpg,glioma,Training,9587be29144857fa8aa2f8d2329418ff,train
data/Training/glioma/Tr-gl_570.jpg,glioma,Training,ebb26da59a85bda7e9d336a574c29653,train
data/Training/glioma/Tr-gl_104.jpg,glioma,Training,1b8a5e8d1cdf553f8cb1a8b9384a228f,train
data/Training/glioma/Tr-gl_407.jpg,glioma,Training,7f5d34872c9b907304e382f08fa813ab,train
data/Training/glioma/Tr-gl_253.jpg,glioma,Training,3b59d768b46199a08676f81b29982585,test
data/Training/glioma/Tr-gl_923.jpg,glioma,Training,7bbca27455825aa34a7ddaf8e4a6adfc,train
data/Training/glioma/Tr-gl_859.jpg,glioma,Training,9bfb252966a709f9de72ff950447d82a,train
data/Training/glioma/Tr-gl_870.jpg,glioma,Training,67b183cda5fb0cd9ab9d420be68ce77a,train
data/Training/glioma/Tr-gl_696.jpg,glioma,Training,d83372a9fc9f10a01b8db6337f98e4fc,train
data/Training/glioma/Tr-gl_823.jpg,glioma,Training,a1d9d070968e97029aee04e6b4164acf,val
data/Training/glioma/Tr-gl_477.jpg,glioma,Training,5b47c77b198ef25ce9e27ae65f97ec1c,train
data/Training/glioma/Tr-gl_1288.jpg,glioma,Training,600d1dbf2744f0fda73fc176c831f2cc,train
data/Training/glioma/Tr-gl_287.jpg,glioma,Training,7f209a50a848b7931afacffa10eada34,train
data/Training/glioma/Tr-gl_1309.jpg,glioma,Training,de357db126c2562c76eecf14a2324038,train
data/Training/glioma/Tr-gl_368.jpg,glioma,Training,1eb74f66266770c2d58be6aa26ee6b64,val
data/Training/glioma/Tr-gl_889.jpg,glioma,Training,d3bb89fb8642d22a29855e116cefbe5a,train
data/Training/glioma/Tr-gl_410.jpg,glioma,Training,777a0b88eb69393f7e510868b6e1daba,train
data/Training/glioma/Tr-gl_825.jpg,glioma,Training,454aa28bf5ed3c49a10fe0cc47ca93c0,train
data/Training/glioma/Tr-gl_866.jpg,glioma,Training,5f022d6c3c6ca8fb3618ac77fe368937,train
data/Training/glioma/Tr-gl_882.jpg,glioma,Training,3e894f3b486faf83116216be78dc5c02,train
data/Training/glioma/Tr-gl_525.jpg,glioma,Training,bbc7b44ea8df1e71340542da16a1f6cf,train
data/Training/glioma/Tr-gl_527.jpg,glioma,Training,b91eb0ca957b04298ee4394ffab19b51,train
data/Training/glioma/Tr-gl_452.jpg,glioma,Training,814cd3caeb600b847ce76fd07ff7323c,train
data/Training/glioma/Tr-gl_648.jpg,glioma,Training,7f34d26d9d2624538565e12e8e5a83f4,test
data/Training/glioma/Tr-gl_896.jpg,glioma,Training,9eede1979845931581bef1ee73845e44,train
data/Training/glioma/Tr-gl_613.jpg,glioma,Training,4d835918ed402d5bb1a51d3d006e7086,val
data/Training/glioma/Tr-gl_174.jpg,glioma,Training,8bf10cf6cace1ab8343e789d320900b5,train
data/Training/glioma/Tr-gl_1000.jpg,glioma,Training,9119e893f98b5c37041123300fdca487,train
data/Training/glioma/Tr-gl_1219.jpg,glioma,Training,3624c64991e2471a319c8466eee2d35a,val
data/Training/glioma/Tr-gl_418.jpg,glioma,Training,4818ac17e6308d1b48626b98608194e8,val
data/Training/glioma/Tr-gl_1263.jpg,glioma,Training,942754f6aa4c589caa1834b1a03708d9,train
data/Training/glioma/Tr-gl_447.jpg,glioma,Training,69c0b4f6e68a719dc0a9b92964b1753c,train
data/Training/glioma/Tr-gl_948.jpg,glioma,Training,2ebd6de8f6c3294dcfd7e4f68ce9223d,train
data/Training/glioma/Tr-gl_284.jpg,glioma,Training,04a1cde5c594ded62c3056873c36548d,train
data/Training/glioma/Tr-gl_864.jpg,glioma,Training,3db59141cfa80c9be3ea603d10d28442,train
data/Training/glioma/Tr-gl_415.jpg,glioma,Training,ae29c6c6f4f27ec09910cdd2b873cc14,train
data/Training/glioma/Tr-gl_1327.jpg,glioma,Training,d5025de976642a9783a0cc99d5bf599d,train
data/Training/glioma/Tr-gl_244.jpg,glioma,Training,d08d4ca11c053e66fffe87f4905bbf3c,test
data/Training/glioma/Tr-gl_1070.jpg,glioma,Training,0206271cee6e82789d02bd7992e858e8,train
data/Training/glioma/Tr-gl_1112.jpg,glioma,Training,c245eaa9cf980085a04513977a7ff801,train
data/Training/glioma/Tr-gl_340.jpg,glioma,Training,89f72a9e980cda547c38bc083be4a0ff,train
data/Training/glioma/Tr-gl_655.jpg,glioma,Training,5831cbec4d76481e95e4c6fc85c5042d,train
data/Training/glioma/Tr-gl_556.jpg,glioma,Training,458416a66babb6e7b033ab208cbd52a0,test
data/Training/glioma/Tr-gl_1178.jpg,glioma,Training,190cc4b8e832f9ea225726d186c8c36d,train
data/Training/glioma/Tr-gl_57.jpg,glioma,Training,1d676fcead28c5262678b6c833368d06,test
data/Training/glioma/Tr-gl_597.jpg,glioma,Training,1a6b5da9fd487918a233507f1b8dad75,train
data/Training/glioma/Tr-gl_841.jpg,glioma,Training,62628abbf8b18f30b350098557468aae,train
data/Training/glioma/Tr-gl_25.jpg,glioma,Training,0150f9b9e02667976e51ef8d6495b9dd,train
data/Training/glioma/Tr-gl_797.jpg,glioma,Training,de15230e3b22b6e42ffc94fd76562109,train
data/Training/glioma/Tr-gl_1220.jpg,glioma,Training,e4b93234e6ac39a2ae14d3b93d0a23bf,test
data/Training/glioma/Tr-gl_553.jpg,glioma,Training,3547d58e2df17d633e5740405dee11e9,train
data/Training/glioma/Tr-gl_112.jpg,glioma,Training,d29f4887fe50215d36757e2eed8df0ba,train
data/Training/glioma/Tr-gl_82.jpg,glioma,Training,90d87ea6b3bffd0a04a6c3f7ce4ecad8,train
data/Training/glioma/Tr-gl_1209.jpg,glioma,Training,c7286161ab4d3224a45383e0edac715a,train
data/Training/glioma/Tr-gl_1202.jpg,glioma,Training,8fa586cbbc7f503bd2d39f6fe0643c6d,train
data/Training/glioma/Tr-gl_1188.jpg,glioma,Training,7da540281a96fbda9faf7078cb4f8043,val
data/Training/glioma/Tr-gl_1086.jpg,glioma,Training,4b7fdb47e5177e7bb4b65ceb5b0c2dd8,val
data/Training/glioma/Tr-gl_1110.jpg,glioma,Training,d079a570963a23f138cebb8cdc7dd339,test
data/Training/glioma/Tr-gl_1151.jpg,glioma,Training,b77e046fcd5abcf411dd91cf091ae38d,test
data/Training/glioma/Tr-gl_28.jpg,glioma,Training,38dffcf0d02da8777f6cf5695c1329be,train
data/Training/glioma/Tr-gl_622.jpg,glioma,Training,a5282c030be02a6081095b71565f0522,train
data/Training/glioma/Tr-gl_454.jpg,glioma,Training,55a14e952acd475386a2a2d61675e071,val
data/Training/glioma/Tr-gl_160.jpg,glioma,Training,acea6363f4c5bf73c2d1b0dc6d69a7f2,train
data/Training/glioma/Tr-gl_296.jpg,glioma,Training,8508067294a1c793b28e63e9aa7ca0bb,train
data/Training/glioma/Tr-gl_715.jpg,glioma,Training,1bf51772a5326f521311eb453a184445,train
data/Training/glioma/Tr-gl_1080.jpg,glioma,Training,e6281ab182d92e3da6a64567b2f18e7e,test
data/Training/glioma/Tr-gl_654.jpg,glioma,Training,66033aade58fc367fab8fc23ffdbe1eb,test
data/Training/glioma/Tr-gl_255.jpg,glioma,Training,55d07d01ccdebd786d9ef140783788ef,test
data/Training/glioma/Tr-gl_562.jpg,glioma,Training,d97c58e3ba4a5866be69df92156d5b21,train
data/Training/glioma/Tr-gl_462.jpg,glioma,Training,0754887ba7fc5ecb43bc635f5e596878,test
data/Training/glioma/Tr-gl_456.jpg,glioma,Training,578f5db9948738974fe19431b32a4b8b,train
data/Training/glioma/Tr-gl_1329.jpg,glioma,Training,f4e2f84b7cc08ac7a804376ffbaa9ba8,train
data/Training/glioma/Tr-gl_770.jpg,glioma,Training,ab45378700fe36701faa1fef4c472403,train
data/Training/glioma/Tr-gl_930.jpg,glioma,Training,6567c628e07d77e055d93c0b76c2fbb8,test
data/Training/glioma/Tr-gl_398.jpg,glioma,Training,37f4af41942823021b9fc6170004848d,train
data/Training/glioma/Tr-gl_1302.jpg,glioma,Training,d752643ab3521b6db2f56bd94833219f,train
data/Training/glioma/Tr-gl_521.jpg,glioma,Training,f389bd7de17398d43090a8bc17a93a49,train
data/Training/glioma/Tr-gl_1078.jpg,glioma,Training,33fb7f248c83a87f39c3a53642120ea0,train
data/Training/glioma/Tr-gl_62.jpg,glioma,Training,f8423de0aa4910d78c04820947d6c967,val
data/Training/glioma/Tr-gl_122.jpg,glioma,Training,b90810b451fa99ad330d5e7a2e1e335d,train
data/Training/glioma/Tr-gl_1.jpg,glioma,Training,9609f833ab5eaafb467f96521a8957da,val
data/Training/glioma/Tr-gl_1206.jpg,glioma,Training,40b40208ddeac66543572e3fa246e045,train
data/Training/glioma/Tr-gl_277.jpg,glioma,Training,8b1bbf4d78dd751f8f3d876471b4b510,train
data/Training/glioma/Tr-gl_35.jpg,glioma,Training,09ca2fbbcaee6bc7358cb93548c944bb,train
data/Training/glioma/Tr-gl_735.jpg,glioma,Training,b7aec4ac0eafa67a488e04c257d09395,test
data/Training/glioma/Tr-gl_879.jpg,glioma,Training,b84caa86534e6ed39fd8d68f07b2206e,train
data/Training/glioma/Tr-gl_861.jpg,glioma,Training,8ba3127506212d272ca03388ed85d05f,train
data/Training/glioma/Tr-gl_1298.jpg,glioma,Training,0d125671166f0cefa4f7fdc8b79e9cfc,test
data/Training/glioma/Tr-gl_1277.jpg,glioma,Training,214c762806a5f0275da99a60462bd56e,train
data/Training/glioma/Tr-gl_180.jpg,glioma,Training,6dc0fa41cfba44d64ddd2d13e3951c99,train
data/Training/glioma/Tr-gl_863.jpg,glioma,Training,b26e0e957a4f0594851bd30f76a7f891,train
data/Training/glioma/Tr-gl_53.jpg,glioma,Training,3eb7d1fd59fc768177a3023b21fb120e,train
data/Training/glioma/Tr-gl_1050.jpg,glioma,Training,12d8b3299be4c1f15fba701520670a68,val
data/Training/glioma/Tr-gl_1363.jpg,glioma,Training,1b6ec8ac8b7a30df3cc0fc1de35fc934,train
data/Training/glioma/Tr-gl_274.jpg,glioma,Training,0eee59ac75907760b8290542d807654d,train
data/Training/glioma/Tr-gl_377.jpg,glioma,Training,27e5f391d72a7b5a0bdeedaa586021fb,val
data/Training/glioma/Tr-gl_1054.jpg,glioma,Training,244fa762d090502f3250537dc0ccb351,val
data/Training/glioma/Tr-gl_754.jpg,glioma,Training,9aa0c7d1936141407dbbff90159f8f1d,train
data/Training/glioma/Tr-gl_901.jpg,glioma,Training,4d6744533c0fc7a1d5b7488675456bc6,train
data/Training/glioma/Tr-gl_1126.jpg,glioma,Training,8788e912668ea5bf3ee090780479190c,test
data/Training/glioma/Tr-gl_298.jpg,glioma,Training,b2ae73784e887ebc5e520210c7925c7c,train
data/Training/glioma/Tr-gl_65.jpg,glioma,Training,c9eec0ed1265314e5ec3876858ec09ae,train
data/Training/glioma/Tr-gl_1399.jpg,glioma,Training,2fa998b747083aef4ca5c966624c199b,train
data/Training/glioma/Tr-gl_738.jpg,glioma,Training,a12c393562829ea13e650d24fe8dda14,val
data/Training/glioma/Tr-gl_79.jpg,glioma,Training,0de098f307418b70837200926f2a1ce8,train
data/Training/glioma/Tr-gl_802.jpg,glioma,Training,cea3b92a6ea997bef52848858c9e1e6a,val
data/Training/glioma/Tr-gl_1019.jpg,glioma,Training,205a1c226ada39501c49deb747bafb54,val
data/Training/glioma/Tr-gl_465.jpg,glioma,Training,ae607b45dbbfbc9f2f342c54411b8233,train
data/Training/glioma/Tr-gl_577.jpg,glioma,Training,cddf9a9bdcd8dfb44a547829ae90526d,test
data/Training/glioma/Tr-gl_346.jpg,glioma,Training,f12137444182917c0477373d914c7165,train
data/Training/glioma/Tr-gl_821.jpg,glioma,Training,ed9328ea9a16c7e89f4b650e22c8243b,train
data/Training/glioma/Tr-gl_546.jpg,glioma,Training,d8f62914fb6c636edbe887d361a47142,test
data/Training/glioma/Tr-gl_1168.jpg,glioma,Training,e8440c00860cfa3bf4be21f6f0ed5d92,val
data/Training/glioma/Tr-gl_614.jpg,glioma,Training,92f8c8df61a5063beca97e98f4cb1026,train
data/Training/glioma/Tr-gl_540.jpg,glioma,Training,241066edcc412c584125805db7db713a,train
data/Training/glioma/Tr-gl_1025.jpg,glioma,Training,415b9e8a84644c84677ce8714191d271,train
data/Training/glioma/Tr-gl_1315.jpg,glioma,Training,5b4b23d3e93716622adb5dd8bdaa479c,train
data/Training/glioma/Tr-gl_1145.jpg,glioma,Training,16ae66fda9f017cbbac1c3d253cf2bf6,train
data/Training/glioma/Tr-gl_258.jpg,glioma,Training,5c1ecb66d936331bbdf762b1eec36296,train
data/Training/glioma/Tr-gl_187.jpg,glioma,Training,fcfe18379e3bb34a26cfc667bf60bb6a,train
data/Training/glioma/Tr-gl_1005.jpg,glioma,Training,198b6db1eefbc29fc70917d7cfff4a7b,val
data/Training/glioma/Tr-gl_430.jpg,glioma,Training,df45a6b013ed5a32b257cce01428e0a3,train
data/Training/glioma/Tr-gl_989.jpg,glioma,Training,7706238b71a19423c4dcb1b786c635d3,train
data/Training/glioma/Tr-gl_196.jpg,glioma,Training,163c3bc3f2341808fc389d7d2d45263e,train
data/Training/glioma/Tr-gl_997.jpg,glioma,Training,45c85d07f5ea6f8f8c074608ec9f31f6,train
data/Training/glioma/Tr-gl_854.jpg,glioma,Training,74169ef1a285add837cf16093d203d5b,val
data/Training/glioma/Tr-gl_252.jpg,glioma,Training,ce11513d7dfb1c4310eaac31e0af24f7,train
data/Training/glioma/Tr-gl_44.jpg,glioma,Training,506123a87656c66ef8ec90154a3e251e,val
data/Training/glioma/Tr-gl_144.jpg,glioma,Training,4583a3b977f682fcbc32ef89d9b48fa6,val
data/Training/glioma/Tr-gl_387.jpg,glioma,Training,0f592923c27ac44995ab7f7dbad18e46,test
data/Training/glioma/Tr-gl_1022.jpg,glioma,Training,e780db312c2fd2f4e030f631936e137d,train
data/Training/glioma/Tr-gl_23.jpg,glioma,Training,a84abf449a504a69c98ace228937cf4b,train
data/Training/glioma/Tr-gl_988.jpg,glioma,Training,bf2ff0a848ada74705440f0561eed300,test
data/Training/glioma/Tr-gl_219.jpg,glioma,Training,380d70567640fb7c7a272b987e0d43c9,train
data/Training/glioma/Tr-gl_469.jpg,glioma,Training,8d7496655ad939a2ca422924672076a9,val
data/Training/glioma/Tr-gl_1290.jpg,glioma,Training,85e231ac0e10d6d6ed89ec6be755de66,train
data/Training/glioma/Tr-gl_782.jpg,glioma,Training,4dcabe886f99ea03f42b10066b9f3503,val
data/Training/glioma/Tr-gl_1218.jpg,glioma,Training,7ca97e505b5abb783fe7fd0be6560f11,train
data/Training/glioma/Tr-gl_837.jpg,glioma,Training,51e080f025a4adde914274471abb2aff,train
data/Training/glioma/Tr-gl_102.jpg,glioma,Training,83b5cfe3380cb9e161cad633c1d6d7f1,val
data/Training/glioma/Tr-gl_772.jpg,glioma,Training,c17b18ec505488e1b419739e0a568d73,train
data/Training/glioma/Tr-gl_1246.jpg,glioma,Training,9819c45a67c3817ef643366244333807,train
data/Training/glioma/Tr-gl_824.jpg,glioma,Training,230a4fcaa1d0ec811856efabc1813da4,test
data/Training/glioma/Tr-gl_1087.jpg,glioma,Training,a827fd56ffc26afa39eb7613680aaff1,val
data/Training/glioma/Tr-gl_709.jpg,glioma,Training,d048af0d1178eecb14d2e4899521ee11,train
data/Training/glioma/Tr-gl_123.jpg,glioma,Training,68327b400f68fb967d4fcdfd64c00242,train
data/Training/glioma/Tr-gl_190.jpg,glioma,Training,32d03099cd2a1f63871701f760f8620b,train
data/Training/glioma/Tr-gl_993.jpg,glioma,Training,e1185abe145594d3ea0589b2df1fa3fa,train
data/Training/glioma/Tr-gl_1107.jpg,glioma,Training,64900706d83fce09c66c0bb1ed495114,val
data/Training/glioma/Tr-gl_369.jpg,glioma,Training,b5faf302cf4a0b13f43a48548dce6d17,val
data/Training/glioma/Tr-gl_719.jpg,glioma,Training,357400aba8fa5dfdcc3095e406e6195d,test
data/Training/glioma/Tr-gl_945.jpg,glioma,Training,aeb86e1ccd03c18364655b03526405f0,train
data/Training/glioma/Tr-gl_544.jpg,glioma,Training,b8afea48912f1a18538f99d2f7903ff5,train
data/Training/glioma/Tr-gl_769.jpg,glioma,Training,864d978a8ac097603ab3b5b09963266c,test
data/Training/meningioma/Tr-me_1056.jpg,meningioma,Training,78f493dc0703345d3ab043e17b0a5014,train
data/Training/meningioma/Tr-me_436.jpg,meningioma,Training,2a293a5fa409359ecb79e694be58da2f,train
data/Training/meningioma/Tr-me_937.jpg,meningioma,Training,e465f8930cf0f6dc768dfa87fb9aa17c,train
data/Training/meningioma/Tr-me_951.jpg,meningioma,Training,f229dbf08b15a10bbeb02cc5664f0e7b,test
data/Training/meningioma/Tr-me_286.jpg,meningioma,Training,d1f0b234edb10aaaf41b1278442281d6,train
data/Training/meningioma/Tr-me_537.jpg,meningioma,Training,db5a54663b2c5f3956ee2b78b13760cb,train
data/Training/meningioma/Tr-me_257.jpg,meningioma,Training,64575e39d433ad458a47667e64b2546a,train
data/Training/meningioma/Tr-aug-me_39.jpg,meningioma,Training,0bd43d3a89e5103d4b8a0f7cbc8a49e6,train
data/Training/meningioma/Tr-me_701.jpg,meningioma,Training,13538e390c6fe8649142279a60d51535,train
data/Training/meningioma/Tr-me_137.jpg,meningioma,Training,12754b28a169fdda7bd1ccab56b39c18,train
data/Training/meningioma/Tr-me_13.jpg,meningioma,Training,26f174da324fb69510f72eafa3969a33,test
data/Training/meningioma/Tr-me_25.jpg,meningioma,Training,c310bd0ee4320af0be1b109295ca5188,train
data/Training/meningioma/Tr-me_712.jpg,meningioma,Training,566cb266f245c7ac9eccbe41d4ba537e,train
data/Training/meningioma/Tr-me_211.jpg,meningioma,Training,c45db31730d2168878f43f5a4ea2538a,train
data/Training/meningioma/Tr-me_1290.jpg,meningioma,Training,fd90d34d5f8fb9e36e9a3a74ce51152b,train
data/Training/meningioma/Tr-me_675.jpg,meningioma,Training,61cd206642f32b8978e848a82de5c286,train
data/Training/meningioma/Tr-me_693.jpg,meningioma,Training,6c342276b62a464d3742b7e1845612bc,train
data/Training/meningioma/Tr-me_800.jpg,meningioma,Training,5575f2ac7618f715d2ef3f0b4ce004bb,train
data/Training/meningioma/Tr-me_100.jpg,meningioma,Training,3185bb5ac09723709bf1e9f16de67166,train
data/Training/meningioma/Tr-me_1188.jpg,meningioma,Training,d4aed66a7a298f3570c233d2814cc584,train
data/Training/meningioma/Tr-me_749.jpg,meningioma,Training,487e8da00f43ca6e20a546e2e96f4697,train
data/Training/meningioma/Tr-me_398.jpg,meningioma,Training,40a7f5f0c130416d97e1f77663d5d08e,train
data/Training/meningioma/Tr-me_581.jpg,meningioma,Training,42972b5b6d74f1e935b9244afc7dd3f5,train
data/Training/meningioma/Tr-me_1140.jpg,meningioma,Training,87b00d50a3c1e0137e505a7f07bf0df8,train
data/Training/meningioma/Tr-aug-me_33.jpg,meningioma,Training,0291aa3fc68df1bc159552c7425ffed3,train
data/Training/meningioma/Tr-me_390.jpg,meningioma,Training,dd9a4ad4080bd6a959008b4adfb2028f,train
data/Training/meningioma/Tr-me_271.jpg,meningioma,Training,b51be8222b3ad2737daf6fbb2e649a2a,train
data/Training/meningioma/Tr-me_893.jpg,meningioma,Training,ae99ea50dc6f8e2e25332086443d638d,train
data/Training/meningioma/Tr-me_420.jpg,meningioma,Training,345bd86b111e9341811ee9a8f1cbc396,train
data/Training/meningioma/Tr-me_525.jpg,meningioma,Training,0238f5fee327f2f26eac66704f18d4cd,train
data/Training/meningioma/Tr-me_423.jpg,meningioma,Training,50baadf5d8bce475f3aa07932d62ce3e,train
data/Training/meningioma/Tr-me_1232.jpg,meningioma,Training,fb63a363d98fe32adca3e735b8a430a2,train
data/Training/meningioma/Tr-me_481.jpg,meningioma,Training,dbce730b01aa86fe8449b618aa0cf1c2,train
data/Training/meningioma/Tr-me_383.jpg,meningioma,Training,7bc6ef448c9d7c9973274f34392f77db,test
data/Training/meningioma/Tr-me_178.jpg,meningioma,Training,027b34e0b373bb197c8b14822cf9dbef,train
data/Training/meningioma/Tr-me_361.jpg,meningioma,Training,7b1eed21e35694d6993b0941d1d0dab3,train
data/Training/meningioma/Tr-aug-me_36.jpg,meningioma,Training,59416601dd30531ccdcc917e76b2d15c,train
data/Training/meningioma/Tr-me_538.jpg,meningioma,Training,5d52ef51c201e19da472a4ebfe2d6979,test
data/Training/meningioma/Tr-me_1253.jpg,meningioma,Training,b091dcbb518ae2c73d632d85233186b0,test
data/Training/meningioma/Tr-me_98.jpg,meningioma,Training,b019383b7e6a49d232672e5cf8b62589,train
data/Training/meningioma/Tr-me_1068.jpg,meningioma,Training,533f69a8f0ebf57d03070e1e630fe6ee,train
data/Training/meningioma/Tr-me_290.jpg,meningioma,Training,90d4463f41db3a528987535ff7ac7af3,test
data/Training/meningioma/Tr-me_1199.jpg,meningioma,Training,06528b98365a4ef5ee94e4e20b39dfaf,train
data/Training/meningioma/Tr-me_340.jpg,meningioma,Training,b033fd3e468a87072d304e7624a53bb3,train
data/Training/meningioma/Tr-me_1186.jpg,meningioma,Training,08ab0690b756215c24edc1982a5baf79,train
data/Training/meningioma/Tr-me_477.jpg,meningioma,Training,b1bcec1d77b5cd24d731212c979762a0,train
data/Training/meningioma/Tr-me_695.jpg,meningioma,Training,881589ec4d127291a5b75b0023b41c5f,train
data/Training/meningioma/Tr-me_465.jpg,meningioma,Training,bd589167f6ddb9d005f4ec9d4ce77123,train
data/Training/meningioma/Tr-me_1125.jpg,meningioma,Training,501b81f4a3f7dd7015e95e760083e99f,train
data/Training/meningioma/Tr-me_678.jpg,meningioma,Training,fa3c485c004ca9f690771d7f447b39a4,train
data/Training/meningioma/Tr-aug-me_83.jpg,meningioma,Training,1d5ff3bf08a18a2a4fe2ac90ef57bdf8,train
data/Training/meningioma/Tr-me_1248.jpg,meningioma,Training,dbfe7a428ac3b03448a759aeed2d6a01,train
data/Training/meningioma/Tr-me_156.jpg,meningioma,Training,03fc864ad45448663c694459c90d9920,train
data/Training/meningioma/Tr-me_484.jpg,meningioma,Training,abc7a17b1773660ea8c3e7584dbe38d4,val
data/Training/meningioma/Tr-me_616.jpg,meningioma,Training,0047debbf9ede24ff8c7a2517cb27164,test
data/Training/meningioma/Tr-me_697.jpg,meningioma,Training,69351c291ed94d748cd01f12f5371689,train
data/Training/meningioma/Tr-me_680.jpg,meningioma,Training,9d6d7dc675779e17f8c2b56251220477,train
data/Training/meningioma/Tr-me_980.jpg,meningioma,Training,a1f69fb7d3a86625904557c5f694be1f,test
data/Training/meningioma/Tr-me_1194.jpg,meningioma,Training,10b0fd4032064762679e0a27a699b83b,val
data/Training/meningioma/Tr-me_115.jpg,meningioma,Training,6d3a3e0434095ab7625d36b01a0da79a,train
data/Training/meningioma/Tr-me_648.jpg,meningioma,Training,b2c2c904ec993450dc50fe75398ff587,train
data/Training/meningioma/Tr-me_75.jpg,meningioma,Training,53711b8dd8df01042a9bc841bcc732a6,train
data/Training/meningioma/Tr-me_1287.jpg,meningioma,Training,90c62d76f0861fe193042a397d8f8eb6,val
data/Training/meningioma/Tr-me_1008.jpg,meningioma,Training,0e6a27fd60480c2baf61d489a7e6eb16,val
data/Training/meningioma/Tr-me_453.jpg,meningioma,Training,be39df2f507c7f2b8aa15b35efb8db4c,train
data/Training/meningioma/Tr-me_994.jpg,meningioma,Training,40f266b177b75cad650cb55b3ac2c521,train
data/Training/meningioma/Tr-me_509.jpg,meningioma,Training,4c19e7f67b3527b36efab3221dced907,val
data/Training/meningioma/Tr-me_641.jpg,meningioma,Training,b3f0f9101baecc44c19ccb7d13e3957f,train
data/Training/meningioma/Tr-me_764.jpg,meningioma,Training,6390f18a02fdc3940ae4fe5907311f67,train
data/Training/meningioma/Tr-me_633.jpg,meningioma,Training,23050df779adb7e9c757c1ccd78e2621,train
data/Training/meningioma/Tr-me_825.jpg,meningioma,Training,4cb5f7e5d9fd06db069a55ee8c201aca,train
data/Training/meningioma/Tr-me_1050.jpg,meningioma,Training,50e15aaa5423f410692c593cb434b08c,val
data/Training/meningioma/Tr-me_753.jpg,meningioma,Training,45231709563f713e8e70fd3578239209,train
data/Training/meningioma/Tr-me_460.jpg,meningioma,Training,9d4062029c63399121d87ab8be36e902,train
data/Training/meningioma/Tr-me_323.jpg,meningioma,Training,7562676a9e332c31e2470095e3532a80,val
data/Training/meningioma/Tr-me_27.jpg,meningioma,Training,1cb678ad9d0b5e77ee0fdf8378813c3f,test
data/Training/meningioma/Tr-me_280.jpg,meningioma,Training,dc7f62c6744afa00726648b2d00f8542,train
data/Training/meningioma/Tr-me_762.jpg,meningioma,Training,1e48e28ea7a4a1673f5708ac62c9a14d,test
data/Training/meningioma/Tr-me_1005.jpg,meningioma,Training,6ba15839b777957f95f9c1aadf80609e,test
data/Training/meningioma/Tr-me_276.jpg,meningioma,Training,57e6875bf955df891d8e9388e0e7ae17,train
data/Training/meningioma/Tr-me_102.jpg,meningioma,Training,3df200f60467610d9a35006108255961,train
data/Training/meningioma/Tr-me_497.jpg,meningioma,Training,04905e66c59d8c32359598bbaf766723,train
data/Training/meningioma/Tr-aug-me_73.jpg,meningioma,Training,dc343118d3cbb3fbf873593479532bac,train
data/Training/meningioma/Tr-me_1230.jpg,meningioma,Training,0c4259d35df4e1829fe4ed6e72fb5f28,train
data/Training/meningioma/Tr-me_1275.jpg,meningioma,Training,11718ee3cad9b92f181754e9417b9980,val
data/Training/meningioma/Tr-me_971.jpg,meningioma,Training,51a5e4b2a65500ec1c765662ec9bf4f4,test
data/Training/meningioma/Tr-me_434.jpg,meningioma,Training,eb4077c4f102b98571446bd595be21df,val
data/Training/meningioma/Tr-aug-me_41.jpg,meningioma,Training,d0709dcc6562b44e05fe2ec8595634bc,train
data/Training/meningioma/Tr-me_217.jpg,meningioma,Training,97188df9604b973610cd668edf5d0893,train
data/Training/meningioma/Tr-me_462.jpg,meningioma,Training,299c70b720c4d033b66118f2056b2570,test
data/Training/meningioma/Tr-me_794.jpg,meningioma,Training,6f9e817508a9bfdcd795bf93934c451c,test
data/Training/meningioma/Tr-me_303.jpg,meningioma,Training,2016801025025ae7a4056f30c5050c8d,train
data/Training/meningioma/Tr-me_583.jpg,meningioma,Training,bbaa6720b0aa032be627af17f603de4e,train
data/Training/meningioma/Tr-me_1183.jpg,meningioma,Training,428389c61ed246315bf5948faf825b09,val
data/Training/meningioma/Tr-me_957.jpg,meningioma,Training,dc3df669de55c11542df0a986ba3e1e8,train
data/Training/meningioma/Tr-me_514.jpg,meningioma,Training,4ccfe21e1627e7d30eb48dfe30985f98,train
data/Training/meningioma/Tr-me_1035.jpg,meningioma,Training,d1a1137f23b47f98b5781761d833950a,train
data/Training/meningioma/Tr-me_822.jpg,meningioma,Training,5c6f5d1c7cb5a57c8c16114dae99d359,test
data/Training/meningioma/Tr-me_1223.jpg,meningioma,Training,a56a7991f408218710ae9a49e53aa214,train
data/Training/meningioma/Tr-me_720.jpg,meningioma,Training,a6609b4cf7fa7588326dda026b0641d6,train
data/Training/meningioma/Tr-me_599.jpg,meningioma,Training,e37333b388d021a4c0253b1fa0a75c34,train
data/Training/meningioma/Tr-me_389.jpg,meningioma,Training,a44ffea5819a848a26f9377ceb195167,train
data/Training/meningioma/Tr-me_721.jpg,meningioma,Training,a647c4b720a2de84812e095df69f0c66,train
data/Training/meningioma/Tr-me_898.jpg,meningioma,Training,1d953cf35c57480925ffddcaa7dd157e,val
data/Training/meningioma/Tr-me_1215.jpg,meningioma,Training,4c27d59166590080d2d26b20c6c876a9,train
data/Training/meningioma/Tr-me_237.jpg,meningioma,Training,7332c7762622f6c452e97dbd6217bd3f,train
data/Training/meningioma/Tr-aug-me_54.jpg,meningioma,Training,9d6c94d3a25d70a753a3a5ca3ceb3cbe,test
data/Training/meningioma/Tr-me_700.jpg,meningioma,Training,343a37e43b9c6292a397286df9fcf7ba,train
data/Training/meningioma/Tr-me_1091.jpg,meningioma,Training,8753a3c9f99245feb8615e3d8c98c26a,train
data/Training/meningioma/Tr-me_748.jpg,meningioma,Training,990282f3319002755dbe17db562ec545,test
data/Training/meningioma/Tr-me_207.jpg,meningioma,Training,2c701900c34c70b607fde79b51c35bc1,train
data/Training/meningioma/Tr-me_1040.jpg,meningioma,Training,5b8f29100280feee483e001d23a3505b,train
data/Training/meningioma/Tr-me_447.jpg,meningioma,Training,d5465d66d69a23b0ecc7eb9f7c49088f,train
data/Training/meningioma/Tr-me_1103.jpg,meningioma,Training,7347320ac0b2925c77e714f9c648aabc,val
data/Training/meningioma/Tr-aug-me_47.jpg,meningioma,Training,41afd75533fde66115ad3ace12d09e71,train
data/Training/meningioma/Tr-me_1180.jpg,meningioma,Training,4b8c9e238eb146aa4c8f533551782f5f,train
data/Training/meningioma/Tr-me_1070.jpg,meningioma,Training,ee545a78b48467c30382b9ba1cf9b63f,train
data/Training/meningioma/Tr-me_1020.jpg,meningioma,Training,2b553bb35ce01113ffd5893c73c4f619,val
data/Training/meningioma/Tr-me_1258.jpg,meningioma,Training,7d162db8aa91c8a7cc6099dac97cac39,train
data/Training/meningioma/Tr-me_332.jpg,meningioma,Training,ce5a85c0f4f140a1969fca8cd583d033,train
data/Training/meningioma/Tr-me_715.jpg,meningioma,Training,81d75ed803855c42170b2350fd76c5b7,train
data/Training/meningioma/Tr-me_191.jpg,meningioma,Training,4f75de76f038627aa60ea9adbeaf31fb,train
data/Training/meningioma/Tr-me_231.jpg,meningioma,Training,f6e99c4c24404ee697801550aa0881c7,val
data/Training/meningioma/Tr-me_946.jpg,meningioma,Training,572a36069412ab6da31d9cc3b14a9bd9,train
data/Training/meningioma/Tr-me_672.jpg,meningioma,Training,108274016227cb289345224be2262e69,train
data/Training/meningioma/Tr-me_31.jpg,meningioma,Training,273f16d202e523090c7215890e1d492e,train
data/Training/meningioma/Tr-me_177.jpg,meningioma,Training,247bc19b5d32c380075fc8d91ac065c3,train
data/Training/meningioma/Tr-me_226.jpg,meningioma,Training,9a361e6e4b47848f14c60b19fcb22134,train
data/Training/meningioma/Tr-me_705.jpg,meningioma,Training,c267be865738de294feccfdfdde17bcd,test
data/Training/meningioma/Tr-me_352.jpg,meningioma,Training,6c1d8f634fe3bc4ea5dd7e4a9ee43838,test
data/Training/meningioma/Tr-me_756.jpg,meningioma,Training,f0583781adc329561c6b78dc7657a873,train
data/Training/meningioma/Tr-me_629.jpg,meningioma,Training,1bf0aeb3131345d2d69d9933acb34b10,train
data/Training/meningioma/Tr-me_853.jpg,meningioma,Training,d5174aefe3860345421cb71d7409c61b,val
data/Training/meningioma/Tr-me_385.jpg,meningioma,Training,d944c54c42a60a1e5be13e3f1a09c9c8,train
data/Training/meningioma/Tr-me_382.jpg,meningioma,Training,580e8e3da25f48cedd4bd39ec50118e9,val
data/Training/meningioma/Tr-me_612.jpg,meningioma,Training,3341a349436b9853200203995b5ba822,train
data/Training/meningioma/Tr-me_519.jpg,meningioma,Training,6ff17312f0c6330fd59b44e92fe85662,train
data/Training/meningioma/Tr-me_950.jpg,meningioma,Training,533677ff07005bd360d40c0c521eb5f9,val
data/Training/meningioma/Tr-me_761.jpg,meningioma,Training,48f9713ec1f954afd2cffe692c56b50d,test
data/Training/meningioma/Tr-me_157.jpg,meningioma,Training,00040409d120315633f74805ce0ae401,train
data/Training/meningioma/Tr-aug-me_27.jpg,meningioma,Training,1743500a8ecdace8701f064e94980b01,train
data/Training/meningioma/Tr-aug-me_79.jpg,meningioma,Training,86ee90aa3cf4ae615c4a9e925b39895e,train
data/Training/meningioma/Tr-me_168.jpg,meningioma,Training,2196f4042fa42aaed33c5b1cbd5140da,train
data/Training/meningioma/Tr-me_839.jpg,meningioma,Training,921a3fdde73b0ef7d5a72185c9e69e59,train
data/Training/meningioma/Tr-me_1166.jpg,meningioma,Training,0998f1d7c82c65530ed31227b91f2e67,train
data/Training/meningioma/Tr-me_1160.jpg,meningioma,Training,7ea911055da060eae14ac980f4e074a8,train
data/Training/meningioma/Tr-me_443.jpg,meningioma,Training,b4a6536acff27776b659ad9e416ed001,train
data/Training/meningioma/Tr-me_1167.jpg,meningioma,Training,fe6ed82efbad103cfc9546382c19aecf,train
data/Training/meningioma/Tr-me_1241.jpg,meningioma,Training,b6e4a7cc53d212492cf1fd1b474261a0,train
data/Training/meningioma/Tr-me_1263.jpg,meningioma,Training,85eab185a753968392794ef198ac7ad9,val
data/Training/meningioma/Tr-me_1048.jpg,meningioma,Training,199778442234ae4e11ab0008e880e791,train
data/Training/meningioma/Tr-me_372.jpg,meningioma,Training,44a08ccea8ffbca2773beb0d103fd702,val
data/Training/meningioma/Tr-me_1244.jpg,meningioma,Training,7bfc7361650ed1cfaf47f1684b68dc7c,train
data/Training/meningioma/Tr-me_775.jpg,meningioma,Training,55017da461f5dbb04c2d84b3955c5bae,val
data/Training/meningioma/Tr-me_1254.jpg,meningioma,Training,2ca298878b6bd0269d2bacfe4a6ea76d,train
data/Training/meningioma/Tr-me_235.jpg,meningioma,Training,a2f15527732e0e89784123d078cec241,train
data/Training/meningioma/Tr-me_567.jpg,meningioma,Training,bbfb023b08c502f7e7601fa79f017412,train
data/Training/meningioma/Tr-me_133.jpg,meningioma,Training,c3f03edfe767599f29ee9129246c6350,val
data/Training/meningioma/Tr-me_432.jpg,meningioma,Training,333ca271271562e025951545e76a8b0b,test
data/Training/meningioma/Tr-me_427.jpg,meningioma,Training,40f25ec3edda5ad2e744d1b0ffd438cc,train
data/Training/meningioma/Tr-me_1128.jpg,meningioma,Training,5c38dd101460d4ba0c861074ec24c025,train
data/Training/meningioma/Tr-me_172.jpg,meningioma,Training,49828888c8e290aa6abdefbe753e49b1,val
data/Training/meningioma/Tr-me_380.jpg,meningioma,Training,3391c97b05cea4a8db15c4dc584270eb,test
data/Training/meningioma/Tr-me_37.jpg,meningioma,Training,3de52dec4f1d5970fcfa346031357297,val
data/Training/meningioma/Tr-me_774.jpg,meningioma,Training,ecf3cc76c20ad0da5f6a76dea4d153b3,train
data/Training/meningioma/Tr-me_873.jpg,meningioma,Training,b4c5d04d2093c702cfeeae4aef7b6214,train
data/Training/meningioma/Tr-me_40.jpg,meningioma,Training,e81903a19a1f9408924a113472dfa89a,test
data/Training/meningioma/Tr-me_475.jpg,meningioma,Training,20731256195c21e5eb8409248e44b62f,test
data/Training/meningioma/Tr-me_1266.jpg,meningioma,Training,2c10726a171c82634d599783fe368862,train
data/Training/meningioma/Tr-me_618.jpg,meningioma,Training,5896b6a00076b4f578ef1c99a0aee3e5,val
data/Training/meningioma/Tr-me_632.jpg,meningioma,Training,0e56e0bf0ef70c65b7526c7f16337115,train
data/Training/meningioma/Tr-me_1038.jpg,meningioma,Training,100f5780e9c77a7d944c6f5daf0f9f40,test
data/Training/meningioma/Tr-me_543.jpg,meningioma,Training,ab525628d00898aa6b1088d9c1d5a785,train
data/Training/meningioma/Tr-me_429.jpg,meningioma,Training,35c2f9bb13aef67b3136bd00e77fc68a,test
data/Training/meningioma/Tr-me_6.jpg,meningioma,Training,4a7a0241f329fd3a77e85af3c52277f4,train
data/Training/meningioma/Tr-me_1171.jpg,meningioma,Training,2e49f68fe9277a9963e0dcf664a16229,test
data/Training/meningioma/Tr-me_202.jpg,meningioma,Training,33219ed9ce02ebd832fc0a8e815a3101,val
data/Training/meningioma/Tr-me_1250.jpg,meningioma,Training,5748de28c77845163ff34f9790fb608c,train
data/Training/meningioma/Tr-me_559.jpg,meningioma,Training,2efb25d85cf9e091c4335969d6b6dd34,train
data/Training/meningioma/Tr-me_218.jpg,meningioma,Training,7563ebb4b113a45ebd0d9cdd2083b182,val
data/Training/meningioma/Tr-me_970.jpg,meningioma,Training,c2f9ecc28fc3f005d656cea99c117add,train
data/Training/meningioma/Tr-me_1270.jpg,meningioma,Training,d253e5202f6636ec8c1ad0c6de93df9e,train
data/Training/meningioma/Tr-me_467.jpg,meningioma,Training,02901351cdefc7442c9f0b3adf20f3ec,train
data/Training/meningioma/Tr-aug-me_55.jpg,meningioma,Training,577c19ef07feab6db57de04d89ceda89,train
data/Training/meningioma/Tr-me_1009.jpg,meningioma,Training,835eee88b4ad1469a51373aa4fae7d54,train
data/Training/meningioma/Tr-me_459.jpg,meningioma,Training,de0c4cdf4b1ff1602522dcce32f8ca96,train
data/Training/meningioma/Tr-me_868.jpg,meningioma,Training,eac832c196ab9ef0c7765aa1e5326f48,train
data/Training/meningioma/Tr-me_165.jpg,meningioma,Training,f7b42f2117720ebd26449ba761477ebf,test
data/Training/meningioma/Tr-me_511.jpg,meningioma,Training,d9e1f34bf84ad5f6708fd0ea12be4c0a,train
data/Training/meningioma/Tr-me_400.jpg,meningioma,Training,537880a132ee35141a1e3236e207421b,train
data/Training/meningioma/Tr-me_381.jpg,meningioma,Training,8b8a4b594f8e9878b941056fdd19362b,train
data/Training/meningioma/Tr-me_803.jpg,meningioma,Training,a3a8bde831fed58d66dcd84c836c7cf2,test
data/Training/meningioma/Tr-me_1156.jpg,meningioma,Training,0471c9e11d6761964cf2c2f15b2d79c7,train
data/Training/meningioma/Tr-me_948.jpg,meningioma,Training,eef00355ea0c1691269ae7aaf5532f64,train
data/Training/meningioma/Tr-me_1096.jpg,meningioma,Training,eab015eb79dea42fe2a5bd520d692476,train
data/Training/meningioma/Tr-me_341.jpg,meningioma,Training,d4a114b718f3654cbf7be4ddc1dc797b,train
data/Training/meningioma/Tr-me_598.jpg,meningioma,Training,cadabaea91221134a7cda173b6a07ed9,train
data/Training/meningioma/Tr-me_24.jpg,meningioma,Training,87fd03826ee7c76ceb540185b24fe643,train
data/Training/meningioma/Tr-aug-me_80.jpg,meningioma,Training,740a51a6c7638ab5189cb9eb616fb383,val
data/Training/meningioma/Tr-me_70.jpg,meningioma,Training,53dd6d7bbccd25357282aa00018174ba,train
data/Training/meningioma/Tr-me_454.jpg,meningioma,Training,1cf054cddca2d72bf64d4599b2805b9f,train
data/Training/meningioma/Tr-me_716.jpg,meningioma,Training,a6deb416cf68147fd6d941c3336af7b0,train
data/Training/meningioma/Tr-me_1105.jpg,meningioma,Training,15b928dbfd1483fe6b8d7a6d29de548a,test
data/Training/meningioma/Tr-me_586.jpg,meningioma,Training,730be651153957409c3df7c7df7c7e09,train
data/Training/meningioma/Tr-me_732.jpg,meningioma,Training,7698df8820786635e25b0fe8a757f648,train
data/Training/meningioma/Tr-me_552.jpg,meningioma,Training,bca9ffd4ef5887c87e9755557203ee66,train
data/Training/meningioma/Tr-aug-me_98.jpg,meningioma,Training,9e7c7e8d5dc30162f8c4f0c6d68aa71f,train
data/Training/meningioma/Tr-me_975.jpg,meningioma,Training,0e37d6bd61cb14ac673c1d420773adb2,test
data/Training/meningioma/Tr-me_722.jpg,meningioma,Training,83f3b2f7aee3882a4ff758da4836abd7,train
data/Training/meningioma/Tr-me_97.jpg,meningioma,Training,4528125086f4969f4783233b2f369c22,train
data/Training/meningioma/Tr-me_419.jpg,meningioma,Training,e435d8d71fb1d5f8d552dd21350896f4,test
data/Training/meningioma/Tr-me_483.jpg,meningioma,Training,847b5476eda333c7eac9c76d3335aa79,train
data/Training/meningioma/Tr-me_943.jpg,meningioma,Training,34ce889859afdd3d1d41a2ae9ac05d57,test
data/Training/meningioma/Tr-me_184.jpg,meningioma,Training,ff47801551d94dbf4628d988caaaf27a,train
data/Training/meningioma/Tr-aug-me_88.jpg,meningioma,Training,08a62368caef7ab03da6a93776be3cf2,train
data/Training/meningioma/Tr-me_523.jpg,meningioma,Training,22f635ab2502334f2e3774d8efdc64af,train
data/Training/meningioma/Tr-me_88.jpg,meningioma,Training,e961bd0d1d06339f92f608f4bc4dd1b4,train
data/Training/meningioma/Tr-me_894.jpg,meningioma,Training,04affdb9d01086f89cfcd5a5008eb332,val
data/Training/meningioma/Tr-me_482.jpg,meningioma,Training,d4dbec5ade48be57cd4c2bac11465894,train
data/Training/meningioma/Tr-me_956.jpg,meningioma,Training,ec8830ebb9da6ec31b92cafc679c2643,train
data/Training/meningioma/Tr-me_781.jpg,meningioma,Training,ada5497bb30aef1127d928e33bc110cd,train
data/Training/meningioma/Tr-me_259.jpg,meningioma,Training,8bcb0301ceacfbc84fea55dce70ca674,train
data/Training/meningioma/Tr-me_844.jpg,meningioma,Training,a8afee3f17f36a2bc0f608d0ab231ce6,train
data/Training/meningioma/Tr-me_1159.jpg,meningioma,Training,017f984430664167e6a6067963c77364,train
data/Training/meningioma/Tr-me_89.jpg,meningioma,Training,ab3e0f21461bd864f6995517d33eddd3,train
data/Training/meningioma/Tr-me_413.jpg,meningioma,Training,a0c5eaaf365176f1d01971ab6fd67ab2,train
data/Training/meningioma/Tr-me_301.jpg,meningioma,Training,8e1d0e852fbab12d40c9f45a34a8abf9,train
data/Training/meningioma/Tr-me_103.jpg,meningioma,Training,2a614a7a677df0ce2ea0a328737066d0,test
data/Training/meningioma/Tr-me_105.jpg,meningioma,Training,2347c9df0a0feba84cd80b1785e2aff1,train
data/Training/meningioma/Tr-me_363.jpg,meningioma,Training,f41df35345798cfa999d774a88fb1975,train
data/Training/meningioma/Tr-me_1018.jpg,meningioma,Training,0c0f86e8c22a933610fba6c86c68e205,train
data/Training/meningioma/Tr-me_877.jpg,meningioma,Training,ad837e2c7e23d168c1d8c4ff78daed0b,train
data/Training/meningioma/Tr-me_544.jpg,meningioma,Training,6d64327436e3dc0bfc3e51d1e9aa781a,val
data/Training/meningioma/Tr-me_110.jpg,meningioma,Training,af3de6688114137f2269bfcc33972823,train
data/Training/meningioma/Tr-me_670.jpg,meningioma,Training,130496429f2b29eb729c0a958e6b48d0,train
data/Training/meningioma/Tr-me_486.jpg,meningioma,Training,6d9a5457d22081667ee3ece050a10d06,train
data/Training/meningioma/Tr-me_801.jpg,meningioma,Training,2a7be234280982a7e0b2a86aaba66e34,train
data/Training/meningioma/Tr-aug-me_90.jpg,meningioma,Training,ef4efdf1a7f3fb1b9efe30ee40525500,train
data/Training/meningioma/Tr-me_1207.jpg,meningioma,Training,2a7d661581676de65dafc35075f0ac5d,train
data/Training/meningioma/Tr-me_983.jpg,meningioma,Training,8b56ff0a8b379beed27373197c096b94,train
data/Training/meningioma/Tr-me_1273.jpg,meningioma,Training,a11f04668019eee5486236a99b82c0c5,train
data/Training/meningioma/Tr-me_1161.jpg,meningioma,Training,83a2289cd83d6c4cd3bbd24dc8291c06,val
data/Training/meningioma/Tr-me_556.jpg,meningioma,Training,d6bc94fe607a1ca89a2476e153a48481,train
data/Training/meningioma/Tr-me_631.jpg,meningioma,Training,8cf11db703e74570ed4aadb4d3fd1da0,train
data/Training/meningioma/Tr-me_1102.jpg,meningioma,Training,606a2c87b9cc3ce2215beb10cf5e6447,train
data/Training/meningioma/Tr-me_488.jpg,meningioma,Training,2f779546c7bb7c813e92ab6f34084ffb,train
data/Training/meningioma/Tr-me_1209.jpg,meningioma,Training,8be200462962aac8530a2923817b77cf,train
data/Training/meningioma/Tr-me_84.jpg,meningioma,Training,4618cffb63b277cda946d66b9b0daa7b,train
data/Training/meningioma/Tr-me_953.jpg,meningioma,Training,1c6417c274b3541cd2ac67ffe1f24d1b,val
data/Training/meningioma/Tr-me_551.jpg,meningioma,Training,1116385d11909b1a8d6e2a366004b65c,test
data/Training/meningioma/Tr-me_677.jpg,meningioma,Training,5dfb3ace8add4d989e23e11888734d4e,val
data/Training/meningioma/Tr-me_884.jpg,meningioma,Training,a62066a449ff3200d71eaf3aa6fe14c0,val
data/Training/meningioma/Tr-me_1201.jpg,meningioma,Training,de49fa7ac11bc7aef88054d7dcec9fba,train
data/Training/meningioma/Tr-me_735.jpg,meningioma,Training,7109ca8a820f624319408ed8514c2a22,train
data/Training/meningioma/Tr-me_1043.jpg,meningioma,Training,ed8fa640935a999b936104210c56f196,val
data/Training/meningioma/Tr-me_1010.jpg,meningioma,Training,0996ef5a1317d1b27fa4e3db0a9c43dc,test
data/Training/meningioma/Tr-me_634.jpg,meningioma,Training,7a754e129f4b726671a34905681f44dd,val
data/Training/meningioma/Tr-me_667.jpg,meningioma,Training,86e6ac2f71603e4aecb8b708626bd2fe,train
data/Training/meningioma/Tr-me_855.jpg,meningioma,Training,6afbcd1089cecebd0ef2472fa5c5678e,val
data/Training/meningioma/Tr-me_925.jpg,meningioma,Training,61d9bf1e00597a178b1dfaad2c180056,train
data/Training/meningioma/Tr-me_811.jpg,meningioma,Training,d2fb5cad74f7edae75409d26f6a9b2da,train
data/Training/meningioma/Tr-me_278.jpg,meningioma,Training,8b031fea9b14a325eb239eb4631d55be,test
data/Training/meningioma/Tr-aug-me_37.jpg,meningioma,Training,4e029514b14d344e93a6189b1f12897c,val
data/Training/meningioma/Tr-aug-me_59.jpg,meningioma,Training,09018783111e42ec490a7c6f5e2de337,train
data/Training/meningioma/Tr-aug-me_16.jpg,meningioma,Training,59ea750091e2e1c9ae3f8515f62d797c,test
data/Training/meningioma/Tr-me_535.jpg,meningioma,Training,faea627d99a4eb577d6dd413bb63fcf4,val
data/Training/meningioma/Tr-me_384.jpg,meningioma,Training,cc2ee018abb8b87c50aa7dbdcd1395d9,train
data/Training/meningioma/Tr-me_1000.jpg,meningioma,Training,372810931dc08cad40f70203dbd6f888,val
data/Training/meningioma/Tr-me_921.jpg,meningioma,Training,2d4ceb86bdc017e22436737436861dcc,test
data/Training/meningioma/Tr-me_541.jpg,meningioma,Training,7fb7aa3ce68228eed375ebb6ffa44569,train
data/Training/meningioma/Tr-me_306.jpg,meningioma,Training,145bb203c6903288ad0eb2a357f8ea0e,train
data/Training/meningioma/Tr-me_315.jpg,meningioma,Training,8e8c7f5ac276bc21cfaeb60c595bfdfe,train
data/Training/meningioma/Tr-aug-me_78.jpg,meningioma,Training,3a86758bc90dbb134d6a253fc8257096,train
data/Training/meningioma/Tr-me_792.jpg,meningioma,Training,a203501398fe9d20db10971e44df98a1,test
data/Training/meningioma/Tr-me_388.jpg,meningioma,Training,99c11b4f131657625221b25e26175764,train
data/Training/meningioma/Tr-me_621.jpg,meningioma,Training,1abb07c5f6c499b8eba4def2edd7bfbe,train
data/Training/meningioma/Tr-me_223.jpg,meningioma,Training,6b238ff83b9e4ee1c3d40c8401e16419,test
data/Training/meningioma/Tr-me_916.jpg,meningioma,Training,fa5e4543cf6de9ecc6136f6f696c2636,val
data/Training/meningioma/Tr-me_595.jpg,meningioma,Training,0313103e9d33dbd9f14f60d821a088ac,train
data/Training/meningioma/Tr-me_267.jpg,meningioma,Training,78ea9d7f2283dc7ea5df813e19c3732c,train
data/Training/meningioma/Tr-me_1264.jpg,meningioma,Training,ba101d243407427f2ae072f4dd2d913a,train
data/Training/meningioma/Tr-me_426.jpg,meningioma,Training,377b9820cbf564a6b96dab40c6d8ec96,test
data/Training/meningioma/Tr-me_815.jpg,meningioma,Training,f751476785f4096389ea3bd8ed48440e,train
data/Training/meningioma/Tr-me_1057.jpg,meningioma,Training,7325a7aaec4719cbef102db1ce66c991,test
data/Training/meningioma/Tr-me_129.jpg,meningioma,Training,921cb6a359fbdab7caee5f1f369acffd,test
data/Training/meningioma/Tr-me_169.jpg,meningioma,Training,64965ac07db0e5a6226a93e988ae3ed9,train
data/Training/meningioma/Tr-me_880.jpg,meningioma,Training,3f41c61e72d0553aef61720f9b081bd8,train
data/Training/meningioma/Tr-me_221.jpg,meningioma,Training,36f79996f732a2e3a6eca54c18fb5458,train
data/Training/meningioma/Tr-aug-me_63.jpg,meningioma,Training,b9ee626720fdf95375502b3b77b47df1,val
data/Training/meningioma/Tr-me_1146.jpg,meningioma,Training,952fbccffb5c6dfdf5ef3623e8aa50d8,test
data/Training/meningioma/Tr-me_151.jpg,meningioma,Training,3e898387ba808b55cac9c4995dff6124,train
data/Training/meningioma/Tr-me_450.jpg,meningioma,Training,8687e7951d0238144013c737efa3b707,train
data/Training/meningioma/Tr-me_195.jpg,meningioma,Training,fa6ef8c83b5ff0b0b648db47926efc09,val
data/Training/meningioma/Tr-me_1149.jpg,meningioma,Training,1fd091646c59840b25ad17768dabe001,train
data/Training/meningioma/Tr-me_656.jpg,meningioma,Training,088a4a94bad5f87e30e33533fbaa931f,test
data/Training/meningioma/Tr-me_906.jpg,meningioma,Training,2142dc208f871205d69d9a531a7dee94,train
data/Training/meningioma/Tr-aug-me_1.jpg,meningioma,Training,ef9a525708ae1c1a9b20b233d7ef7d24,train
data/Training/meningioma/Tr-me_268.jpg,meningioma,Training,9120f19e559d9f509aa873b5d9b46909,train
data/Training/meningioma/Tr-me_888.jpg,meningioma,Training,cff20c3b71de1f22bfd99401071545cd,train
data/Training/meningioma/Tr-me_1239.jpg,meningioma,Training,11acbd3ecbcc1fe0f241b7e8ba5d4a23,test
data/Training/meningioma/Tr-me_63.jpg,meningioma,Training,c818203982e7dcd95e7eb73d574ac730,train
data/Training/meningioma/Tr-me_594.jpg,meningioma,Training,dcd403cd24462d53e28455456835a699,test
data/Training/meningioma/Tr-me_1058.jpg,meningioma,Training,bb56ede0de548afa6638c8305fb2756c,train
data/Training/meningioma/Tr-me_757.jpg,meningioma,Training,5f28a09e2660973d861470efda21b505,train
data/Training/meningioma/Tr-me_587.jpg,meningioma,Training,d60fd0bca159d6e73d3d2fb26d17387e,train
data/Training/meningioma/Tr-me_572.jpg,meningioma,Training,092dec6f3fd976d74e07ada4f9f13043,train
data/Training/meningioma/Tr-me_663.jpg,meningioma,Training,a1a2bccd718b2d392b32d06af724ad72,test
data/Training/meningioma/Tr-aug-me_22.jpg,meningioma,Training,318dee23f9157cd1a5ac09394ccaecdd,test
data/Training/meningioma/Tr-me_945.jpg,meningioma,Training,e597316f91ae33d194d0395b544c1c00,train
data/Training/meningioma/Tr-me_130.jpg,meningioma,Training,dc2e07dc77061f2bd560143cc8d90961,train
data/Training/meningioma/Tr-me_1168.jpg,meningioma,Training,48d4604e4ee04865bb44d75a597b3253,train
data/Training/meningioma/Tr-aug-me_66.jpg,meningioma,Training,841f7b9548c4a7afc224c1707a63defe,train
data/Training/meningioma/Tr-me_958.jpg,meningioma,Training,a210e96df33aa7321d90b719bb1b45c7,train
data/Training/meningioma/Tr-me_1285.jpg,meningioma,Training,61963aec3bc96887666eae7698263c0c,val
data/Training/meningioma/Tr-me_878.jpg,meningioma,Training,06066e4c123de5265983d0e4c3d60ebd,val
data/Training/meningioma/Tr-me_404.jpg,meningioma,Training,12749ee3aa08e216a88d7ed4490abed8,test
data/Training/meningioma/Tr-me_750.jpg,meningioma,Training,af490a6476f9799d9f038ca6bf206681,train
data/Training/meningioma/Tr-me_1278.jpg,meningioma,Training,730dffb66b3eb7fbd1cc12d65b7de443,test
data/Training/meningioma/Tr-me_731.jpg,meningioma,Training,80843ef42d7a4115876aaa95bd98666d,train
data/Training/meningioma/Tr-me_495.jpg,meningioma,Training,e5fece200321f298993df4a8cfb3f8a7,train
data/Training/meningioma/Tr-me_161.jpg,meningioma,Training,3140cecce543be6a8bc7e1f75e70987e,train
data/Training/meningioma/Tr-me_365.jpg,meningioma,Training,7a185347446f9b4da264a698c83097f2,train
data/Training/meningioma/Tr-aug-me_76.jpg,meningioma,Training,7eb3a46b648e35e46fdc712069c708ba,val
data/Training/meningioma/Tr-me_846.jpg,meningioma,Training,b41f5c6d2d27eaf8ba9059884dfaf150,val
data/Training/meningioma/Tr-me_1123.jpg,meningioma,Training,6b80bae59b7bb95733b7edbb0b89095f,train
data/Training/meningioma/Tr-me_821.jpg,meningioma,Training,e7561f9bfe23cdb0f6748b8ebb7a4fc2,train
data/Training/meningioma/Tr-me_1237.jpg,meningioma,Training,bf3fb6683550bfd741a6caf62e6acabf,train
data/Training/meningioma/Tr-me_694.jpg,meningioma,Training,416df807845f7174b19c7050e71207ff,val
data/Training/meningioma/Tr-me_1206.jpg,meningioma,Training,3112242dbc33f119770b9a2cf0035c82,test
data/Training/meningioma/Tr-me_52.jpg,meningioma,Training,5e83a717547a6ca6d93fceec38fa5895,train
data/Training/meningioma/Tr-me_745.jpg,meningioma,Training,1d8b60b23a7160ebb783498b5a4a9b08,train
data/Training/meningioma/Tr-me_444.jpg,meningioma,Training,5a7eff13ca4f3e6222a1223e462987f0,test
data/Training/meningioma/Tr-me_350.jpg,meningioma,Training,0ed14a4bf5d6d2e73841983d7288acc6,test
data/Training/meningioma/Tr-me_1214.jpg,meningioma,Training,9a63c0bc1f1ea64c6c8ad6a93584d778,train
data/Training/meningioma/Tr-me_243.jpg,meningioma,Training,304bde0c13207ae239bf88dc9c528c4d,train
data/Training/meningioma/Tr-me_338.jpg,meningioma,Training,359ed93a98bc2e779b7b7b586f50d9f5,train
data/Training/meningioma/Tr-me_399.jpg,meningioma,Training,dbf3c663c5216c776584822b85fd798a,train
data/Training/meningioma/Tr-me_789.jpg,meningioma,Training,4c1d55e4ed16ed2f7ccfed8be935c530,val
data/Training/meningioma/Tr-me_1006.jpg,meningioma,Training,ac5238f3060f7fe63aa4ae1ba0ed5702,train
data/Training/meningioma/Tr-me_934.jpg,meningioma,Training,ff4b9518aed6d2da4779229a169d7439,test
data/Training/meningioma/Tr-me_1228.jpg,meningioma,Training,412290c84830fcf14f1f131aa0cc342d,train
data/Training/meningioma/Tr-me_1172.jpg,meningioma,Training,d1796efcbdb43f9f165031b4c78c55a3,val
data/Training/meningioma/Tr-me_1110.jpg,meningioma,Training,fc432d7f9af4ed22b7b7166a0611ac5e,train
data/Training/meningioma/Tr-me_577.jpg,meningioma,Training,5116fd882a07f1b73651e0c95a4cc506,train
data/Training/meningioma/Tr-me_236.jpg,meningioma,Training,77b374735f70272cdf34d119a1bbe74d,train
data/Training/meningioma/Tr-me_107.jpg,meningioma,Training,b67fd08dc3d957589161037b1b254a44,val
data/Training/meningioma/Tr-me_95.jpg,meningioma,Training,1c31362b1a73f1e3fdfe6d2af7bd789d,train
data/Training/meningioma/Tr-me_791.jpg,meningioma,Training,2642be289655ccaaee3e61ce716b80d6,train
data/Training/meningioma/Tr-me_68.jpg,meningioma,Training,335ced49756ac2a7b0e9994c44cdefbe,train
data/Training/meningioma/Tr-me_147.jpg,meningioma,Training,b1cd9b082dbae54dd4462c701db270fc,train
data/Training/meningioma/Tr-me_836.jpg,meningioma,Training,a501e6ea3748d3aebea8e8735268ec5b,val
data/Training/meningioma/Tr-me_1212.jpg,meningioma,Training,cceb056ca1a60585d6d9386cfcefdd26,train
data/Training/meningioma/Tr-me_534.jpg,meningioma,Training,af3a4cf5d54bd454b733bfe3d2177b4a,train
data/Training/meningioma/Tr-me_319.jpg,meningioma,Training,adc62f7690e83a23df2837a6d997b0cb,val
data/Training/meningioma/Tr-me_848.jpg,meningioma,Training,9f2aa0388f7ed3c66c7f4287ef4cad85,train
data/Training/meningioma/Tr-me_887.jpg,meningioma,Training,ac890e68f4f32a72b5a03cbdb6232d72,train
data/Training/meningioma/Tr-me_406.jpg,meningioma,Training,b0481c04cf82055b53bed325556f744e,val
data/Training/meningioma/Tr-me_30.jpg,meningioma,Training,7c51daf1aff71a1505198d365873eafa,train
data/Training/meningioma/Tr-me_310.jpg,meningioma,Training,77fbaf3d6b213ff9ca1e31b71f0bfa90,test
data/Training/meningioma/Tr-me_1281.jpg,meningioma,Training,ce5961f23f9124549aa426a5bea9d06e,train
data/Training/meningioma/Tr-me_563.jpg,meningioma,Training,69c72a3c6041a103439c3415ff44332e,train
data/Training/meningioma/Tr-aug-me_53.jpg,meningioma,Training,ac9ae5330ea785b489b49b3941bca0ba,train
data/Training/meningioma/Tr-me_562.jpg,meningioma,Training,e277d51ad337ee9be14b03a2e5c70ce7,train
data/Training/meningioma/Tr-me_43.jpg,meningioma,Training,8e9decdd80e06cb8e8ca1e5e13390052,train
data/Training/meningioma/Tr-me_606.jpg,meningioma,Training,c0df43b67685c75ed431c3259d7db2bd,train
data/Training/meningioma/Tr-me_850.jpg,meningioma,Training,c1ea6da58c46ce8ceac9bb536d881fd0,train
data/Training/meningioma/Tr-me_941.jpg,meningioma,Training,a946d7f2644825f16fea309ca723c596,train
data/Training/meningioma/Tr-me_905.jpg,meningioma,Training,961e7d02591f7c946cf82e97ce45f1c7,train
data/Training/meningioma/Tr-me_258.jpg,meningioma,Training,accc19126a7a686d21a13c95e11802c8,train
data/Training/meningioma/Tr-me_1127.jpg,meningioma,Training,0c713fdd2a027491be4fdf129c40421e,test
data/Training/meningioma/Tr-me_1265.jpg,meningioma,Training,4784a5cdb19e6bb2aab8e9a0758a2892,test
data/Training/meningioma/Tr-me_1030.jpg,meningioma,Training,c405391186264d760f6edd8ec7d3c8a4,train
data/Training/meningioma/Tr-me_320.jpg,meningioma,Training,360dcc3577be0a274fabe06199fe7baa,val
data/Training/meningioma/Tr-me_759.jpg,meningioma,Training,996bd37e63de15942e4bfb14c25253b1,test
data/Training/meningioma/Tr-me_16.jpg,meningioma,Training,56e1f8dba3990ad3e121656ed30bf9a1,train
data/Training/meningioma/Tr-me_1219.jpg,meningioma,Training,744edb895630c01e72a73e883ed9d2d8,train
data/Training/meningioma/Tr-me_1243.jpg,meningioma,Training,0f7f49277e273e708f04b120c2f55e5f,train
data/Training/meningioma/Tr-me_1203.jpg,meningioma,Training,6ea4e2fcc69e8394ce34c8256cabe049,train
data/Training/meningioma/Tr-me_375.jpg,meningioma,Training,02416475cb99cda7d3ffeb4cd828a2a6,train
data/Training/meningioma/Tr-me_725.jpg,meningioma,Training,628100a306b30a6859c520b50851de12,train
data/Training/meningioma/Tr-me_263.jpg,meningioma,Training,dec4f8b21c5d96bdc34320ddf800b4a6,train
data/Training/meningioma/Tr-me_754.jpg,meningioma,Training,20d5456edb3a88904c42afe0f2b71b6a,val
data/Training/meningioma/Tr-me_222.jpg,meningioma,Training,ee60eed354f77001da6de65a165a3a74,val
data/Training/meningioma/Tr-me_140.jpg,meningioma,Training,21fe431311a43be7287184c230de50e8,test
data/Training/meningioma/Tr-me_771.jpg,meningioma,Training,04fd122ee1cd624b4caa8dc3756e1bf0,train
data/Training/meningioma/Tr-me_76.jpg,meningioma,Training,6914e9744d6603ca02c5f2ab944c9a4a,train
data/Training/meningioma/Tr-me_1129.jpg,meningioma,Training,7cfa690c120818242e316917db3aec53,train
data/Training/meningioma/Tr-me_54.jpg,meningioma,Training,1dcee844d5c696ae9d8ec91c4342b6d7,train
data/Training/meningioma/Tr-me_861.jpg,meningioma,Training,adc276f9f227ce4d53d7ad14ee96124b,train
data/Training/meningioma/Tr-me_892.jpg,meningioma,Training,3d4c1ff36e31ff9af3cf720d6eba130c,train
data/Training/meningioma/Tr-me_288.jpg,meningioma,Training,bf6250508abae73fee6670c9ef3f44f5,train
data/Training/meningioma/Tr-me_451.jpg,meningioma,Training,8a2dd7e92ce54d4b7baf33bbb141a986,val
data/Training/meningioma/Tr-me_1137.jpg,meningioma,Training,9fb008a94dd5d689fc23c0e526e11f83,train
data/Training/meningioma/Tr-me_1027.jpg,meningioma,Training,ae0bab7a51d961ac076cac7677d41310,test
data/Training/meningioma/Tr-me_871.jpg,meningioma,Training,7b7a0658d9e3b9d118733a2cc805d66f,train
data/Training/meningioma/Tr-me_216.jpg,meningioma,Training,5de134b34730397c022685313df31747,train
data/Training/meningioma/Tr-me_144.jpg,meningioma,Training,13a1751155244a9f3e3af1d1870669fd,train
data/Training/meningioma/Tr-me_111.jpg,meningioma,Training,9b96ca401e7cce546db52d5c3347528c,test
data/Training/meningioma/Tr-me_455.jpg,meningioma,Training,a84e00b771c06f42744353d70aad1aa6,train
data/Training/meningioma/Tr-me_438.jpg,meningioma,Training,5a762f00f0bd93b0fb9a1bc05af88785,train
data/Training/meningioma/Tr-me_987.jpg,meningioma,Training,b36171ba86e6502a430444805b296010,train
data/Training/meningioma/Tr-me_1025.jpg,meningioma,Training,5b4175768a396f4ebd8fe7be2f6d6936,train
data/Training/meningioma/Tr-me_730.jpg,meningioma,Training,3f49bcced025fa10a27df56600d8f894,val
data/Training/meningioma/Tr-me_163.jpg,meningioma,Training,65d193f72d882ecc85d495ddceb5952a,train
data/Training/meningioma/Tr-me_1300.jpg,meningioma,Training,2d677871734146cb3641b4fdd84b3e98,train
data/Training/meningioma/Tr-me_421.jpg,meningioma,Training,641d342f95bc6dd8245321827ea8a47d,train
data/Training/meningioma/Tr-me_92.jpg,meningioma,Training,41f2a6718a7c8633129c2f8ddfab2fe4,train
data/Training/meningioma/Tr-me_596.jpg,meningioma,Training,b782613ec00aba4115ba28db209131ac,train
data/Training/meningioma/Tr-aug-me_67.jpg,meningioma,Training,84da24e1ad0e974114bc4fd0a3a51418,train
data/Training/meningioma/Tr-me_627.jpg,meningioma,Training,5fdd2ea97458b88cd308cdd1cc7f2e49,test
data/Training/meningioma/Tr-me_799.jpg,meningioma,Training,cbdb9a5b45202d5dd374c92b252dac8c,val
data/Training/meningioma/Tr-me_1090.jpg,meningioma,Training,69a2a8a82b4de23f8832961fdf6f4c3d,train
data/Training/meningioma/Tr-me_166.jpg,meningioma,Training,784e014dd517dbaf904521e994a5a782,val
data/Training/meningioma/Tr-me_274.jpg,meningioma,Training,f66b28d9b187c07d799e7719c8005493,test
data/Training/meningioma/Tr-me_1141.jpg,meningioma,Training,bc6c9b56f9f33272a14e3608816262e8,train
data/Training/meningioma/Tr-me_1108.jpg,meningioma,Training,45352dd148bd37ca25f8050c6e374825,train
data/Training/meningioma/Tr-me_201.jpg,meningioma,Training,f2c6954fbaab47edd5b7d209245ca00c,train
data/Training/meningioma/Tr-me_1240.jpg,meningioma,Training,1d197c381dc33b7d1406a9797bebc4b4,train
data/Training/meningioma/Tr-me_176.jpg,meningioma,Training,0d282834638c1bbb5fe3b00ff2fd9b1e,val
data/Training/meningioma/Tr-me_328.jpg,meningioma,Training,f2c76ad948d033db1274ff86aaea00cf,train
data/Training/meningioma/Tr-me_917.jpg,meningioma,Training,25cdd1a864ad3cc6dab4eb44be05a4cd,train
data/Training/meningioma/Tr-me_351.jpg,meningioma,Training,e9e192b86d6149bee88871d56cea12ff,train
data/Training/meningioma/Tr-me_128.jpg,meningioma,Training,53e38d066759a4883f1addb40fd57f00,train
data/Training/meningioma/Tr-me_1066.jpg,meningioma,Training,a1e4999b2307790fadefff6e57790d6a,train
data/Training/meningioma/Tr-me_412.jpg,meningioma,Training,a25ad352f752076df05a49c699425474,train
data/Training/meningioma/Tr-me_356.jpg,meningioma,Training,4033191d30bae4c5709fe9c7254a33ec,train
data/Training/meningioma/Tr-aug-me_82.jpg,meningioma,Training,06af6e731bd7f02a584d2440ddf009d4,train
data/Training/meningioma/Tr-me_591.jpg,meningioma,Training,2c0dee0abda36291e494f0d5c9f41738,train
data/Training/meningioma/Tr-me_302.jpg,meningioma,Training,525f545ff659781442a8fe28cc8d78d3,train
data/Training/meningioma/Tr-me_512.jpg,meningioma,Training,6293f75621533ebf0823735fa863fecd,train
data/Training/meningioma/Tr-me_1255.jpg,meningioma,Training,3093f0f7da1a11e0772748d6397899e3,train
data/Training/meningioma/Tr-me_337.jpg,meningioma,Training,7a9a625c6e969a39946ac44cb19098b0,train
data/Training/meningioma/Tr-aug-me_15.jpg,meningioma,Training,b40bba8cf677c1495b6986f8141bd34e,val
data/Training/meningioma/Tr-me_813.jpg,meningioma,Training,4bb9b2fa5a1a526241a768d90cc7e43a,train
data/Training/meningioma/Tr-me_766.jpg,meningioma,Training,9d60c96f76c3035e0060780a57c7c3f1,train
data/Training/meningioma/Tr-me_69.jpg,meningioma,Training,116aae4ab8d83fa8b2b2fb5b51ee6aef,train
data/Training/meningioma/Tr-me_425.jpg,meningioma,Training,4838c9400aa0c75ede6b81e2900cb10b,train
data/Training/meningioma/Tr-me_1165.jpg,meningioma,Training,ecd4fc846c5d0fed586c1e971d6eef19,train
data/Training/meningioma/Tr-me_862.jpg,meningioma,Training,21d276f4bea7652ceac8932b71fccb00,train
data/Training/meningioma/Tr-me_1184.jpg,meningioma,Training,f93ddda61b6f5faf172af45070b976a2,test
data/Training/meningioma/Tr-me_493.jpg,meningioma,Training,427ea7594b4f78c20681f580a33694d1,val
data/Training/meningioma/Tr-me_995.jpg,meningioma,Training,aff916e1a74b807cd36ae32c29dff92f,train
data/Training/meningioma/Tr-me_1225.jpg,meningioma,Training,3d2866c22eb6d6bf1f3e4c751142b589,test
data/Training/meningioma/Tr-me_291.jpg,meningioma,Training,6d6eaa15244a0d0e797a1b9426ce49fe,train
data/Training/meningioma/Tr-me_324.jpg,meningioma,Training,692dda1a28aab1890fcd0e93ad66ffa2,train
data/Training/meningioma/Tr-me_773.jpg,meningioma,Training,6ba22d193e4551f1df164e301b0d3feb,train
data/Training/meningioma/Tr-me_134.jpg,meningioma,Training,6e65096da6eb6f8e77e202fc784c9f40,train
data/Training/meningioma/Tr-me_42.jpg,meningioma,Training,d807cdb50df2f2b3e4ea7497cca67ed3,train
data/Training/meningioma/Tr-me_314.jpg,meningioma,Training,305cfe4edd44780f241e91611b8de8b0,train
data/Training/meningioma/Tr-me_1277.jpg,meningioma,Training,905799a3f7f8a5c209feb15106289da3,train
data/Training/meningioma/Tr-me_688.jpg,meningioma,Training,41fc6c383287f88162c8196ae30cc6fc,val
data/Training/meningioma/Tr-me_1271.jpg,meningioma,Training,9fef44175b3b6a8cb21e1585475bdc0d,train
data/Training/meningioma/Tr-me_860.jpg,meningioma,Training,e9873c060c54ec7af0c8a08fc470d96d,train
data/Training/meningioma/Tr-me_232.jpg,meningioma,Training,052f3be92ac2551836ee7b865c8d104b,train
data/Training/meningioma/Tr-me_741.jpg,meningioma,Training,2bcbb5ad228a533136861936cdd2e473,train
data/Training/meningioma/Tr-me_1298.jpg,meningioma,Training,d6a9a3dd12801af5f00653030b22dd3a,train
data/Training/meningioma/Tr-me_829.jpg,meningioma,Training,6d395b16cfca3e878ea2bb9ab6cf58af,test
data/Training/meningioma/Tr-me_1083.jpg,meningioma,Training,74aae49f79d7becec6a6461d068b978c,train
data/Training/meningioma/Tr-aug-me_28.jpg,meningioma,Training,f479633c65953696eb4a9aa9e50a4a7b,train
data/Training/meningioma/Tr-me_1100.jpg,meningioma,Training,c092ae4d98d2a920176bb0aa94d446ed,train
data/Training/meningioma/Tr-me_120.jpg,meningioma,Training,66fea1768c1c37285deafb80ce487cb5,train
data/Training/meningioma/Tr-me_1282.jpg,meningioma,Training,414159e7f2f9959e3d57abe139c9e5c3,test
data/Training/meningioma/Tr-me_121.jpg,meningioma,Training,c1879542ddaf5854c11b17a4b939da3c,train
data/Training/meningioma/Tr-me_359.jpg,meningioma,Training,7e978a42fd9f1b9b5b71fac38abc75bb,val
data/Training/meningioma/Tr-me_407.jpg,meningioma,Training,51434385186924a4000a00052e6ba49a,train
data/Training/meningioma/Tr-me_171.jpg,meningioma,Training,e1780d3f4b6f35de601a61cbf81ff485,test
data/Training/meningioma/Tr-me_229.jpg,meningioma,Training,8c67a47cb4561c4793edd13d70ef18e3,train
data/Training/meningioma/Tr-me_638.jpg,meningioma,Training,2603a4f8653725a0797f5914002cd925,train
data/Training/meningioma/Tr-me_927.jpg,meningioma,Training,106e925b7e142713845baf46a2838366,train
data/Training/meningioma/Tr-aug-me_2.jpg,meningioma,Training,e04909977e7c03fda8f84c5b045d20aa,train
data/Training/meningioma/Tr-me_35.jpg,meningioma,Training,afd1defa35d35be573edd6d85db3088d,train
data/Training/meningioma/Tr-me_807.jpg,meningioma,Training,813228e65f3dc4a2ec23936b603e9857,train
data/Training/meningioma/Tr-me_784.jpg,meningioma,Training,cc019c0f935c97fe8b4dc5d0ae0896a6,train
data/Training/meningioma/Tr-me_15.jpg,meningioma,Training,bcbaccdcdf5fab739212f50c89d06824,train
data/Training/meningioma/Tr-me_80.jpg,meningioma,Training,853e40e4f6633f41482f53264744283d,train
data/Training/meningioma/Tr-aug-me_81.jpg,meningioma,Training,07028f5840829c1cdd80948eb79305cb,train
data/Training/meningioma/Tr-me_1061.jpg,meningioma,Training,424c574aba752a887143243ee785fd6f,train
data/Training/meningioma/Tr-me_827.jpg,meningioma,Training,bb14ce0b4f6ba33e21efeac9bee79c12,train
data/Training/meningioma/Tr-me_224.jpg,meningioma,Training,e51f87ffc888337729ec93bfe84f87e1,train
data/Training/meningioma/Tr-me_501.jpg,meningioma,Training,021e94c04b0351af1dd142553c22fd7e,train
data/Training/meningioma/Tr-me_1261.jpg,meningioma,Training,41e360617b457c363e237082c4dcbec6,train
data/Training/meningioma/Tr-me_1095.jpg,meningioma,Training,92a2079670cc7add1fc650cb67e63b76,test
data/Training/meningioma/Tr-me_652.jpg,meningioma,Training,a2bce298a6dfe1cc129842f857244127,train
data/Training/meningioma/Tr-aug-me_69.jpg,meningioma,Training,32633d4c150276025e39f1e1fb64d08f,train
data/Training/meningioma/Tr-me_510.jpg,meningioma,Training,1c59dcb8e6d81155fbd1ad1f9c704cfa,test
data/Training/meningioma/Tr-me_499.jpg,meningioma,Training,0239209ee6590fb477087edc0685c560,val
data/Training/meningioma/Tr-me_1280.jpg,meningioma,Training,e01fe44b60ee2be496c694f03d78ab9f,val
data/Training/meningioma/Tr-me_1283.jpg,meningioma,Training,6931980c544fddf753d5d9046111032b,train
data/Training/meningioma/Tr-me_570.jpg,meningioma,Training,6f00dd77f703565d5c2e202b9580d36e,test
data/Training/meningioma/Tr-me_536.jpg,meningioma,Training,d1c0ea864fe21b94546ada7bd65e348a,train
data/Training/meningioma/Tr-me_214.jpg,meningioma,Training,d4a268769fffaab3bb364e6bf026e817,test
data/Training/meningioma/Tr-me_849.jpg,meningioma,Training,c6b49ecce554646080fa3f81e6a2e801,test
data/Training/meningioma/Tr-aug-me_61.jpg,meningioma,Training,17e52f3013379dffc611ebe44fe9b307,train
data/Training/meningioma/Tr-aug-me_52.jpg,meningioma,Training,847220574901d65c80b58c9a0bc53fed,train
data/Training/meningioma/Tr-me_469.jpg,meningioma,Training,f37bb4baf0ac94d9190904bbbd878235,test
data/Training/meningioma/Tr-me_684.jpg,meningioma,Training,33cf7be1f0f6d5e7cc54064875ffef28,test
data/Training/meningioma/Tr-me_355.jpg,meningioma,Training,c98fc42cd9fc5f7744866bd94dd3798e,train
data/Training/meningioma/Tr-me_32.jpg,meningioma,Training,61d08f03958abe035cca71b5fc065171,test
data/Training/meningioma/Tr-me_1117.jpg,meningioma,Training,8631165e0277f7a8382446cd2623a557,train
data/Training/meningioma/Tr-me_358.jpg,meningioma,Training,cdb47cbee8f10a287b282bbc38256ddd,train
data/Training/meningioma/Tr-aug-me_21.jpg,meningioma,Training,2041b083f1df1109e580267be4a1d1fc,train
data/Training/meningioma/Tr-me_45.jpg,meningioma,Training,04fb9169eca651531b3ceb258369be07,train
data/Training/meningioma/Tr-me_357.jpg,meningioma,Training,02ce190a311e14641b51bede1078c3ea,train
data/Training/meningioma/Tr-me_395.jpg,meningioma,Training,2dd631a56798abca5afde0d7c4ace2c5,val
data/Training/meningioma/Tr-me_1026.jpg,meningioma,Training,52f3520fc01f0f852157551f5bb1b606,train
data/Training/meningioma/Tr-me_1013.jpg,meningioma,Training,2322b4dd0250b61bbc1f6b1e1c3063e8,train
data/Training/meningioma/Tr-me_10.jpg,meningioma,Training,d8dbb40dfe4f945a17ca274e2989410c,train
data/Training/meningioma/Tr-me_485.jpg,meningioma,Training,46042aa0e2953115d37b07ae07bc803b,train
data/Training/meningioma/Tr-me_106.jpg,meningioma,Training,1e60d1f31c3995a6e391db9790493b65,train
data/Training/meningioma/Tr-me_1142.jpg,meningioma,Training,e49c823ff778dedd7f84b75637731448,val
data/Training/meningioma/Tr-me_711.jpg,meningioma,Training,37e879073805f253223cf63dc2248641,val
data/Training/meningioma/Tr-me_112.jpg,meningioma,Training,ee1335fc5dda162c3d59e442885cfa65,train
data/Training/meningioma/Tr-me_326.jpg,meningioma,Training,46940672c5f1c22ed36ef1f81cbfc063,train
data/Training/meningioma/Tr-me_180.jpg,meningioma,Training,a54bc4f4a9457297c7632aa416061a78,val
data/Training/meningioma/Tr-me_582.jpg,meningioma,Training,f55672e38bcfa28329c7063d828c0bd7,test
data/Training/meningioma/Tr-me_155.jpg,meningioma,Training,6f6b1f170af16a2b4d2bb142e04b112a,val
data/Training/meningioma/Tr-me_264.jpg,meningioma,Training,829037ed568f00f866caceec73b5787a,train
data/Training/meningioma/Tr-me_531.jpg,meningioma,Training,2e704ad3cbbcc5a2bd208bf7c74a0da8,train
data/Training/meningioma/Tr-me_468.jpg,meningioma,Training,39aa0b7a41c1da85ceb2be85bac58ec1,train
data/Training/meningioma/Tr-me_993.jpg,meningioma,Training,0e0352bcd4068e67ede8211c4038f40d,train
data/Training/meningioma/Tr-me_353.jpg,meningioma,Training,990c07604f642d84b2e60bb5f96a4d88,val
data/Training/meningioma/Tr-me_242.jpg,meningioma,Training,20fccb081d1ef6ef188729a96e7d4aef,test
data/Training/meningioma/Tr-me_71.jpg,meningioma,Training,a30925590f927406b61454d78df6a40b,train
data/Training/meningioma/Tr-me_1104.jpg,meningioma,Training,a6d4709dac62f317f97230bb46e7e76d,train
data/Training/meningioma/Tr-me_91.jpg,meningioma,Training,46a689f545ca8bdd8e27f5c9894e3d59,train
data/Training/meningioma/Tr-me_366.jpg,meningioma,Training,0b41b709a8a8f4fb6be27a17ace36739,train
data/Training/meningioma/Tr-me_113.jpg,meningioma,Training,f31b0e876ae77347d88ec2c87cad21c5,test
data/Training/meningioma/Tr-me_48.jpg,meningioma,Training,c909be38e410a251f20c1a10ef49ff55,train
data/Training/meningioma/Tr-me_1053.jpg,meningioma,Training,df350b04020f5e094079cedb709551ab,train
data/Training/meningioma/Tr-me_949.jpg,meningioma,Training,fc7d5dd78ed6fe15dadb595ff6998344,train
data/Training/meningioma/Tr-me_402.jpg,meningioma,Training,4d28050a5161d3df01ab0c2bce57c6c5,train
data/Training/meningioma/Tr-me_779.jpg,meningioma,Training,a4ceb2a279f9acb59b7cf3daf50ec669,train
data/Training/meningioma/Tr-me_897.jpg,meningioma,Training,1f371f1b943ef9e31b59d4bc30b5ba09,train
data/Training/meningioma/Tr-me_588.jpg,meningioma,Training,c290628766fcc2caa98fa57bf3c84ed7,train
data/Training/meningioma/Tr-me_960.jpg,meningioma,Training,3a185692ee03eb1854bd2a96b3cad94d,train
data/Training/meningioma/Tr-me_343.jpg,meningioma,Training,309ab45cca6eff439c7fa866b2fd7198,val
data/Training/meningioma/Tr-me_832.jpg,meningioma,Training,6f5ea298df6776a774ae1c7582cd5105,train
data/Training/meningioma/Tr-me_344.jpg,meningioma,Training,d117d57c7fac53596e98f50243589b03,train
data/Training/meningioma/Tr-me_758.jpg,meningioma,Training,200f4278ce81be3b51d84df85c16ff1c,val
data/Training/meningioma/Tr-me_912.jpg,meningioma,Training,f15431b787dc73da3b1f52c75ddbd018,train
data/Training/meningioma/Tr-me_802.jpg,meningioma,Training,ad46ad6ea42ddb652d4b45cf3fac13a7,train
data/Training/meningioma/Tr-me_1016.jpg,meningioma,Training,53e4f388773148d330702055332821e8,train
data/Training/meningioma/Tr-me_990.jpg,meningioma,Training,1682b76cd279491cd2d1637b65585fd8,train
data/Training/meningioma/Tr-me_405.jpg,meningioma,Training,6cb93a26cab5e3d5b57ee9fbf05252db,train
data/Training/meningioma/Tr-aug-me_40.jpg,meningioma,Training,eb62e19bbfe9f7cfeb7896c87d899666,val
data/Training/meningioma/Tr-me_786.jpg,meningioma,Training,13af77b708a8bf1ae154f38726f6eb9f,train
data/Training/meningioma/Tr-me_1049.jpg,meningioma,Training,15ca22d7d26226afbe898a214597348d,train
data/Training/meningioma/Tr-me_550.jpg,meningioma,Training,54e6cc591f204f7165a6669a73a1804c,train
data/Training/meningioma/Tr-me_1143.jpg,meningioma,Training,5e497d5ba3645389c849b3b20b273839,val
data/Training/meningioma/Tr-me_127.jpg,meningioma,Training,5f775721720b18ae2b53da3210eb5ab5,val
data/Training/meningioma/Tr-me_554.jpg,meningioma,Training,661c6e4d2bc88f1e7867610717f2395e,train
data/Training/meningioma/Tr-me_728.jpg,meningioma,Training,8dc4ad174f3be04f6e304dbf0bf3980f,train
data/Training/meningioma/Tr-me_1101.jpg,meningioma,Training,a501e6ea3748d3aebea8e8735268ec5b,val
data/Training/meningioma/Tr-me_1272.jpg,meningioma,Training,091d6a71364dc2dc94b015801db80785,train
data/Training/meningioma/Tr-me_882.jpg,meningioma,Training,637b8237de14add03f105dd790051fde,train
data/Training/meningioma/Tr-aug-me_12.jpg,meningioma,Training,9f499faf825f6d8fa6fc22f2c79f0508,train
data/Training/meningioma/Tr-me_1227.jpg,meningioma,Training,0882cf2318f1cb8a6250f6975241efe1,train
data/Training/meningioma/Tr-me_555.jpg,meningioma,Training,010a9f3497f6f5da6172fd162dd1c8dc,train
data/Training/meningioma/Tr-me_1003.jpg,meningioma,Training,131009fed603361ef01cda18070cf963,train
data/Training/meningioma/Tr-me_714.jpg,meningioma,Training,f2fda57f000c42ab14bb61db2346ea34,train
data/Training/meningioma/Tr-me_717.jpg,meningioma,Training,31801f8fb7b8f28b4c4df67356e80c54,train
data/Training/meningioma/Tr-me_806.jpg,meningioma,Training,56e69214845eb30058f010d450f44a31,train
data/Training/meningioma/Tr-me_831.jpg,meningioma,Training,da2881bcb301e75d925cfe9d3eb36e19,test
data/Training/meningioma/Tr-me_160.jpg,meningioma,Training,1c0616c6073617b11dde17af265c1385,val
data/Training/meningioma/Tr-aug-me_24.jpg,meningioma,Training,41a0723bff869f6e2beb66fb45957035,train
data/Training/meningioma/Tr-me_603.jpg,meningioma,Training,b501d34c1f2ed41affe35a7278643120,train
data/Training/meningioma/Tr-me_1131.jpg,meningioma,Training,64bc6d9f77d23ee01e17bb725368cdc8,val
data/Training/meningioma/Tr-me_765.jpg,meningioma,Training,763d7bd3e6d10ac420f4a632ed1a870e,train
data/Training/meningioma/Tr-me_592.jpg,meningioma,Training,71c1930c1d97a274abccfda428062e80,train
data/Training/meningioma/Tr-me_212.jpg,meningioma,Training,5ace459413799a18e41a1ed906b39cde,train
data/Training/meningioma/Tr-me_1098.jpg,meningioma,Training,eac4f0398bdc1a9fb08e8fb23ff8a5cb,train
data/Training/meningioma/Tr-me_665.jpg,meningioma,Training,eef95654225118f1cdb960392c071ccb,train
data/Training/meningioma/Tr-me_1177.jpg,meningioma,Training,97c5f35d51c27a35bcb52320d6b249b2,train
data/Training/meningioma/Tr-me_1217.jpg,meningioma,Training,51c789829280fa349365af59a4d8e212,train
data/Training/meningioma/Tr-me_186.jpg,meningioma,Training,16f2a3d1ff82713cd26416530cbe8b32,val
data/Training/meningioma/Tr-me_866.jpg,meningioma,Training,126136b9f6a176cd0f116303b57d36d0,train
data/Training/meningioma/Tr-me_489.jpg,meningioma,Training,fe7b3a2c74be0c970c4a514d7f6bee5f,train
data/Training/meningioma/Tr-me_1077.jpg,meningioma,Training,c02b9e6e7e96f35574aee9cbf4ef994e,train
data/Training/meningioma/Tr-me_517.jpg,meningioma,Training,eca903f336c6ac6b5dd3c1484ee1abe6,train
data/Training/meningioma/Tr-aug-me_48.jpg,meningioma,Training,f725a595a4fd75e83bdc8442887a89aa,train
data/Training/meningioma/Tr-aug-me_65.jpg,meningioma,Training,0bb151d35ebb2d91aa83bf8ed6cb1a0f,train
data/Training/meningioma/Tr-me_851.jpg,meningioma,Training,0052c398399075925e0fad61910613b0,test
data/Training/meningioma/Tr-me_494.jpg,meningioma,Training,8438e1fa3605d8ab0adb7d304f47d075,train
data/Training/meningioma/Tr-me_248.jpg,meningioma,Training,d96adf1c6e4359f69ea3ae923a60223e,train
data/Training/meningioma/Tr-aug-me_95.jpg,meningioma,Training,9d8e2727154924c2c1f3ff8da042b850,train
data/Training/meningioma/Tr-me_674.jpg,meningioma,Training,325457ee3de8de4d6c6b845c2dd253ee,val
data/Training/meningioma/Tr-me_718.jpg,meningioma,Training,38aca3f51e21b80a927ff57a196c8b5a,train
data/Training/meningioma/Tr-me_249.jpg,meningioma,Training,4f68219a772e5162b4bfd050a655557e,test
data/Training/meningioma/Tr-me_553.jpg,meningioma,Training,4952912db3852a6eb65ebac7e708af0f,val
data/Training/meningioma/Tr-me_808.jpg,meningioma,Training,428a6810123a315aeffa0fee99e48dfc,val
data/Training/meningioma/Tr-me_1279.jpg,meningioma,Training,4fb61192e0e03b2710e6b6390ba02ab3,train
data/Training/meningioma/Tr-aug-me_100.jpg,meningioma,Training,245e76fc861c831360d6d5312d4c01f6,test
data/Training/meningioma/Tr-me_1135.jpg,meningioma,Training,a338c1b9c9ac991ed0241e184ea987e5,train
data/Training/meningioma/Tr-me_976.jpg,meningioma,Training,d1319f6e86eed5839d12ee3f085591df,train
data/Training/meningioma/Tr-me_1269.jpg,meningioma,Training,1d1083d330e10a5e2dc8e934511a7287,test
data/Training/meningioma/Tr-me_189.jpg,meningioma,Training,126e3579d5334c7e513bd5c3d49bdea9,train
data/Training/meningioma/Tr-me_584.jpg,meningioma,Training,a41caf299d1a5c22aabc37e96491aa85,train
data/Training/meningioma/Tr-me_96.jpg,meningioma,Training,14b0416ad0889d8026c31713fb5c12a5,val
data/Training/meningioma/Tr-me_58.jpg,meningioma,Training,2bf78fe5603a46f0da83e91155d62931,val
data/Training/meningioma/Tr-me_508.jpg,meningioma,Training,e1d61cb3855f08780e7058d63e8e0640,train
data/Training/meningioma/Tr-me_411.jpg,meningioma,Training,43d1abc44433584162a6667c18d0a832,test
data/Training/meningioma/Tr-me_206.jpg,meningioma,Training,fd0bc9f2a4f8e458230585993c7a9127,train
data/Training/meningioma/Tr-me_4.jpg,meningioma,Training,4f31d20cc849a92d4da2d32d2726c0d9,train
data/Training/meningioma/Tr-me_1080.jpg,meningioma,Training,9bbd61b3b8ea544f39e7dd1d2d305640,train
data/Training/meningioma/Tr-me_78.jpg,meningioma,Training,f5a89b17f1cc431946fefc998327f3f0,test
data/Training/meningioma/Tr-me_56.jpg,meningioma,Training,66c7d5b45464605af470e7b596ccbdae,val
data/Training/meningioma/Tr-me_239.jpg,meningioma,Training,8cc51b538c45c1f7b870335d6e32dbeb,train
data/Training/meningioma/Tr-me_295.jpg,meningioma,Training,462a912f9e4bdeb01cd2270b213ff3c3,train
data/Training/meningioma/Tr-me_334.jpg,meningioma,Training,eda23054bec76204dae03c56a29ad268,train
data/Training/meningioma/Tr-me_885.jpg,meningioma,Training,104b5c7e6b252b81830ab9235f42443a,test
data/Training/meningioma/Tr-me_1002.jpg,meningioma,Training,733e1fdec3af1cd0195100544943b981,train
data/Training/meningioma/Tr-me_604.jpg,meningioma,Training,05efa4e9844a6e5cba4b45cc9b076650,train
data/Training/meningioma/Tr-aug-me_50.jpg,meningioma,Training,fad127109cbcf4e4e8af70f142117eec,train
data/Training/meningioma/Tr-me_2.jpg,meningioma,Training,283d7f82699733dbba9119a9bd711c3c,val
data/Training/meningioma/Tr-me_969.jpg,meningioma,Training,d32f40926c53a0460ae3694fe5b20642,train
data/Training/meningioma/Tr-me_710.jpg,meningioma,Training,c624b846d36484e011ed85601ec56f62,train
data/Training/meningioma/Tr-me_261.jpg,meningioma,Training,9e12af4fa751b42bc7b852a6fae32c4a,train
data/Training/meningioma/Tr-me_304.jpg,meningioma,Training,41dead393404dec744a6a9104afc5128,train
data/Training/meningioma/Tr-me_932.jpg,meningioma,Training,89c11c7345cfb62dcf57827cda908bda,val
data/Training/meningioma/Tr-me_1257.jpg,meningioma,Training,0ca2b26025051cf78626f3327ed61220,train
data/Training/meningioma/Tr-me_713.jpg,meningioma,Training,5dfbb5251ab0e6ee6f77673899d576f2,test
data/Training/meningioma/Tr-me_875.jpg,meningioma,Training,a328d929ba436ca4c907c7357fd5df2d,train
data/Training/meningioma/Tr-me_273.jpg,meningioma,Training,428a4407d53376ec2a2a9f731f0c8791,val
data/Training/meningioma/Tr-me_1019.jpg,meningioma,Training,f0ad616ac5b3b070c06362ed1d2c3b65,train
data/Training/meningioma/Tr-me_1286.jpg,meningioma,Training,93d2af5225382cd176139b2dc79e305a,val
data/Training/meningioma/Tr-me_474.jpg,meningioma,Training,2307fbbf4493851f0b0f67d63c0c4584,train
data/Training/meningioma/Tr-me_659.jpg,meningioma,Training,cb1baf810e38af99a91a757161f1a8f2,val
data/Training/meningioma/Tr-me_1106.jpg,meningioma,Training,bef37d22b2526ca08bd08870b1503af3,train
data/Training/meningioma/Tr-me_65.jpg,meningioma,Training,3b937397866ea2135b1041c1e2aea906,train
data/Training/meningioma/Tr-me_818.jpg,meningioma,Training,3036ac67ce53b90bc1e009f91ea8049c,train
data/Training/meningioma/Tr-me_170.jpg,meningioma,Training,0b0a17a579d119aae59ac9ce74d43946,train
data/Training/meningioma/Tr-me_312.jpg,meningioma,Training,77bab0df8f6f1e865169be0bb002cfe5,val
data/Training/meningioma/Tr-me_1029.jpg,meningioma,Training,09bf392b896dfb49e0387b51f18bc2c8,train
data/Training/meningioma/Tr-me_650.jpg,meningioma,Training,bb1563b1c324ffa5cde3f57cb18c27d0,train
data/Training/meningioma/Tr-me_1122.jpg,meningioma,Training,465ed043450c44fd032cb2addf4834ad,train
data/Training/meningioma/Tr-me_1001.jpg,meningioma,Training,9f70361b9c467e994f33708b08035e1d,train
data/Training/meningioma/Tr-me_345.jpg,meningioma,Training,6fd6df90b4cb18be700ce1e5b38db1a7,test
data/Training/meningioma/Tr-me_44.jpg,meningioma,Training,61fe7bbb23bee02b93d7a31919c81763,test
data/Training/meningioma/Tr-me_333.jpg,meningioma,Training,8bef16735607b0d7ebd15dba1bac8c02,test
data/Training/meningioma/Tr-me_173.jpg,meningioma,Training,e32e01d116f43c68c5f1cce140d9de4b,test
data/Training/meningioma/Tr-me_985.jpg,meningioma,Training,361f759988343df8d64877339336c0d7,train
data/Training/meningioma/Tr-me_1113.jpg,meningioma,Training,6ae994d5fbf5b9f7c92a37bf2c4b6956,train
data/Training/meningioma/Tr-me_492.jpg,meningioma,Training,50b8d27c914caeb4fbd1c6410d8f4cca,train
data/Training/meningioma/Tr-me_193.jpg,meningioma,Training,6ebfcde896493722e60b9a3fadfacec7,train
data/Training/meningioma/Tr-me_845.jpg,meningioma,Training,bc13bdda7abe567471c96696ca0a85ea,val
data/Training/meningioma/Tr-me_150.jpg,meningioma,Training,31fc514e6e5cf7caf9d9f031a1f88cd7,train
data/Training/meningioma/Tr-me_59.jpg,meningioma,Training,3d913f069383eb39985259e802a1a5a8,train
data/Training/meningioma/Tr-aug-me_43.jpg,meningioma,Training,743387c5c3aeee4077bb872be0ff6d49,val
data/Training/meningioma/Tr-me_1139.jpg,meningioma,Training,8d27234b14d283debe57d13f7ff5b1a2,train
data/Training/meningioma/Tr-me_828.jpg,meningioma,Training,3bbd19982fc141005d43d158bff92d41,train
data/Training/meningioma/Tr-me_50.jpg,meningioma,Training,6970ea1e4ca82e1f2093bc3369a67d78,val
data/Training/meningioma/Tr-me_1192.jpg,meningioma,Training,33ff0dcb636c08e64c758126d79296ef,train
data/Training/meningioma/Tr-me_1216.jpg,meningioma,Training,a988352ee935e979a6127adc74ea95c9,train
data/Training/meningioma/Tr-me_410.jpg,meningioma,Training,9bddc55489570d45923469f3ac6ff0af,val
data/Training/meningioma/Tr-me_664.jpg,meningioma,Training,dfd9afadc7427a75ca090570855407b6,train
data/Training/meningioma/Tr-aug-me_4.jpg,meningioma,Training,66cd7102c49e7785e778414361e6986f,train
data/Training/meningioma/Tr-me_433.jpg,meningioma,Training,2f3cc5d038d2d6b899e7c74014bb0b77,test
data/Training/meningioma/Tr-me_780.jpg,meningioma,Training,07bb7dd186d9c55d7aa73b579beb6811,val
data/Training/meningioma/Tr-me_924.jpg,meningioma,Training,1d14098c2b36bccab12efd7574cd0f78,val
data/Training/meningioma/Tr-aug-me_11.jpg,meningioma,Training,ccb89781f03688d7d8952bd14cf5c913,train
data/Training/meningioma/Tr-me_593.jpg,meningioma,Training,e2ba56425d5e02b372e0764db37a2fd6,train
data/Training/meningioma/Tr-me_417.jpg,meningioma,Training,fa00a03e1cfee5a6e70c0b7747cbef74,val
data/Training/meningioma/Tr-aug-me_19.jpg,meningioma,Training,fdcdc4bbb24e8d83974039744e77475b,train
data/Training/meningioma/Tr-me_1260.jpg,meningioma,Training,c58458075c389b4d74dd4c948c76dbe2,train
data/Training/meningioma/Tr-me_890.jpg,meningioma,Training,c5f31eda43da97e46ac62d722d70079e,train
data/Training/meningioma/Tr-me_123.jpg,meningioma,Training,bb89a6059df5be3d2b52c2d7f1e7a1e1,val
data/Training/meningioma/Tr-me_126.jpg,meningioma,Training,b4bd91a63fbf5728851decd9e867aa20,train
data/Training/meningioma/Tr-me_247.jpg,meningioma,Training,178fc2a90a6331a94c27abc2f4fbdf97,train
data/Training/meningioma/Tr-me_524.jpg,meningioma,Training,3f541ffee83deff715601bc95d12929e,train
data/Training/meningioma/Tr-me_62.jpg,meningioma,Training,0a3ad2f1de74df2454f494dd0760cb3f,train
data/Training/meningioma/Tr-me_610.jpg,meningioma,Training,398b91ea8c81f4a1f18a6884e60db8b2,train
data/Training/meningioma/Tr-me_370.jpg,meningioma,Training,b9eb160a36a5a2b1df9069f72b0d1230,train
data/Training/meningioma/Tr-me_154.jpg,meningioma,Training,546d13394a216dca4e057415eee7468a,train
data/Training/meningioma/Tr-me_698.jpg,meningioma,Training,ac7c1db89548af705ffeda042a11eefa,train
data/Training/meningioma/Tr-me_416.jpg,meningioma,Training,cd1a5497cb652e241bb888887a95652a,train
data/Training/meningioma/Tr-me_790.jpg,meningioma,Training,884572c37f39278a3abe1b21df6d414e,val
data/Training/meningioma/Tr-me_329.jpg,meningioma,Training,26d4e0c507a30dedccefa893b2152c96,val
data/Training/meningioma/Tr-me_708.jpg,meningioma,Training,ba11ff2135d9c60ad583d71fb86a801d,test
data/Training/meningioma/Tr-me_528.jpg,meningioma,Training,1d1c0b95c35c6b2a02cd43e8c3e8926d,train
data/Training/meningioma/Tr-me_311.jpg,meningioma,Training,5609bf4bd69f26281fbf0ea940ec9731,train
data/Training/meningioma/Tr-aug-me_35.jpg,meningioma,Training,2ba784cb33e99ba36935748a16e4c894,train
data/Training/meningioma/Tr-aug-me_9.jpg,meningioma,Training,e83a66fe1e2092a53eee73744ce65522,train
data/Training/meningioma/Tr-me_1291.jpg,meningioma,Training,4b9f6295c139e963471db8091cc60049,train
data/Training/meningioma/Tr-me_936.jpg,meningioma,Training,6da23e8baeb7d9c0c457b20589a5407a,train
data/Training/meningioma/Tr-me_1012.jpg,meningioma,Training,86c4b594969f742a06a7a812d2d822a6,val
data/Training/meningioma/Tr-me_34.jpg,meningioma,Training,dd3620967c3e91fc60e20e732fa3174b,test
data/Training/meningioma/Tr-me_883.jpg,meningioma,Training,2af790f5defdb159da23feaced8be4b2,train
data/Training/meningioma/Tr-me_682.jpg,meningioma,Training,ebc76c2c5a78f8c6b8dc64a27448c5df,test
data/Training/meningioma/Tr-aug-me_26.jpg,meningioma,Training,86ef2aeb691446a13f6ce4f60d0487ad,train
data/Training/meningioma/Tr-me_367.jpg,meningioma,Training,65b4b9da83c3b62d2e646b8dcd01bc5e,train
data/Training/meningioma/Tr-me_167.jpg,meningioma,Training,03ed7aa5155e3b6bbf657de60514ada8,train
data/Training/meningioma/Tr-me_1111.jpg,meningioma,Training,01de04449e1175e897fdc09d8917cc29,test
data/Training/meningioma/Tr-me_1259.jpg,meningioma,Training,b3c18af7f88aa07cc66f25ced71218d3,train
data/Training/meningioma/Tr-me_864.jpg,meningioma,Training,b4659e04f0bbf2c1024073538c1eedc9,train
data/Training/meningioma/Tr-me_272.jpg,meningioma,Training,bc822366eeed4e0b4e546a0a8c73a295,test
data/Training/meningioma/Tr-me_204.jpg,meningioma,Training,a19dad052822b589ade2a9e4d2c7e893,train
data/Training/meningioma/Tr-me_1246.jpg,meningioma,Training,edb8f31b169a77ee255cf8c0ec5f8c07,val
data/Training/meningioma/Tr-me_377.jpg,meningioma,Training,79c64f112b7fbee617ce5044125dbb99,train
data/Training/meningioma/Tr-me_187.jpg,meningioma,Training,f535d53367e5ae14dfcba94f0a892a55,test
data/Training/meningioma/Tr-me_783.jpg,meningioma,Training,526114aef19e830a7672f81e59f5c344,val
data/Training/meningioma/Tr-me_854.jpg,meningioma,Training,aaf6b4357e78188b8866bb4dcbc1bb7e,train
data/Training/meningioma/Tr-me_782.jpg,meningioma,Training,1b1f4c4edaad4e36abcd9024589cd5a4,val
data/Training/meningioma/Tr-aug-me_64.jpg,meningioma,Training,a5baead444af4506d19951a8bf1015a3,train
data/Training/meningioma/Tr-me_1118.jpg,meningioma,Training,ff24d729050063a610ef4125e2713f61,train
data/Training/meningioma/Tr-me_461.jpg,meningioma,Training,6a136375796fd81a4115bb1f4f49636c,test
data/Training/meningioma/Tr-me_1205.jpg,meningioma,Training,7e201d2286232ff3552bb8e97ccd88bf,train
data/Training/meningioma/Tr-me_1220.jpg,meningioma,Training,e0b0221b6ce51300e5e6ffa252ea47a1,train
data/Training/meningioma/Tr-me_393.jpg,meningioma,Training,be964ff4ad8aa10d34f743ae054a67a8,train
data/Training/meningioma/Tr-aug-me_68.jpg,meningioma,Training,f66d78c24135cc09a8846318866b0ac6,train
data/Training/meningioma/Tr-me_1073.jpg,meningioma,Training,b10fa1e9081f3433c213668832111249,train
data/Training/meningioma/Tr-aug-me_8.jpg,meningioma,Training,83329ecdc7d0375c69ebed8df80c5796,val
data/Training/meningioma/Tr-aug-me_46.jpg,meningioma,Training,a1cf494cf3b6278daca4352288fc949f,test
data/Training/meningioma/Tr-aug-me_49.jpg,meningioma,Training,2589bff41fd31237ec446ebc523c55b4,val
data/Training/meningioma/Tr-me_446.jpg,meningioma,Training,6f9635b3910bec7506ac0e11836caaba,val
data/Training/meningioma/Tr-me_14.jpg,meningioma,Training,85368a2da1a274c34c6302826c46e487,train
data/Training/meningioma/Tr-me_752.jpg,meningioma,Training,ac96b13bff051acafee457acbf0a83e3,train
data/Training/meningioma/Tr-me_287.jpg,meningioma,Training,b96749f2b5f1956eed0bbe885c654b27,val
data/Training/meningioma/Tr-me_540.jpg,meningioma,Training,f2b9817c0424c944cc041d46e8546883,train
data/Training/meningioma/Tr-me_942.jpg,meningioma,Training,af8655fa7cbdcf1c9fcbc913770bfc8b,train
data/Training/meningioma/Tr-me_1044.jpg,meningioma,Training,508ec8c92ef0d93996cca647608f389a,train
data/Training/meningioma/Tr-me_409.jpg,meningioma,Training,7e3d710c8e39a17ff505de2dc85ca880,test
data/Training/meningioma/Tr-me_997.jpg,meningioma,Training,32dea6469aad66514669b33bb879345e,test
data/Training/meningioma/Tr-me_487.jpg,meningioma,Training,5be1ba986e9f681270605fa82ab141fe,train
data/Training/meningioma/Tr-me_605.jpg,meningioma,Training,8de642c2d164a8cebd198c28ebf434e7,train
data/Training/meningioma/Tr-me_646.jpg,meningioma,Training,68fea912c18fb9635a182f5cd1e9e1b9,val
data/Training/meningioma/Tr-me_1295.jpg,meningioma,Training,9d8e2727154924c2c1f3ff8da042b850,train
data/Training/meningioma/Tr-me_1152.jpg,meningioma,Training,afea7c9bb78fe874fc6dffccb536bb87,train
data/Training/meningioma/Tr-me_305.jpg,meningioma,Training,272bcba3e793827e1a8884497462f3ff,test
data/Training/meningioma/Tr-me_965.jpg,meningioma,Training,94638f4d66661073aeb9475d41f60bdf,test
data/Training/meningioma/Tr-me_1081.jpg,meningioma,Training,3c83c4e8f9f90dfc8a12064d868410a9,train
data/Training/meningioma/Tr-me_1224.jpg,meningioma,Training,b0018307fc370aeb641f9a2902592f24,train
data/Training/meningioma/Tr-me_132.jpg,meningioma,Training,bba1e7e7c68f9d4e0699f1e75e764b98,train
data/Training/meningioma/Tr-me_141.jpg,meningioma,Training,f694618d22be181e04ba93f0048d248f,train
data/Training/meningioma/Tr-me_967.jpg,meningioma,Training,1454a5628113148750de2ed559224abf,train
data/Training/meningioma/Tr-me_1007.jpg,meningioma,Training,f0d00c23ca029d2383805888eec12f64,train
data/Training/meningioma/Tr-me_1144.jpg,meningioma,Training,fd930c26cb26cb4db2890a5ba92318ab,train
data/Training/meningioma/Tr-me_681.jpg,meningioma,Training,d8903369cc9fe39cec389900451ab747,train
data/Training/meningioma/Tr-me_464.jpg,meningioma,Training,e9fe1389c9e1e80933dffe5f2420dbe4,test
data/Training/meningioma/Tr-me_1208.jpg,meningioma,Training,a568b18cfb07290d7d0ba056bf3186a5,train
data/Training/meningioma/Tr-aug-me_45.jpg,meningioma,Training,1173462577bbea685a6e0b988323f422,train
data/Training/meningioma/Tr-me_1190.jpg,meningioma,Training,ccf9fabb3f29af146e35bbdc587c55fc,train
data/Training/meningioma/Tr-me_225.jpg,meningioma,Training,21b0f61657f9f81817b4ec468871333c,train
data/Training/meningioma/Tr-me_1251.jpg,meningioma,Training,19599b466c2de0fcf3c3308e6cbba9de,train
data/Training/meningioma/Tr-me_1072.jpg,meningioma,Training,192b45ac27f6cbe90393c22cced0adff,train
data/Training/meningioma/Tr-me_205.jpg,meningioma,Training,da3c601dae40626a6b2ea828539814d8,test
data/Training/meningioma/Tr-me_991.jpg,meningioma,Training,459eb921b9644e606c51247a3fdcebbe,val
data/Training/meningioma/Tr-me_1014.jpg,meningioma,Training,03290da01cde8965f005e1a85584699d,val
data/Training/meningioma/Tr-me_874.jpg,meningioma,Training,cf9568dc375ddd598f4c3140e644df4f,test
data/Training/meningioma/Tr-me_545.jpg,meningioma,Training,d85484bc3b3583d9633ff897ec2ddd92,train
data/Training/meningioma/Tr-me_565.jpg,meningioma,Training,8f5bfa0737b3ae58a652f5b8e0adea70,test
data/Training/meningioma/Tr-me_297.jpg,meningioma,Training,14c343d6c9b06b1e4dc056b7c4eff3aa,train
data/Training/meningioma/Tr-me_798.jpg,meningioma,Training,47d0da77bfedba8d8c2e0bbe228145e7,val
data/Training/meningioma/Tr-me_1293.jpg,meningioma,Training,9a5e29fdf89af2c52f03f40f8c5b442b,train
data/Training/meningioma/Tr-me_347.jpg,meningioma,Training,f8ea09efc7d4bc01f5ef60e192722540,test
data/Training/meningioma/Tr-me_1147.jpg,meningioma,Training,f1ae1a4a4f1d7c5a9ac8bf1a1b4e7207,train
data/Training/meningioma/Tr-me_930.jpg,meningioma,Training,ca571814d2d53e172d977c7ab69e9f35,train
data/Training/meningioma/Tr-me_738.jpg,meningioma,Training,4047171cb89c617b14ea7149c9932342,train
data/Training/meningioma/Tr-me_576.jpg,meningioma,Training,992d7f303f61a409876e327a93bd2a30,val
data/Training/meningioma/Tr-me_1169.jpg,meningioma,Training,d21ce7abbfad42d0cd36adb03c5639bf,val
data/Training/meningioma/Tr-me_1187.jpg,meningioma,Training,e71141c1fbda1d2b8322c0df4a84f1c7,val
data/Training/meningioma/Tr-me_542.jpg,meningioma,Training,ae90e6e7c332e848675566d75de0a3b5,test
data/Training/meningioma/Tr-me_87.jpg,meningioma,Training,2b36b5bf9dd9b27632463ac71c04b23c,train
data/Training/meningioma/Tr-me_99.jpg,meningioma,Training,92f98ce99049e0f45368950818983be9,val
data/Training/meningioma/Tr-me_342.jpg,meningioma,Training,df5802e18a8e3fde3419baece00ba20d,train
data/Training/meningioma/Tr-me_1076.jpg,meningioma,Training,2dae9e677189b4e2471d61ee8222c447,train
data/Training/meningioma/Tr-me_1060.jpg,meningioma,Training,1f527936508193b2577f19fe0df36323,val
data/Training/meningioma/Tr-aug-me_5.jpg,meningioma,Training,b5a6b0ef5ceb71152f6a204a507fb19b,val
data/Training/meningioma/Tr-me_49.jpg,meningioma,Training,eb9b77b9e676b0874391ac47ee20518d,test
data/Training/meningioma/Tr-me_213.jpg,meningioma,Training,78f62cdc0cabf41e87fc0fe8d04e5fe4,val
data/Training/meningioma/Tr-me_702.jpg,meningioma,Training,eeeb627c83de00de1307cff65b694904,train
data/Training/meningioma/Tr-me_364.jpg,meningioma,Training,bd33cf5f77468f56dd88ec81a73a2543,train
data/Training/meningioma/Tr-me_812.jpg,meningioma,Training,efc05e35e5b93e4e5bac4788fdc0d746,test
data/Training/meningioma/Tr-me_159.jpg,meningioma,Training,d59a61bd33aa0438bc644f9190fd2572,test
data/Training/meningioma/Tr-me_285.jpg,meningioma,Training,41d7ee5275a357e8703aeab7a3a5e60a,train
data/Training/meningioma/Tr-me_131.jpg,meningioma,Training,f642d06be875c343c1c498cfaa2fbd25,test
data/Training/meningioma/Tr-me_643.jpg,meningioma,Training,5e51da9b01a6692ce47184886b9ebad1,train
data/Training/meningioma/Tr-me_654.jpg,meningioma,Training,4625f5dd8dd78184f25034c1019a2526,train
data/Training/meningioma/Tr-me_533.jpg,meningioma,Training,967c0266e3c4c79d08a75df522ebac50,train
data/Training/meningioma/Tr-me_1112.jpg,meningioma,Training,6e59ac2beea6476a55c27682d412ef86,test
data/Training/meningioma/Tr-me_478.jpg,meningioma,Training,ac0654ca098a249c900ba9e6c53a2722,train
data/Training/meningioma/Tr-me_387.jpg,meningioma,Training,b6a7e993dcb08274d4354db087b5948f,train
data/Training/meningioma/Tr-aug-me_42.jpg,meningioma,Training,2c6ae7410bf664062eac9f57e38723ef,train
data/Training/meningioma/Tr-me_797.jpg,meningioma,Training,ba66e0983ed063c7accd4f6fb9be7120,train
data/Training/meningioma/Tr-me_522.jpg,meningioma,Training,262c7d9a0d719adc373a718241114027,train
data/Training/meningioma/Tr-me_585.jpg,meningioma,Training,37f05ce3f6d33f50542019159faad59b,train
data/Training/meningioma/Tr-me_558.jpg,meningioma,Training,b0046550e049064dcf0be42812af9e82,train
data/Training/meningioma/Tr-me_199.jpg,meningioma,Training,6ac35de2630c016b30cbeef436c72358,train
data/Training/meningioma/Tr-aug-me_92.jpg,meningioma,Training,9120f19e559d9f509aa873b5d9b46909,train
data/Training/meningioma/Tr-me_72.jpg,meningioma,Training,14f6f239eafc9268b3e906580ec2ed71,train
data/Training/meningioma/Tr-me_122.jpg,meningioma,Training,a2d22b5be72d769cbec1efb3a87f01e7,train
data/Training/meningioma/Tr-me_472.jpg,meningioma,Training,deda53fba5fff5371017b18f1f85b360,test
data/Training/meningioma/Tr-me_1158.jpg,meningioma,Training,e7e8352617252f5713721514e394ff52,train
data/Training/meningioma/Tr-me_614.jpg,meningioma,Training,27cfb94a8ce7075b1760868f36e8a1ec,val
data/Training/meningioma/Tr-me_858.jpg,meningioma,Training,61dca9a24624df985808863d27ec355b,train
data/Training/meningioma/Tr-me_968.jpg,meningioma,Training,049eac76a0f55ec90c607bbd0d2db33b,val
data/Training/meningioma/Tr-me_480.jpg,meningioma,Training,f18687cd6326168b394a265492ae46b9,train
data/Training/meningioma/Tr-me_548.jpg,meningioma,Training,87cfe7bf10950d9fe12721e9878a3f52,train
data/Training/meningioma/Tr-me_1299.jpg,meningioma,Training,edcda044888c31289760bdc2be22fd1e,train
data/Training/meningioma/Tr-me_1234.jpg,meningioma,Training,bee54c092c0c07e68f904a3bcefdf427,test
data/Training/meningioma/Tr-me_817.jpg,meningioma,Training,98e2e68df70ced05b204324c98d1c704,val
data/Training/meningioma/Tr-me_379.jpg,meningioma,Training,f999981aae3c669ca0d671f5cd944b82,test
data/Training/meningioma/Tr-me_840.jpg,meningioma,Training,e17a46e585a6f10190418d189f3d47fc,train
data/Training/meningioma/Tr-aug-me_84.jpg,meningioma,Training,0c7a97786c249ff0359db86197396922,train
data/Training/meningioma/Tr-me_418.jpg,meningioma,Training,3fd949d938fda00b0701ee3b6fdf7e2f,train
data/Training/meningioma/Tr-me_926.jpg,meningioma,Training,dc092a5e244a60ecd00cf5ec94999e1d,train
data/Training/meningioma/Tr-me_1062.jpg,meningioma,Training,ab6884104ec3a6d28113fc3e5f2bb093,train
data/Training/meningioma/Tr-me_1045.jpg,meningioma,Training,78f3b5b509a45c6aa237d98f88d9d0e5,train
data/Training/meningioma/Tr-me_1084.jpg,meningioma,Training,d528054e8f606b17b9af26594abbfa53,test
data/Training/meningioma/Tr-me_53.jpg,meningioma,Training,d45b7d1b03046da5e14da6af87ee5064,train
data/Training/meningioma/Tr-me_1004.jpg,meningioma,Training,b3d56da120477ee95accc7835025df17,train
data/Training/meningioma/Tr-me_578.jpg,meningioma,Training,559063c923e6b23869e9399cf9f9eee9,test
data/Training/meningioma/Tr-me_368.jpg,meningioma,Training,074487621c5b27d97e0a352e9c6bd8d0,train
data/Training/meningioma/Tr-me_313.jpg,meningioma,Training,87f8d7157350826b786ec956782b30f8,train
data/Training/meningioma/Tr-me_982.jpg,meningioma,Training,7f8f330eb3b9c40aa854564a7b21aacb,train
data/Training/meningioma/Tr-me_566.jpg,meningioma,Training,68fd93284eb16763b1ebdb7fa45cb300,train
data/Training/meningioma/Tr-me_275.jpg,meningioma,Training,5796d92e6cd8f938bf02475c28f9d252,train
data/Training/meningioma/Tr-me_692.jpg,meningioma,Training,7fac1832d5e4a462e92c98717f42b7ad,train
data/Training/meningioma/Tr-me_260.jpg,meningioma,Training,96f8982fb55546faf5cf2139cefd0aef,train
data/Training/meningioma/Tr-me_933.jpg,meningioma,Training,422824c8865e0806cc207e218d67437b,train
data/Training/meningioma/Tr-me_252.jpg,meningioma,Training,ab5fa4af54b622d0d87635a6aef6ed54,test
data/Training/meningioma/Tr-me_988.jpg,meningioma,Training,2113b834c470a81ef2c24ee66eef700e,train
data/Training/meningioma/Tr-me_1069.jpg,meningioma,Training,d134cc2aacfba636c30a9fa60b6e7861,train
data/Training/meningioma/Tr-me_837.jpg,meningioma,Training,8313a9e2f7f7e9cec42752e98686323d,train
data/Training/meningioma/Tr-me_378.jpg,meningioma,Training,3dbf6b8ebc9c1c65953839f220b8bef9,train
data/Training/meningioma/Tr-me_282.jpg,meningioma,Training,38ac89273cc9a8324018ae4d1680ba6f,val
data/Training/meningioma/Tr-me_857.jpg,meningioma,Training,5f67ecd8833c688c2706928665527257,val
data/Training/meningioma/Tr-me_833.jpg,meningioma,Training,7a3ec8312ee69e731794b62dec255d66,train
data/Training/meningioma/Tr-aug-me_51.jpg,meningioma,Training,fcbb79bfaba8bacf27d7d22f44f3d588,train
data/Training/meningioma/Tr-me_504.jpg,meningioma,Training,dc2aa28f98a3573e08476f7165877f21,val
data/Training/meningioma/Tr-me_901.jpg,meningioma,Training,738d10722c3f32d0ed289de628e8c5f6,train
data/Training/meningioma/Tr-me_1155.jpg,meningioma,Training,4f2e2bedce821036553fb0799197e666,train
data/Training/meningioma/Tr-me_234.jpg,meningioma,Training,bbacb8e9e048fdb156fcaaa0c219df61,train
data/Training/meningioma/Tr-me_1133.jpg,meningioma,Training,d6cc6865f67f5a5758c7d6bb287599aa,train
data/Training/meningioma/Tr-me_250.jpg,meningioma,Training,014e2de4d7d09b0e970b0a89db18c0d0,train
data/Training/meningioma/Tr-me_913.jpg,meningioma,Training,c4b56f8b312a90de24c62d87eb6df354,train
data/Training/meningioma/Tr-me_865.jpg,meningioma,Training,73cd656e3f62e426c4ec212d9d69113f,train
data/Training/meningioma/Tr-me_109.jpg,meningioma,Training,5523b18a36e7a739bcf83d444c5d8216,train
data/Training/meningioma/Tr-me_1210.jpg,meningioma,Training,b6380bb69d4200490a39cc2cd44baf04,train
data/Training/meningioma/Tr-me_124.jpg,meningioma,Training,f2354e087f1be6a98c17bc6a2ade53e2,train
data/Training/meningioma/Tr-me_101.jpg,meningioma,Training,c1386c2999b478fa66c502c2bff1855b,train
data/Training/meningioma/Tr-me_998.jpg,meningioma,Training,e45a7a532c8830a57f08fca8b300bfd9,val
data/Training/meningioma/Tr-me_1116.jpg,meningioma,Training,1be83ee6d972151985fc883d668b24aa,train
data/Training/meningioma/Tr-me_939.jpg,meningioma,Training,55e97171122ec8d020137a9daa2f7077,train
data/Training/meningioma/Tr-me_1267.jpg,meningioma,Training,68af3a7989e50273b474bd411404ebef,train
data/Training/meningioma/Tr-me_981.jpg,meningioma,Training,ca25de604b97b9d699af92f566db3b6f,train
data/Training/meningioma/Tr-me_1296.jpg,meningioma,Training,e96e2a8516996cd1a98e92b5b09372a3,train
data/Training/meningioma/Tr-aug-me_23.jpg,meningioma,Training,825e9a3890f0809b2d81c7131bb9ff74,train
data/Training/meningioma/Tr-me_619.jpg,meningioma,Training,73d34d2bbc11f11689688d84d81b519e,val
data/Training/meningioma/Tr-me_1132.jpg,meningioma,Training,f9e6f424db5638200324fbb5ac87fcec,train
data/Training/meningioma/Tr-aug-me_18.jpg,meningioma,Training,ea39c99798c74181f0140da6dc57b4f7,train
data/Training/meningioma/Tr-me_826.jpg,meningioma,Training,0ff42d8b16c52ae00fcdbfbda2baa8eb,test
data/Training/meningioma/Tr-me_923.jpg,meningioma,Training,a4222cc28f59ae2e43cbbf2b5fcf1da8,train
data/Training/meningioma/Tr-me_219.jpg,meningioma,Training,832c3e0243e8fafe4313d899e233285d,train
data/Training/meningioma/Tr-me_445.jpg,meningioma,Training,20a2f17c19bcc53a693900911502ea03,train
data/Training/meningioma/Tr-me_456.jpg,meningioma,Training,1719d9e1b3db8cb9715b34e93f086d8a,train
data/Training/meningioma/Tr-me_38.jpg,meningioma,Training,f378af0d7a36f8a806c42979498641f2,train
data/Training/meningioma/Tr-me_135.jpg,meningioma,Training,8be28563d70247a9db36a5f78723cbac,train
data/Training/meningioma/Tr-me_308.jpg,meningioma,Training,45fbc3f69078f45a6eba905c1adf8ed6,train
data/Training/meningioma/Tr-aug-me_30.jpg,meningioma,Training,04c5f483fddf49d10814bdc11b741064,test
data/Training/meningioma/Tr-aug-me_44.jpg,meningioma,Training,b7d6659c60f53d1522d736a5873bf3a9,train
data/Training/meningioma/Tr-me_1015.jpg,meningioma,Training,167ffd353522deb0593cc970d84d701d,val
data/Training/meningioma/Tr-me_1245.jpg,meningioma,Training,b3071eb84d7888560f94ac77d20e7fa7,train
data/Training/meningioma/Tr-me_907.jpg,meningioma,Training,44a6e859976ac05287b56134fbb3420f,test
data/Training/meningioma/Tr-me_626.jpg,meningioma,Training,36bf59acbff8c10cb2643eadd170dc86,train
data/Training/meningioma/Tr-me_719.jpg,meningioma,Training,33d12e03930ea93eec1afc06044fa6ad,train
data/Training/meningioma/Tr-me_294.jpg,meningioma,Training,a6c9293b8c5eb6142ac04efbaaf7bb04,val
data/Training/meningioma/Tr-aug-me_97.jpg,meningioma,Training,ceb4361f4ba2f0ee12470a037bc37212,test
data/Training/meningioma/Tr-me_1195.jpg,meningioma,Training,ad80a184dd8cf3611659db5eb3795d1a,train
data/Training/meningioma/Tr-me_503.jpg,meningioma,Training,2a11427bfd3a1ed106279c36b921b319,test
data/Training/meningioma/Tr-me_915.jpg,meningioma,Training,6d31a7b9631f5d3cd9fcd7d0068afe45,train
data/Training/meningioma/Tr-me_1079.jpg,meningioma,Training,e064eb4d082c1ecdaad2d678e41009dd,train
data/Training/meningioma/Tr-me_230.jpg,meningioma,Training,d8bf6a8bbdf0b9c13c04f6636d77bdc7,train
data/Training/meningioma/Tr-me_108.jpg,meningioma,Training,64b65481ced9a71ebe5a3cb3ebbe71a8,train
data/Training/meningioma/Tr-me_589.jpg,meningioma,Training,1b02dbeacd3a7a9f316734fa17633e0e,train
data/Training/meningioma/Tr-me_1120.jpg,meningioma,Training,be42b9f33409e068fe4e58112817f8ba,train
data/Training/meningioma/Tr-me_1202.jpg,meningioma,Training,a98ead0e00960ad58404491632b407f5,test
data/Training/meningioma/Tr-me_532.jpg,meningioma,Training,ceb4361f4ba2f0ee12470a037bc37212,test
data/Training/meningioma/Tr-me_881.jpg,meningioma,Training,e095d21247cd57306bc52b1dee331b67,test
data/Training/meningioma/Tr-me_1046.jpg,meningioma,Training,84be54bac57a94229c441974e31f9ed8,train
data/Training/meningioma/Tr-me_1011.jpg,meningioma,Training,22af5235bfa7f51d738b13487eab1e53,val
data/Training/meningioma/Tr-me_1173.jpg,meningioma,Training,e8ea88425d4b66e49a7a357e3c415efa,train
data/Training/meningioma/Tr-me_441.jpg,meningioma,Training,c643a5e8d146276dc37f448084151a6f,train
data/Training/meningioma/Tr-me_1032.jpg,meningioma,Training,29f733259e56d12658ac97f781f883b6,val
data/Training/meningioma/Tr-me_867.jpg,meningioma,Training,76afeee7a21f9780eab4b83fc4c52e36,train
data/Training/meningioma/Tr-me_1036.jpg,meningioma,Training,330956285c22c3c082dda5a8eee33978,train
data/Training/meningioma/Tr-aug-me_74.jpg,meningioma,Training,056d07bf96f2e9e2f575b4d2a853372d,train
data/Training/meningioma/Tr-me_804.jpg,meningioma,Training,89a763239a5f6cd336c69abf5f007156,train
data/Training/meningioma/Tr-me_227.jpg,meningioma,Training,8ad7273651c229d2232f1cdb0e471826,train
data/Training/meningioma/Tr-aug-me_10.jpg,meningioma,Training,b0be06a09705665fba72e24a0a8a7f98,train
data/Training/meningioma/Tr-aug-me_70.jpg,meningioma,Training,5bb4fe6ddbfdc13c5b05a2b7258c9f52,test
data/Training/meningioma/Tr-me_573.jpg,meningioma,Training,4c041628a0a121c77614df80a6682360,train
data/Training/meningioma/Tr-aug-me_62.jpg,meningioma,Training,a0c2df0164907ff88d1479d5e2b23190,val
data/Training/meningioma/Tr-me_442.jpg,meningioma,Training,ec9c7beaa7853c2cafa3b4a3fbed8eac,train
data/Training/meningioma/Tr-me_437.jpg,meningioma,Training,d357e7dfe4d18bdcc1f7a745e9e84549,train
data/Training/meningioma/Tr-me_1276.jpg,meningioma,Training,4c539d0afe4a6c434b96578581ada8b4,train
data/Training/meningioma/Tr-aug-me_31.jpg,meningioma,Training,253e221a77a9855bb1a1980ef2b1e0fb,train
data/Training/meningioma/Tr-me_744.jpg,meningioma,Training,dccbb6b3035a810298cf55c8084d9075,val
data/Training/meningioma/Tr-me_1033.jpg,meningioma,Training,41ab91017c0633cdab44d8cab827e980,train
data/Training/meningioma/Tr-me_396.jpg,meningioma,Training,7c8013a90c45bd94ab6e07393952cead,train
data/Training/meningioma/Tr-me_962.jpg,meningioma,Training,7fc7196619f304d6fd8586f417fff313,train
data/Training/meningioma/Tr-me_500.jpg,meningioma,Training,c53cfab05934ba93917d825347742c96,val
data/Training/meningioma/Tr-me_452.jpg,meningioma,Training,6cb6d06aaf462d15c18bdf5f992b077a,train
data/Training/meningioma/Tr-me_1181.jpg,meningioma,Training,5488c09fced23c64dfd21ddeebb30de0,train
data/Training/meningioma/Tr-me_424.jpg,meningioma,Training,cf5d24b7728e7d42fa0bc85b7b1ed23b,train
data/Training/meningioma/Tr-me_185.jpg,meningioma,Training,dec9dbdf02f56e0bc68a277f3a4eb80e,val
data/Training/meningioma/Tr-me_1204.jpg,meningioma,Training,cbcf0819c42348a2a60405cafab3fa31,test
data/Training/meningioma/Tr-me_114.jpg,meningioma,Training,6f8ac9bef506bc2dcc8788e1b4423ecc,test
data/Training/meningioma/Tr-me_1067.jpg,meningioma,Training,c3b9b6b8b5873a895c2b3c193f899a3c,val
data/Training/meningioma/Tr-me_162.jpg,meningioma,Training,e365110c0e28059a235bff8fdf1a51db,train
data/Training/meningioma/Tr-me_644.jpg,meningioma,Training,e2e388f58c06ec3c97c356c88a9c9002,train
data/Training/meningioma/Tr-me_143.jpg,meningioma,Training,a3093aac19ccb60acab4951209ac2e52,val
data/Training/meningioma/Tr-aug-me_60.jpg,meningioma,Training,5e584c0738ef668b00e55241c7290995,train
data/Training/meningioma/Tr-me_104.jpg,meningioma,Training,56a22c58f8749789b8bf55d864c559d0,test
data/Training/meningioma/Tr-me_788.jpg,meningioma,Training,9a64cd1e7345ea79111e2198162fdc21,train
data/Training/meningioma/Tr-me_739.jpg,meningioma,Training,61064c9194c007f78f3c857c6c8c88ea,train
data/Training/meningioma/Tr-me_669.jpg,meningioma,Training,928bc6a9563c88a21070c69405cc2c5e,train
data/Training/meningioma/Tr-me_835.jpg,meningioma,Training,ee9a9621ce1dc8f00e8b96e006dad93b,train
data/Training/meningioma/Tr-me_1249.jpg,meningioma,Training,28288e89575a009d245c575d2c031731,train
data/Training/meningioma/Tr-me_737.jpg,meningioma,Training,62d2f62f5ecf630df1e45df2915b5d8b,train
data/Training/meningioma/Tr-me_743.jpg,meningioma,Training,f7bf89c957d6ea099818229a71a41326,test
data/Training/meningioma/Tr-me_22.jpg,meningioma,Training,e894e17ae6fc4fe87ade37dba521eeaa,train
data/Training/meningioma/Tr-me_911.jpg,meningioma,Training,33f5c1eb934abfe74dda7907fed0700d,val
data/Training/meningioma/Tr-me_691.jpg,meningioma,Training,bddd17b3a5b0e3756344444a37457711,train
data/Training/meningioma/Tr-me_914.jpg,meningioma,Training,2108c362321251a5fe1a047982e03580,val
data/Training/meningioma/Tr-me_624.jpg,meningioma,Training,cf49e50907514fe2b2928015c3567704,train
data/Training/meningioma/Tr-aug-me_38.jpg,meningioma,Training,566f24fc687fe27b1663dc62e6da8f55,val
data/Training/meningioma/Tr-me_935.jpg,meningioma,Training,cc31c01c8e60723fe48e6899b4e99ff3,train
data/Training/meningioma/Tr-me_809.jpg,meningioma,Training,566dd1bd8bf772976bdf699bf31f6a52,train
data/Training/meningioma/Tr-me_281.jpg,meningioma,Training,cac4470ca8ae2e3306324adc23be571d,test
data/Training/meningioma/Tr-me_1115.jpg,meningioma,Training,6351892a3ea0134637c87ed4e2bd9019,test
data/Training/meningioma/Tr-me_574.jpg,meningioma,Training,4b23c0dd5287a60948d10d31f5463eee,test
data/Training/meningioma/Tr-aug-me_14.jpg,meningioma,Training,dc65665ac8d1901b219ae2885f1a8f71,val
data/Training/meningioma/Tr-aug-me_32.jpg,meningioma,Training,18a95bd284f28e894768c3e8613fee6e,train
data/Training/meningioma/Tr-me_66.jpg,meningioma,Training,5ef51b0753f7938e1cf02d020b52b2aa,test
data/Training/meningioma/Tr-me_1185.jpg,meningioma,Training,9649b82affebba400981e8234e6a5e46,train
data/Training/meningioma/Tr-me_188.jpg,meningioma,Training,3c261eefb026e7e72234abd854338bcb,val
data/Training/meningioma/Tr-me_830.jpg,meningioma,Training,90f4d17de02eca5cea9e9a8aece29fcd,train
data/Training/meningioma/Tr-me_1213.jpg,meningioma,Training,743f762d2ac7bae8ec11c02528501f81,train
data/Training/meningioma/Tr-me_36.jpg,meningioma,Training,45460610c17c35e7baf9d13e3d7d54ac,val
data/Training/meningioma/Tr-me_1071.jpg,meningioma,Training,9924e8c083fe26c1e0ebe9ae6571c95a,train
data/Training/meningioma/Tr-me_977.jpg,meningioma,Training,45854ccb7fc17b977a98a99b8208018f,train
data/Training/meningioma/Tr-me_1182.jpg,meningioma,Training,4895553e342aa7731ebedf9a281dbbd3,train
data/Training/meningioma/Tr-me_1087.jpg,meningioma,Training,af16cc79795e0ee4ce1e530ef222eaea,train
data/Training/meningioma/Tr-me_1154.jpg,meningioma,Training,6188ecd7995b6868674758d44889780b,train
data/Training/meningioma/Tr-me_1039.jpg,meningioma,Training,75741c5fb29fc7eeb7d3018378c020fb,train
data/Training/meningioma/Tr-me_824.jpg,meningioma,Training,b66d2a622c461b978e51d48171ae2980,train
data/Training/meningioma/Tr-me_196.jpg,meningioma,Training,d9a0f60c35e2dff5d93a7ab19d51d47d,test
data/Training/meningioma/Tr-me_666.jpg,meningioma,Training,97d3a1d6b6648be75e2f3eb132f16e75,test
data/Training/meningioma/Tr-me_1092.jpg,meningioma,Training,875bdc5b5313465f18b0ccf684a5cba4,train
data/Training/meningioma/Tr-aug-me_57.jpg,meningioma,Training,8a98ec0ef8a6fce3ce0a17704e3f9177,train
data/Training/meningioma/Tr-me_746.jpg,meningioma,Training,a353e8a4140d667d22419de41d8b68e4,train
data/Training/meningioma/Tr-me_374.jpg,meningioma,Training,8b4ed246d1a78862574ae3c7f9ba1801,train
data/Training/meningioma/Tr-me_819.jpg,meningioma,Training,9d5dc684e5f820dbb0a9009fe9ad69ca,train
data/Training/meningioma/Tr-me_327.jpg,meningioma,Training,6c63f3df3fc0cd6164e99ee6f5775ef3,train
data/Training/meningioma/Tr-me_1198.jpg,meningioma,Training,ae6d267fc228ffe00a7cd13558e28189,train
data/Training/meningioma/Tr-me_922.jpg,meningioma,Training,a3d0b4b1612f083e7f3585df0938ec5e,test
data/Training/meningioma/Tr-me_530.jpg,meningioma,Training,b77ae03ed117e3771edccacd35959ae4,train
data/Training/meningioma/Tr-me_1153.jpg,meningioma,Training,41259fc843c48663a4a45a0ca9a1eda4,train
data/Training/meningioma/Tr-me_1126.jpg,meningioma,Training,3decff42d87a22f76d652d6568102607,train
data/Training/meningioma/Tr-me_729.jpg,meningioma,Training,4986c456dfcfdd64f0c71dd8ddb25c09,train
data/Training/meningioma/Tr-me_662.jpg,meningioma,Training,db7b0d4c4f11a3ba40e41447a5184004,train
data/Training/meningioma/Tr-me_561.jpg,meningioma,Training,333ca271271562e025951545e76a8b0b,test
data/Training/meningioma/Tr-me_309.jpg,meningioma,Training,904ce80c82798d0ba8f7ec72154eb2f5,test
data/Training/meningioma/Tr-me_1028.jpg,meningioma,Training,df03f36da62abf102da4d0a35298fd12,train
data/Training/meningioma/Tr-me_245.jpg,meningioma,Training,5ac635ab3e61f1897b1e4188fdc1c3f2,train
data/Training/meningioma/Tr-me_1082.jpg,meningioma,Training,2ce839631db98a207d3d21fbddbfbde4,val
data/Training/meningioma/Tr-me_17.jpg,meningioma,Training,2483f9df39e6e886ce41b8f79a5e00a7,val
data/Training/meningioma/Tr-me_513.jpg,meningioma,Training,40c6018b2375244a2dcb798b718e2bf4,train
data/Training/meningioma/Tr-me_1094.jpg,meningioma,Training,832c3e0243e8fafe4313d899e233285d,train
data/Training/meningioma/Tr-me_391.jpg,meningioma,Training,5630c52f2294b7bce31324b268119e7a,val
data/Training/meningioma/Tr-me_401.jpg,meningioma,Training,ee92940fb4c4d49c59487e7404474a15,train
data/Training/meningioma/Tr-me_125.jpg,meningioma,Training,880f1be26e4ec195cdfaca925c846058,train
data/Training/meningioma/Tr-me_1097.jpg,meningioma,Training,debf7d6f5caa924046b4e7af0d6f31e6,test
data/Training/meningioma/Tr-me_1226.jpg,meningioma,Training,dc88a9d00d61660ec51eabc5db2b8f5a,train
data/Training/meningioma/Tr-me_876.jpg,meningioma,Training,5883c051a9c044023c1bf31a78d6cf91,test
data/Training/meningioma/Tr-aug-me_85.jpg,meningioma,Training,4b7bdb37b2eba03682a3618517b1b3cc,train
data/Training/meningioma/Tr-me_371.jpg,meningioma,Training,9820c9cf996b6dcfbb63f5adf6742543,train
data/Training/meningioma/Tr-me_86.jpg,meningioma,Training,af3a4cf5d54bd454b733bfe3d2177b4a,train
data/Training/meningioma/Tr-me_210.jpg,meningioma,Training,cdc9bd3545f360bfdd50b78a528c57d3,train
data/Training/meningioma/Tr-me_992.jpg,meningioma,Training,6f7ffb83095ca208d838e8b85b7efc28,train
data/Training/meningioma/Tr-me_521.jpg,meningioma,Training,5a89e2effbd3491ed6fa2ab4262e305c,test
data/Training/meningioma/Tr-me_1200.jpg,meningioma,Training,d2c0b67c2ba713a36630f7a348bef0a1,train
data/Training/meningioma/Tr-me_623.jpg,meningioma,Training,aef025fb42a6411c6880de92c7bf93cf,val
data/Training/meningioma/Tr-me_21.jpg,meningioma,Training,af8a8655060574e9b9369a7f477aaa1b,train
data/Training/meningioma/Tr-me_1022.jpg,meningioma,Training,d1dedfec37b77e1292e1c68454f4d89b,train
data/Training/meningioma/Tr-me_94.jpg,meningioma,Training,9e9e351bffc4d6aa8946e71c565c6f34,train
data/Training/meningioma/Tr-me_1065.jpg,meningioma,Training,946c21f50fa8850e565b131d33272ce3,train
data/Training/meningioma/Tr-me_1064.jpg,meningioma,Training,f08aabf9cf97d6d305ea86b21ea2c89f,train
data/Training/meningioma/Tr-me_706.jpg,meningioma,Training,1abf1f6791ad06b291c641afb3387d4b,train
data/Training/meningioma/Tr-me_1211.jpg,meningioma,Training,24459f5e67545848cf62e24a34987eba,train
data/Training/meningioma/Tr-me_679.jpg,meningioma,Training,7c56b6878506f393d9b6b24e8f678d27,train
data/Training/meningioma/Tr-me_430.jpg,meningioma,Training,4a239db4d6da652cfbb820008037a8bd,train
data/Training/meningioma/Tr-me_457.jpg,meningioma,Training,82c96cd2096fba5620541310f95666f9,train
data/Training/meningioma/Tr-me_253.jpg,meningioma,Training,2f304106ab69adc49bc7de2576562f4e,test
data/Training/meningioma/Tr-me_637.jpg,meningioma,Training,6e42bb5c18c81da7ccdcca0fe4d40a51,train
data/Training/meningioma/Tr-me_435.jpg,meningioma,Training,6b39b6aa2d6e460562133c16bc3f6499,train
data/Training/meningioma/Tr-me_318.jpg,meningioma,Training,df1f65547f853652b3691e2688324ab8,train
data/Training/meningioma/Tr-me_1041.jpg,meningioma,Training,2d40646c149ed74214416c0fe5b362c0,test
data/Training/meningioma/Tr-me_1109.jpg,meningioma,Training,f9a2e62e781ac29910e8fc1805eb6ef6,train
data/Training/meningioma/Tr-aug-me_94.jpg,meningioma,Training,b66d2a622c461b978e51d48171ae2980,train
data/Training/meningioma/Tr-me_46.jpg,meningioma,Training,0ee298d4c70ea7cab905dad49f60b5f6,train
data/Training/meningioma/Tr-me_649.jpg,meningioma,Training,ed0ac615f470975b58f1ef4b0f247ce0,train
data/Training/meningioma/Tr-aug-me_96.jpg,meningioma,Training,efcb79e5c3c26a7a3f50361d66c5ebc3,train
data/Training/meningioma/Tr-me_1197.jpg,meningioma,Training,0ade80ebae2ebf71edb4f59661690433,val
data/Training/meningioma/Tr-me_751.jpg,meningioma,Training,34d31161e9c4662a01ceac0124913e79,train
data/Training/meningioma/Tr-me_19.jpg,meningioma,Training,123493c6dc54b565bdf87f58bd4686a2,val
data/Training/meningioma/Tr-me_360.jpg,meningioma,Training,3cded8747e385b20ea01584f539b5b29,train
data/Training/meningioma/Tr-me_896.jpg,meningioma,Training,9d3a909367ad15d4c294ff10e2f24f77,train
data/Training/meningioma/Tr-me_428.jpg,meningioma,Training,1a49296644d24759962e069c61677000,train
data/Training/meningioma/Tr-me_373.jpg,meningioma,Training,fab4d7c5fc015d993ba24e7687f2b661,test
data/Training/meningioma/Tr-me_1052.jpg,meningioma,Training,d1b072052d59b319b6d424d9f83464ee,train
data/Training/meningioma/Tr-me_317.jpg,meningioma,Training,150d021ba344b82937b256851338d9ea,train
data/Training/meningioma/Tr-me_422.jpg,meningioma,Training,5f31772e4080c27ad5ece20139f7f0a3,train
data/Training/meningioma/Tr-me_93.jpg,meningioma,Training,70751b3d5d2b6b6d36f0b70f6e2d7e9c,train
data/Training/meningioma/Tr-me_142.jpg,meningioma,Training,e1daf52c143cb102ece8ecf95ff00afd,train
data/Training/meningioma/Tr-me_938.jpg,meningioma,Training,16c920c022d84e8f7e815899c21cb177,train
data/Training/meningioma/Tr-me_580.jpg,meningioma,Training,240f2ee81ec83884a15eb801f414a3c1,train
data/Training/meningioma/Tr-me_653.jpg,meningioma,Training,3cb17d6fe9ad584ea166942383d86c70,train
data/Training/meningioma/Tr-me_611.jpg,meningioma,Training,d693c2dae601c96e748bbadb559c96ce,train
data/Training/meningioma/Tr-me_1055.jpg,meningioma,Training,2a28652d3d044b0b189bc395378ec35e,train
data/Training/meningioma/Tr-me_608.jpg,meningioma,Training,d27ab6efc66f699a0f249fd89d446c9e,val
data/Training/meningioma/Tr-me_11.jpg,meningioma,Training,7606ba26048c358f5230b2f7b1c32c60,train
data/Training/meningioma/Tr-me_1231.jpg,meningioma,Training,a60842f852d4f2d038f0afa86638ab36,train
data/Training/meningioma/Tr-me_940.jpg,meningioma,Training,b297184b6b00cbfe9b53c109acb2c15b,train
data/Training/meningioma/Tr-me_1078.jpg,meningioma,Training,f8f48b1c47b4f9e883e171ed11c982c9,train
data/Training/meningioma/Tr-me_403.jpg,meningioma,Training,a67017d77589631c7060a0e618bf5ec0,train
data/Training/meningioma/Tr-me_1256.jpg,meningioma,Training,094d8233eb76a20f0a4016c08b3d5d97,val
data/Training/meningioma/Tr-me_1222.jpg,meningioma,Training,6b671bef2d56ad0ae68680333502738e,train
data/Training/meningioma/Tr-me_805.jpg,meningioma,Training,1a2dd79b415a1e43bf4b76221e6e291a,train
data/Training/meningioma/Tr-me_466.jpg,meningioma,Training,e20c3f7ddc32c1ad1df7a124c63fa247,train
data/Training/meningioma/Tr-me_284.jpg,meningioma,Training,828ae69926750692186d61e5a959f192,train
data/Training/meningioma/Tr-aug-me_34.jpg,meningioma,Training,8ec28e17979861e32f0d60426a0bdd72,val
data/Training/meningioma/Tr-me_900.jpg,meningioma,Training,75f00a14e0e9f88c56aab673399f4ca2,train
data/Training/meningioma/Tr-me_984.jpg,meningioma,Training,46dbff3017d0f593f739f3cd36953ffe,val
data/Training/meningioma/Tr-me_136.jpg,meningioma,Training,7a21e0fdcb609fb368bf5105e6e75d8a,val
data/Training/meningioma/Tr-me_776.jpg,meningioma,Training,7b5a4c468fb96a2a88022a453c5b7e11,train
data/Training/meningioma/Tr-me_1157.jpg,meningioma,Training,4d05ccfcff306d08eb83f593ea22f42a,train
data/Training/meningioma/Tr-me_498.jpg,meningioma,Training,4c3539a6cae2d8ee25e677d48821af15,val
data/Training/meningioma/Tr-me_1284.jpg,meningioma,Training,ce703250d344390d3bacacfff4b1aa4c,test
data/Training/meningioma/Tr-me_847.jpg,meningioma,Training,9659551135e132dd77d35957aff929c7,train
data/Training/meningioma/Tr-me_244.jpg,meningioma,Training,c21aab38ae305a69edf7e952a6a16707,train
data/Training/meningioma/Tr-me_507.jpg,meningioma,Training,a7b9a22bfb35115b4326750bc94682d8,train
data/Training/meningioma/Tr-me_709.jpg,meningioma,Training,c7be046e697a720f76932842c45f4832,train
data/Training/meningioma/Tr-me_354.jpg,meningioma,Training,1758d1b8fb3cdc547fba9256a2cdea4f,test
data/Training/meningioma/Tr-aug-me_75.jpg,meningioma,Training,62ed60e88efb5d73ea22b10508384d0c,test
data/Training/meningioma/Tr-me_904.jpg,meningioma,Training,789bfb30a56bc1e88866d01ea5a49bff,train
data/Training/meningioma/Tr-me_1114.jpg,meningioma,Training,9db4212fbefc0cfbbc9b8fbaffb6c62b,train
data/Training/meningioma/Tr-me_639.jpg,meningioma,Training,51669f2b96f8a273dc894f7e959fe95c,test
data/Training/meningioma/Tr-me_795.jpg,meningioma,Training,8eca85e1943916becabcf82a02e9ed0c,train
data/Training/meningioma/Tr-aug-me_6.jpg,meningioma,Training,b0249f52a7fedd8a4e45b6d5991ad00f,train
data/Training/meningioma/Tr-me_685.jpg,meningioma,Training,9143ecff259bc4dea3a555e919188759,train
data/Training/meningioma/Tr-me_506.jpg,meningioma,Training,e00d6228f176d865f3bf8b8bda3f20bd,train
data/Training/meningioma/Tr-me_449.jpg,meningioma,Training,80aa180fcca917df59bdafce2e182f04,train
data/Training/meningioma/Tr-me_408.jpg,meningioma,Training,3de189faea2a4a9547b1c716191e2ab5,train
data/Training/meningioma/Tr-me_1218.jpg,meningioma,Training,e907b997a6f372e3cc2e8d1aacca19b6,train
data/Training/meningioma/Tr-me_490.jpg,meningioma,Training,33839d5b168e45e09e9fc753bc8fcd07,test
data/Training/meningioma/Tr-me_1136.jpg,meningioma,Training,b54f1fe2e0ebc0f1b293acca3c91243c,train
data/Training/meningioma/Tr-me_963.jpg,meningioma,Training,f617d7c99a49456dc00cbc7c74b90216,test
data/Training/meningioma/Tr-me_1174.jpg,meningioma,Training,a7ad2204085a507a6d06b6d51c64895c,train
data/Training/meningioma/Tr-aug-me_89.jpg,meningioma,Training,c3aa5bcdbe44fc74833b7bd86b8d076e,train
data/Training/meningioma/Tr-me_518.jpg,meningioma,Training,45e93f957342dd802788cfa1ca68903b,train
data/Training/meningioma/Tr-me_1268.jpg,meningioma,Training,2c12140171e871250ed7cc3fbaeddf3a,train
data/Training/meningioma/Tr-me_18.jpg,meningioma,Training,3aa9908ac03cb5258acaa1d345309e4b,train
data/Training/meningioma/Tr-me_439.jpg,meningioma,Training,02759ef1cc92fa00c471bf53badd1c8e,train
data/Training/meningioma/Tr-me_579.jpg,meningioma,Training,12d1473aecf66fe4ffc8a75cfec59d5d,train
data/Training/meningioma/Tr-me_139.jpg,meningioma,Training,a2f5462011263f65f6fc0a43a126d515,train
data/Training/meningioma/Tr-me_83.jpg,meningioma,Training,b81be7e3964fd4cb4debc13c9b24cbb3,val
data/Training/meningioma/Tr-me_755.jpg,meningioma,Training,24924310999b3462a81cb441d7f54ba1,test
data/Training/meningioma/Tr-me_1189.jpg,meningioma,Training,c1158a5a1252f0f71fd379859c0fb47c,train
data/Training/meningioma/Tr-aug-me_71.jpg,meningioma,Training,a0419587eeb948eaa02d81ddecf7a132,train
data/Training/meningioma/Tr-me_954.jpg,meningioma,Training,a6217c69806da4eac0493ed430a49ce2,val
data/Training/meningioma/Tr-me_635.jpg,meningioma,Training,e1658165b3fd1522614ab661229706d2,test
data/Training/meningioma/Tr-me_549.jpg,meningioma,Training,6b15dd44eee9e455dbfa242fbbf66f08,test
data/Training/meningioma/Tr-me_777.jpg,meningioma,Training,87e646a90f48560c2ba5c3869dc0881d,train
data/Training/meningioma/Tr-aug-me_7.jpg,meningioma,Training,04f522f7bb854f4fe2ce9be141f31fb1,train
data/Training/meningioma/Tr-me_348.jpg,meningioma,Training,94fe1f3af6a7254882a7017260df2684,val
data/Training/meningioma/Tr-me_300.jpg,meningioma,Training,5d8860cb810f0fcdbd9d978eeedc89ee,val
data/Training/meningioma/Tr-me_256.jpg,meningioma,Training,710afcbe1c8d11df172059d9ef94cb7a,val
data/Training/meningioma/Tr-me_767.jpg,meningioma,Training,9d84d51efccd2e3356784c211283989a,val
data/Training/meningioma/Tr-me_979.jpg,meningioma,Training,0fbed3028e43bbf023e7698491a5da8c,val
data/Training/meningioma/Tr-me_85.jpg,meningioma,Training,30bbea32222e73d61e3fe2b1f192a2ac,train
data/Training/meningioma/Tr-me_899.jpg,meningioma,Training,a53670edc650738ef69a9a42cb0eb9bb,train
data/Training/meningioma/Tr-me_1086.jpg,meningioma,Training,9d43719918dc739b1616b2081514ebad,train
data/Training/meningioma/Tr-me_763.jpg,meningioma,Training,e38060efa107c272d7240cfbd861ebab,train
data/Training/meningioma/Tr-me_1229.jpg,meningioma,Training,975a315552b9a376be0f2a94a8a1e6ae,train
data/Training/meningioma/Tr-me_197.jpg,meningioma,Training,ab9a1ac5ed9836ffa3a5c5ec65007b3a,train
data/Training/meningioma/Tr-aug-me_87.jpg,meningioma,Training,00e71571eb6bf0d78dc07723b45ae31d,train
data/Training/meningioma/Tr-me_816.jpg,meningioma,Training,179a422dd5b6cfa2a85db6262644e2d3,train
data/Training/meningioma/Tr-me_1242.jpg,meningioma,Training,ef4efdf1a7f3fb1b9efe30ee40525500,train
data/Training/meningioma/Tr-me_81.jpg,meningioma,Training,fe9b9887dddc623b4452861bcad8e25e,test
data/Training/meningioma/Tr-me_1235.jpg,meningioma,Training,cd5e0288071ce28a595ffcc18193d7d9,train
data/Training/meningioma/Tr-me_734.jpg,meningioma,Training,a83bb4ed037490314e5a66ef6420636f,train
data/Training/meningioma/Tr-me_316.jpg,meningioma,Training,48ad5a0b1b223b7e589fc1ea5c5fc392,train
data/Training/meningioma/Tr-me_138.jpg,meningioma,Training,9c41727fc139d8117c7f180ce1b6903a,val
data/Training/meningioma/Tr-me_557.jpg,meningioma,Training,ee94e72dcadb6520681568914667ea78,test
data/Training/meningioma/Tr-me_228.jpg,meningioma,Training,51aead1cf663e62fd0c1e80d68404410,test
data/Training/meningioma/Tr-me_529.jpg,meningioma,Training,f9d3645c31c6780cc3cb788dea1cf177,train
data/Training/meningioma/Tr-me_889.jpg,meningioma,Training,c3aa5bcdbe44fc74833b7bd86b8d076e,train
data/Training/meningioma/Tr-me_233.jpg,meningioma,Training,b710472db471c5b2049234b4867a692f,test
data/Training/meningioma/Tr-me_116.jpg,meningioma,Training,09a94fcca8e4ccad3aab84cd5a87113b,train
data/Training/meningioma/Tr-me_838.jpg,meningioma,Training,6d28bb28e7fa91c2509103d534402d28,train
data/Training/meningioma/Tr-me_198.jpg,meningioma,Training,6f68bbf406c353ade2611767f6b7c9f3,train
data/Training/meningioma/Tr-me_747.jpg,meningioma,Training,e6406a5b79badcfdb32fe76a4e6bc230,val
data/Training/meningioma/Tr-me_479.jpg,meningioma,Training,0cea67355ed9fd0c9bd1c8db412fe71f,train
data/Training/meningioma/Tr-me_20.jpg,meningioma,Training,c56adc50d3898acf02a8264cbb1fa3bd,train
data/Training/meningioma/Tr-me_277.jpg,meningioma,Training,075b0386dc97d72bf6b05561c5695318,train
data/Training/meningioma/Tr-me_1075.jpg,meningioma,Training,aa560d32693ec5bb2f88ef204f8fc617,train
data/Training/meningioma/Tr-me_118.jpg,meningioma,Training,ab089452228610c1b84e7346dc39edb7,train
data/Training/meningioma/Tr-me_1148.jpg,meningioma,Training,8c0c676ec7c52cc4b286f724175a9b2a,train
data/Training/meningioma/Tr-me_307.jpg,meningioma,Training,8a16bae576ed52ba92ccff374b733248,train
data/Training/meningioma/Tr-me_740.jpg,meningioma,Training,eeb2140ff1a1a1f692d0997eedffa3d1,val
data/Training/meningioma/Tr-me_220.jpg,meningioma,Training,64e784dc2cac344828192d2283335c7e,test
data/Training/meningioma/Tr-me_841.jpg,meningioma,Training,789f6e7cb923d44bdf61da9091b297e4,train
data/Training/meningioma/Tr-me_686.jpg,meningioma,Training,15cf7c685c8aa8224487e4f9573b0f03,train
data/Training/meningioma/Tr-me_1042.jpg,meningioma,Training,f67d62260a9337e21fc6631c9eb05ac4,train
data/Training/meningioma/Tr-me_628.jpg,meningioma,Training,2737932da5b26181b955f6a0efccfe63,test
data/Training/meningioma/Tr-aug-me_72.jpg,meningioma,Training,136cc6c0022dfc070beea205924d9d99,train
data/Training/meningioma/Tr-me_1024.jpg,meningioma,Training,18dfbfcafa3ec45109e798f913861192,train
data/Training/meningioma/Tr-me_1193.jpg,meningioma,Training,085bdeea2977b0fed3668b3d97e1f2f4,train
data/Training/meningioma/Tr-me_26.jpg,meningioma,Training,94e2adfca745ebf2fb9fc9462ca9e57e,train
data/Training/meningioma/Tr-me_1164.jpg,meningioma,Training,947732e9d10083ef3523ad65bf09c87e,train
data/Training/meningioma/Tr-me_1288.jpg,meningioma,Training,d2df0793c6866d3cab10d09f5547357f,train
data/Training/meningioma/Tr-me_699.jpg,meningioma,Training,fac74e84c147517a750eaeff6c36f3f8,train
data/Training/meningioma/Tr-me_1119.jpg,meningioma,Training,0561277ee709b55b4e95d99009c4306d,test
data/Training/meningioma/Tr-me_723.jpg,meningioma,Training,1d948e4425c6c37d6badc5aaaa715fc7,train
data/Training/meningioma/Tr-me_60.jpg,meningioma,Training,5f7953b5c72c9a8158724cc4634eb324,train
data/Training/meningioma/Tr-me_972.jpg,meningioma,Training,aa9036ba7e26becc42dadb89af7c54c5,train
data/Training/meningioma/Tr-me_431.jpg,meningioma,Training,c72f49a7c814ba35aff54ea2d07df31d,train
data/Training/meningioma/Tr-me_597.jpg,meningioma,Training,46b82306828adb9ceb02045020147782,val
data/Training/meningioma/Tr-me_952.jpg,meningioma,Training,ed608eed3869eb8e4202b8d83ed18c9a,train
data/Training/meningioma/Tr-me_241.jpg,meningioma,Training,c401481f43efff80bc02a753f432d413,val
data/Training/meningioma/Tr-me_1236.jpg,meningioma,Training,b9207a2dcb45a65f722191d28f7526cb,train
data/Training/meningioma/Tr-me_760.jpg,meningioma,Training,48c2019d5697b897ee8549f2a4383d32,test
data/Training/meningioma/Tr-me_1289.jpg,meningioma,Training,d307a9fd900a43f8dfc2ce2a82f5c4a1,train
data/Training/meningioma/Tr-me_647.jpg,meningioma,Training,c12a70274eaf08c1784a28b65cca7935,train
data/Training/meningioma/Tr-me_726.jpg,meningioma,Training,ab525628d00898aa6b1088d9c1d5a785,train
data/Training/meningioma/Tr-me_448.jpg,meningioma,Training,eb5571c9796744fd99cfa0a37a1e86b3,val
data/Training/meningioma/Tr-me_1031.jpg,meningioma,Training,4130df360cae1c03ccf2e05134736297,test
data/Training/meningioma/Tr-me_660.jpg,meningioma,Training,8f34d3ff3048aff86758a13efd529b98,train
data/Training/meningioma/Tr-me_29.jpg,meningioma,Training,6a69837c5f3d7e5907bb78b9e0a1f400,train
data/Training/meningioma/Tr-me_194.jpg,meningioma,Training,2a799f698a83501b6815bd458b58f4f9,train
data/Training/meningioma/Tr-me_376.jpg,meningioma,Training,d0e41f90979301d14b1e1bf6f781caeb,train
data/Training/meningioma/Tr-me_266.jpg,meningioma,Training,746eda1cf99f17f481e8108ee0c73141,test
data/Training/meningioma/Tr-me_190.jpg,meningioma,Training,e666b704de22cb125302076e50078a79,train
data/Training/meningioma/Tr-me_289.jpg,meningioma,Training,c2440e8082b675f25bbf9e5c44ebfc8e,train
data/Training/meningioma/Tr-me_879.jpg,meningioma,Training,897d501d0f055d7832e2b98486128611,val
data/Training/meningioma/Tr-me_458.jpg,meningioma,Training,bcfe5da82e0e26fa012aee044c72752c,excluded
data/Training/meningioma/Tr-me_146.jpg,meningioma,Training,d9de60c0f1df989a600ca88ad63a51b7,train
data/Training/meningioma/Tr-me_617.jpg,meningioma,Training,807a44ed99fb02a8777251e4e9eb440f,val
data/Training/meningioma/Tr-me_959.jpg,meningioma,Training,cbe654f0a863d11cd0e9a285f5476980,val
data/Training/meningioma/Tr-me_645.jpg,meningioma,Training,86618e91f3903ade658a07421a96293a,train
data/Training/meningioma/Tr-me_12.jpg,meningioma,Training,9d771c273eb0077810233bba9873d112,train
data/Training/meningioma/Tr-me_658.jpg,meningioma,Training,63f26c0e8446497e001ea21600b34840,train
data/Training/meningioma/Tr-me_961.jpg,meningioma,Training,f33bbfcf46f4100281b1d24ed01d0d90,train
data/Training/meningioma/Tr-me_778.jpg,meningioma,Training,f8d26541216f9c1c8f378241a744f8af,test
data/Training/meningioma/Tr-me_768.jpg,meningioma,Training,5f73d732c057dbbe35b324f9392e6c69,test
data/Training/meningioma/Tr-me_1063.jpg,meningioma,Training,77d54faf3252e578192985de0b8b5daa,train
data/Training/meningioma/Tr-me_613.jpg,meningioma,Training,c9049e3111fa38e95dbdb548fdc7b721,train
data/Training/meningioma/Tr-me_520.jpg,meningioma,Training,c8e324e54ddbb9168385cbbdc1a1c130,train
data/Training/meningioma/Tr-me_148.jpg,meningioma,Training,3ae6747a1d67fc13b1d4170a0508e1ca,train
data/Training/meningioma/Tr-me_974.jpg,meningioma,Training,271e716ab3c150587d430ac3d6bc7c8a,train
data/Training/meningioma/Tr-me_1130.jpg,meningioma,Training,0c7b4b0969067a4bbc899c34cce0e24e,train
data/Training/meningioma/Tr-me_164.jpg,meningioma,Training,abf3dd7956c9da0b7afaff4083e357de,train
data/Training/meningioma/Tr-me_909.jpg,meningioma,Training,c955345cf8c1c369dfab192f723225b3,train
data/Training/meningioma/Tr-me_505.jpg,meningioma,Training,c2f7876a80be5c92b5fe5bfe19b93753,test
data/Training/meningioma/Tr-me_1196.jpg,meningioma,Training,76cbefd473210a7cfeea992197507b7b,train
data/Training/meningioma/Tr-me_1294.jpg,meningioma,Training,021209655ab4e20dc1c7493cf8b64a00,train
data/Training/meningioma/Tr-me_5.jpg,meningioma,Training,3288ea9fb327e8dd8e501df279995098,train
data/Training/meningioma/Tr-me_931.jpg,meningioma,Training,ff9a79ca650723ba949f8625be49085a,train
data/Training/meningioma/Tr-me_810.jpg,meningioma,Training,fbb87ab5e810e734f084edae9efbebf8,train
data/Training/meningioma/Tr-me_41.jpg,meningioma,Training,8bf85fc5e5e8eb3634844b57fc4b23bf,val
data/Training/meningioma/Tr-me_296.jpg,meningioma,Training,8fcc21a3360756ef359e43f788cfa213,train
data/Training/meningioma/Tr-me_527.jpg,meningioma,Training,d10d6c9613ae753fcae8db563464b939,train
data/Training/meningioma/Tr-me_90.jpg,meningioma,Training,6f94dc0c4fe69b220aa8188366a1ab17,train
data/Training/meningioma/Tr-me_336.jpg,meningioma,Training,5ade7a071a7b49042b543930d8c3f5e8,val
data/Training/meningioma/Tr-me_293.jpg,meningioma,Training,654d8e6a22a2620202516de9456f275e,train
data/Training/meningioma/Tr-me_246.jpg,meningioma,Training,746044e708c7363b5d1ede437103bba0,train
data/Training/meningioma/Tr-me_299.jpg,meningioma,Training,91c502ed9f3e82ea92e0ff055004f00b,train
data/Training/meningioma/Tr-me_496.jpg,meningioma,Training,11324a84515101a8c448b1bf18bebafe,train
data/Training/meningioma/Tr-me_1262.jpg,meningioma,Training,5d58643818e2775a569390c4aa3c1d8d,train
data/Training/meningioma/Tr-me_183.jpg,meningioma,Training,41d3e66a692f1b5b73ad9ad7b3fd4f70,train
data/Training/meningioma/Tr-me_568.jpg,meningioma,Training,383f63f6b5d9060d348790184abecf11,val
data/Training/meningioma/Tr-me_516.jpg,meningioma,Training,d262e01cefda656119cdc7bfd18aa1c7,train
data/Training/meningioma/Tr-me_999.jpg,meningioma,Training,63812df2f50cf71fc8c0d91ac0c74410,train
data/Training/meningioma/Tr-me_1163.jpg,meningioma,Training,3cb1d6594ea1a7391608e9bc8245529c,train
data/Training/meningioma/Tr-me_736.jpg,meningioma,Training,cd839ee79a313312aff9d721ec87874e,train
data/Training/meningioma/Tr-me_174.jpg,meningioma,Training,7061c920da002bf3ff6f214c2fc8f4c1,train
data/Training/meningioma/Tr-me_683.jpg,meningioma,Training,b758510b2b24f327208d3b0e89035020,train
data/Training/meningioma/Tr-me_547.jpg,meningioma,Training,ea6863c3364bf22282b2412396d2fe87,test
data/Training/meningioma/Tr-me_1274.jpg,meningioma,Training,9e7c7e8d5dc30162f8c4f0c6d68aa71f,train
data/Training/meningioma/Tr-me_966.jpg,meningioma,Training,d3ee07481735315aa7226a175268ce3b,train
data/Training/meningioma/Tr-me_657.jpg,meningioma,Training,73dd47f626da86308999fb50c64030b7,train
data/Training/meningioma/Tr-me_28.jpg,meningioma,Training,59e7725c63abd0dd7baf99008b3d7fb4,val
data/Training/meningioma/Tr-me_929.jpg,meningioma,Training,a8d90e0546f629a171423d9727cc9007,val
data/Training/meningioma/Tr-me_1085.jpg,meningioma,Training,441e0a989c0581bcbca1f5a8353d7f1f,train
data/Training/meningioma/Tr-me_181.jpg,meningioma,Training,73d393516aea7134148b07ab69e90c3c,train
data/Training/meningioma/Tr-me_546.jpg,meningioma,Training,3b6d72dce556d2b4770408fd6a87560a,val
data/Training/meningioma/Tr-me_859.jpg,meningioma,Training,195ffcec27da6ac16331ff422eab9372,train
data/Training/meningioma/Tr-me_571.jpg,meningioma,Training,f79c2abf7ad69ad3a5b48d80d368285e,test
data/Training/meningioma/Tr-me_673.jpg,meningioma,Training,6f4bc467483e812af5857e780e1f398e,train
data/Training/meningioma/Tr-me_145.jpg,meningioma,Training,ec00c2470c3abe13e1f53bc9aaebb6f6,train
data/Training/meningioma/Tr-me_852.jpg,meningioma,Training,4bb02a510250b8c06d311e06e4ad5622,train
data/Training/meningioma/Tr-me_208.jpg,meningioma,Training,72add5b23db95cd3c8905814eb18b76c,val
data/Training/meningioma/Tr-me_727.jpg,meningioma,Training,c14ce4336be24aca29f1f2cf58a04af2,train
data/Training/meningioma/Tr-me_1297.jpg,meningioma,Training,c25e029926ce4eb78fe4ab16482c7323,train
data/Training/meningioma/Tr-me_476.jpg,meningioma,Training,5cb3f2f39459d56abfe62044a6cf519a,train
data/Training/meningioma/Tr-me_601.jpg,meningioma,Training,d4234084e830a06bc34c9ebf3c72dd09,train
data/Training/meningioma/Tr-me_9.jpg,meningioma,Training,1eafd6b88cb13c91e01025d80ac4e363,train
data/Training/meningioma/Tr-me_331.jpg,meningioma,Training,64ef8e768d1740cfbf5eea4e11faeb87,train
data/Training/meningioma/Tr-me_690.jpg,meningioma,Training,b5b62148f3d154ce160e50f3cf9e663b,train
data/Training/meningioma/Tr-me_1162.jpg,meningioma,Training,4f8f7610c02adfcbb261de142ec1bfc9,val
data/Training/meningioma/Tr-me_203.jpg,meningioma,Training,ec3f8b1d790529f208b411fdf16ed0d2,train
data/Training/meningioma/Tr-me_671.jpg,meningioma,Training,42c8e028421be81dc50e0a9f90f799a3,test
data/Training/meningioma/Tr-me_119.jpg,meningioma,Training,99088c0ec3abdcb34faef8681487be33,train
data/Training/meningioma/Tr-me_863.jpg,meningioma,Training,48905040394b799fe6ebe12c045860a9,test
data/Training/meningioma/Tr-me_947.jpg,meningioma,Training,4e2d2f024238ed8780a89b42071a9810,train
data/Training/meningioma/Tr-me_1051.jpg,meningioma,Training,c9e42d3c9fc1b30b5cf10ba1e579c2e0,train
data/Training/meningioma/Tr-me_175.jpg,meningioma,Training,e06f111f0ecc232b7e8ae38096aa7d13,train
data/Training/meningioma/Tr-me_918.jpg,meningioma,Training,6f176b023a093706ea952482782f5205,train
data/Training/meningioma/Tr-me_823.jpg,meningioma,Training,c5c5c823c19d47669f9a82a6728af5ed,train
data/Training/meningioma/Tr-me_590.jpg,meningioma,Training,d33e4f125e16d25770c269a1323c2c9a,train
data/Training/meningioma/Tr-me_661.jpg,meningioma,Training,09bd38f7c50e865d4220c345612089fb,train
data/Training/meningioma/Tr-me_910.jpg,meningioma,Training,f75d93484cec34eac6394f0db37cd647,train
data/Training/meningioma/Tr-me_292.jpg,meningioma,Training,4935dd0aca511f399478100817666760,train
data/Training/meningioma/Tr-me_339.jpg,meningioma,Training,af3a4cf5d54bd454b733bfe3d2177b4a,train
data/Training/meningioma/Tr-me_1074.jpg,meningioma,Training,169180da98297897e67896c53be44ea8,val
data/Training/meningioma/Tr-me_625.jpg,meningioma,Training,2cae797680c9739e96cd17ba867f5570,train
data/Training/meningioma/Tr-me_955.jpg,meningioma,Training,76ee9fefdb1c9f66c789bb928f25fef2,train
data/Training/meningioma/Tr-me_67.jpg,meningioma,Training,ffd02f4d7496d2dcfc4563a1c0c99c0d,train
data/Training/meningioma/Tr-aug-me_86.jpg,meningioma,Training,355d8b0ff4851109df5449a5b53518f3,train
data/Training/meningioma/Tr-me_1150.jpg,meningioma,Training,c39142101136c41f56c61fc14532e6ff,train
data/Training/meningioma/Tr-me_843.jpg,meningioma,Training,e7c546189703c199e66a362e9330d04e,train
data/Training/meningioma/Tr-me_1238.jpg,meningioma,Training,48a693cd3032ac8aa9c93d2e28f38fe3,train
data/Training/meningioma/Tr-me_269.jpg,meningioma,Training,e98e1c487ccd0b4142544c80ff483383,train
data/Training/meningioma/Tr-me_895.jpg,meningioma,Training,f14c97ccc94153c0ebaf4feb62582769,val
data/Training/meningioma/Tr-aug-me_93.jpg,meningioma,Training,ef72dec135af61f49d75618822e8f907,train
data/Training/meningioma/Tr-me_575.jpg,meningioma,Training,aebc3c6419defae8e10ee4d3d4f91b62,train
data/Training/meningioma/Tr-me_149.jpg,meningioma,Training,182536b9cabf118b26e2b99c8c705610,train
data/Training/meningioma/Tr-me_814.jpg,meningioma,Training,9ac4053d719c64fa4ee02e95caed4475,train
data/Training/meningioma/Tr-me_620.jpg,meningioma,Training,7eb9a21b2572a200380d669deec10093,train
data/Training/meningioma/Tr-me_772.jpg,meningioma,Training,4357c3c048fe81b198bc2f228f58c096,test
data/Training/meningioma/Tr-me_39.jpg,meningioma,Training,60971225ba74a463800dc8c7d152ae0c,train
data/Training/meningioma/Tr-me_515.jpg,meningioma,Training,2c2db413ad93fb543a45eb54969681b2,train
data/Training/meningioma/Tr-me_1037.jpg,meningioma,Training,76a3caac20289f5b67512b8cc379c206,train
data/Training/meningioma/Tr-me_1170.jpg,meningioma,Training,0cf318d27bbb5ccf29c0b58cfba87762,test
data/Training/meningioma/Tr-aug-me_25.jpg,meningioma,Training,8b32c1062f2461877dc48d5977789e89,test
data/Training/meningioma/Tr-me_1252.jpg,meningioma,Training,6471ca23ce3e811352e484c943b83b9d,val
data/Training/meningioma/Tr-me_920.jpg,meningioma,Training,1e9c82b69946d55ab098429eeed6a3f9,train
data/Training/meningioma/Tr-me_79.jpg,meningioma,Training,d810c7f8c37566e4b01be637d2f0de6c,train
data/Training/meningioma/Tr-me_470.jpg,meningioma,Training,28b96f796e1317bcf34ae9b988655842,train
data/Training/meningioma/Tr-me_703.jpg,meningioma,Training,ee346fc2c1dd55b753feedd50e1f21b0,train
data/Training/meningioma/Tr-me_321.jpg,meningioma,Training,3d3103ece6cbb0e62c6920dde03111a1,train
data/Training/meningioma/Tr-me_298.jpg,meningioma,Training,a8981ee96486d69d22bfe2d42ff67ac3,train
data/Training/meningioma/Tr-me_640.jpg,meningioma,Training,a6b6704e0982fac4c91243e79f986ed2,train
data/Training/meningioma/Tr-me_989.jpg,meningioma,Training,c43441371b6770c03a5a4fe7663f28b5,train
data/Training/meningioma/Tr-me_787.jpg,meningioma,Training,fea0fd15090f46030849e0192acf76f2,val
data/Training/meningioma/Tr-me_397.jpg,meningioma,Training,d883d07a9abfaf4144380b5cf7a4e465,test
data/Training/meningioma/Tr-me_996.jpg,meningioma,Training,0c0590000393382f1012a881123f3f89,train
data/Training/meningioma/Tr-me_903.jpg,meningioma,Training,2dca02361728d7c1ac36eeb30d597a2b,train
data/Training/meningioma/Tr-aug-me_58.jpg,meningioma,Training,40eed558d42873ea125b3f25430761f6,train
data/Training/meningioma/Tr-me_564.jpg,meningioma,Training,b50425936e8320537662f275bcbdee9e,test
data/Training/meningioma/Tr-me_251.jpg,meningioma,Training,eba0ed2801d86ec97673e62311f12797,val
data/Training/meningioma/Tr-me_630.jpg,meningioma,Training,e87c7f99a830b4f91bd9d592ed9ce930,train
data/Training/meningioma/Tr-aug-me_56.jpg,meningioma,Training,f5e93c150dbf9bce6609cf6517441752,train
data/Training/meningioma/Tr-me_1017.jpg,meningioma,Training,30360ef3b3acba01a37169ed9d9fd826,train
data/Training/meningioma/Tr-me_1124.jpg,meningioma,Training,df43339f3ef1d97ff90ac31f294f089c,train
data/Training/meningioma/Tr-me_834.jpg,meningioma,Training,43c21b8f62bedafc1eccddff1e3d314a,val
data/Training/meningioma/Tr-me_57.jpg,meningioma,Training,071781f8dd8fec5ffcd8acc3614f3fd0,train
data/Training/meningioma/Tr-me_1191.jpg,meningioma,Training,7e7a8f7c30b2ffcd8de6beeafcd67c88,test
data/Training/meningioma/Tr-me_265.jpg,meningioma,Training,c21da5030f6d12b4cb29b7057a48f38e,train
data/Training/meningioma/Tr-me_1.jpg,meningioma,Training,bb2c76efa1823616f080745297c60b82,train
data/Training/meningioma/Tr-me_346.jpg,meningioma,Training,e9d0b58eb4433a709c8d38dfa37b013c,val
data/Training/meningioma/Tr-me_47.jpg,meningioma,Training,d3f485a5e6511f4019f19aa4d04a02b3,test
data/Training/meningioma/Tr-me_7.jpg,meningioma,Training,84219cfc206308360aac015674da6f33,train
data/Training/meningioma/Tr-me_742.jpg,meningioma,Training,eb921383271bf945e4cdc67c78bace2c,train
data/Training/meningioma/Tr-me_440.jpg,meningioma,Training,43067dfa7a78de23e32328d900f0b200,val
data/Training/meningioma/Tr-me_61.jpg,meningioma,Training,0fe205040b117369c5272e9c6082acdb,train
data/Training/meningioma/Tr-me_1034.jpg,meningioma,Training,42a144c748c7fd548738aef2f0a9c98b,train
data/Training/meningioma/Tr-me_1176.jpg,meningioma,Training,ae206dd193f877e74b1c66e816950269,train
data/Training/meningioma/Tr-me_891.jpg,meningioma,Training,6fb8955fe385eeb12d85e6b9b7c2c2bc,train
data/Training/meningioma/Tr-me_793.jpg,meningioma,Training,481d8fe163fef25ce524e8d92852c2e2,train
data/Training/meningioma/Tr-aug-me_20.jpg,meningioma,Training,47b2330acaeff46147a66d94b4f14108,test
data/Training/meningioma/Tr-me_687.jpg,meningioma,Training,3e3326be368c6318f3592d9131b2bf17,test
data/Training/meningioma/Tr-me_689.jpg,meningioma,Training,1de0e6c79247d3b9ed93a3fe26df9b57,train
data/Training/meningioma/Tr-aug-me_77.jpg,meningioma,Training,a0c169ed91a5948340afa1787852067b,val
data/Training/meningioma/Tr-me_986.jpg,meningioma,Training,2218e7fdbc0297e7bb6034f9a62bcd6e,val
data/Training/meningioma/Tr-me_1175.jpg,meningioma,Training,590135a0ca53e2510d88fa02cf136730,train
data/Training/meningioma/Tr-me_325.jpg,meningioma,Training,9f670c0d4c87c87e701bc31b2db1f5bf,test
data/Training/meningioma/Tr-me_733.jpg,meningioma,Training,d45698bce986f40f4f8df35316611bc0,train
data/Training/meningioma/Tr-me_335.jpg,meningioma,Training,ad7bba4a13dd3e88599c30562a569cf9,train
data/Training/meningioma/Tr-me_192.jpg,meningioma,Training,342c29523a12552ef772fef0a9e2553d,train
data/Training/meningioma/Tr-me_964.jpg,meningioma,Training,8dbd7e4296045d998f422fa3f1247c94,train
data/Training/meningioma/Tr-me_870.jpg,meningioma,Training,805686d2505cfe5cac9deafd98ba8ecf,train
data/Training/meningioma/Tr-me_1178.jpg,meningioma,Training,778ce126d0c749f845287fd68e9f1f70,train
data/Training/meningioma/Tr-me_238.jpg,meningioma,Training,c65ca5e91472afeec9c32c45b2cc8e94,train
data/Training/meningioma/Tr-me_1088.jpg,meningioma,Training,056a6dda53d3b1dd6c9f3a06aae507eb,train
data/Training/meningioma/Tr-me_696.jpg,meningioma,Training,68440a1cbad19ab311c6560ab8a1c16f,train
data/Training/meningioma/Tr-me_770.jpg,meningioma,Training,5b1466a269e45a3a12dbe3fffa5993e4,train
data/Training/meningioma/Tr-me_973.jpg,meningioma,Training,0a1cfd0124fe4fab8bb0d855fbf5e4b8,test
data/Training/meningioma/Tr-me_491.jpg,meningioma,Training,fa0209cf9eb0c349cc768e1d3e822018,train
data/Training/meningioma/Tr-me_796.jpg,meningioma,Training,53f439ab757f6a5a77152133bd4f9173,train
data/Training/meningioma/Tr-aug-me_3.jpg,meningioma,Training,a9b7834583a10903962ff545a7883e25,train
data/Training/meningioma/Tr-me_978.jpg,meningioma,Training,58414996245667b610bf51e5beeebf31,test
data/Training/meningioma/Tr-me_1023.jpg,meningioma,Training,403c56b52964a3cb3362db46993e5bb4,train
data/Training/meningioma/Tr-me_1121.jpg,meningioma,Training,fa6de63c10b4d2e9e3dde7ea92cab7a7,train
data/Training/meningioma/Tr-me_1093.jpg,meningioma,Training,0645be565c8e5d9b44824e790b983f4e,train
data/Training/meningioma/Tr-me_724.jpg,meningioma,Training,d786bd7b80138f4cfcf06cfaf22018df,train
data/Training/meningioma/Tr-me_55.jpg,meningioma,Training,afcc33e2ab3d1e4dbae90e29ff4756e5,train
data/Training/meningioma/Tr-me_856.jpg,meningioma,Training,7d93b571c604c4cc67a724d5ae3af574,train
data/Training/meningioma/Tr-me_322.jpg,meningioma,Training,b8c51b91970ce46d239374a771734e06,test
data/Training/meningioma/Tr-me_74.jpg,meningioma,Training,f32a2fb4663aeedf17bff3902f4232c2,train
data/Training/meningioma/Tr-me_872.jpg,meningioma,Training,edda15bb2af209617328aaaa685957ba,train
data/Training/meningioma/Tr-me_609.jpg,meningioma,Training,77661008380d1a990c3360a55260cbc9,train
data/Training/meningioma/Tr-me_1179.jpg,meningioma,Training,cc6107eed0f5076bf82da13ce81f5765,train
data/Training/meningioma/Tr-me_369.jpg,meningioma,Training,bb095af7e79495d262879ea9e45c1562,train
data/Training/meningioma/Tr-me_1134.jpg,meningioma,Training,a4b86379f7d7b683efb698472c70beb5,train
data/Training/meningioma/Tr-me_1151.jpg,meningioma,Training,5fe3e5344873bf0ad0ac29b6df1dc13c,train
data/Training/meningioma/Tr-me_569.jpg,meningioma,Training,df547816ed739b0a6818d8bc2d969049,test
data/Training/meningioma/Tr-me_908.jpg,meningioma,Training,64eba0d29a54851d428f35ff430e6d3a,test
data/Training/meningioma/Tr-me_414.jpg,meningioma,Training,d1e73f9a66a391388762c7601bd87332,train
data/Training/meningioma/Tr-me_262.jpg,meningioma,Training,7ddef7a97c979ca447ec2fd48b83b810,train
data/Training/meningioma/Tr-me_1047.jpg,meningioma,Training,b04cedb7e5ec9ef7749c0928ef92a93d,train
data/Training/meningioma/Tr-me_622.jpg,meningioma,Training,af24e88f0aefda340fb451ff6af5d058,train
data/Training/meningioma/Tr-me_255.jpg,meningioma,Training,3fc16f871cc4edbe0cbbd7f49556531f,train
data/Training/meningioma/Tr-me_209.jpg,meningioma,Training,6afb4c539e70b4fbb3dad4fe6847e859,train
data/Training/meningioma/Tr-aug-me_13.jpg,meningioma,Training,31b0a289c38e511a300747b668ee66f1,test
data/Training/meningioma/Tr-me_3.jpg,meningioma,Training,a277d4f219a26aed063ae523f21b9f16,train
data/Training/meningioma/Tr-me_64.jpg,meningioma,Training,9a6948cb8125e94744421fd00d476223,val
data/Training/meningioma/Tr-me_82.jpg,meningioma,Training,d7287d1f72c51e9eb9064c27956fe9a5,train
data/Training/meningioma/Tr-me_330.jpg,meningioma,Training,94851083e65e9740bdce56b434bacc79,val
data/Training/meningioma/Tr-me_842.jpg,meningioma,Training,1590cdc782e09d05354e48bbd1237929,train
data/Training/meningioma/Tr-me_642.jpg,meningioma,Training,7a3cc9573e8db9a7c27e77676f05b752,train
data/Training/meningioma/Tr-me_1107.jpg,meningioma,Training,53a1cfa49cbc54a51a0e4fccd1ea12da,test
data/Training/meningioma/Tr-me_51.jpg,meningioma,Training,39b02ccdf979b6b41b23a9d6ed4cf92f,val
data/Training/meningioma/Tr-me_869.jpg,meningioma,Training,5677db98e9c02ce6ae6f4256ae403161,train
data/Training/meningioma/Tr-me_215.jpg,meningioma,Training,5dec95a3cdfcaed3b60169487de2c61c,train
data/Training/meningioma/Tr-me_526.jpg,meningioma,Training,ce44bc786156330e9ac5595cc16e3f03,train
data/Training/meningioma/Tr-me_471.jpg,meningioma,Training,fcad705986b0f911ab107fda05918aa8,test
data/Training/meningioma/Tr-aug-me_17.jpg,meningioma,Training,85735fd020665aabc052239ebf8a6aad,train
data/Training/meningioma/Tr-me_117.jpg,meningioma,Training,b648819b5e64228cc5b8371c9bbe2b03,val
data/Training/meningioma/Tr-me_1247.jpg,meningioma,Training,1cea6acb5f1e1ecf815ca0506e4dee74,test
data/Training/meningioma/Tr-me_600.jpg,meningioma,Training,37578186a74851360834c069578992d7,test
data/Training/meningioma/Tr-me_463.jpg,meningioma,Training,0707de62e65ddeba8cdeee0124584dc5,train
data/Training/meningioma/Tr-me_158.jpg,meningioma,Training,47452c1ea25eed994f73362f40904be4,train
data/Training/meningioma/Tr-me_769.jpg,meningioma,Training,161c62683bfe59b7c94e5db37f334f5c,val
data/Training/meningioma/Tr-me_655.jpg,meningioma,Training,6d645e2eec040ac43c0dfeab262ecfed,val
data/Training/meningioma/Tr-me_919.jpg,meningioma,Training,340d0504d254076350cfb39185a1fabd,train
data/Training/meningioma/Tr-me_153.jpg,meningioma,Training,666fcd902fe7bfe3cc6673ba09c2760d,test
data/Training/meningioma/Tr-me_182.jpg,meningioma,Training,065a3e1b1982c0bec07dd089b1c28dda,val
data/Training/meningioma/Tr-me_200.jpg,meningioma,Training,0017a277c3504d5ca435c69dacb70031,val
data/Training/meningioma/Tr-me_362.jpg,meningioma,Training,d899f4201dec63f31fe100c80ba8a535,val
data/Training/meningioma/Tr-me_651.jpg,meningioma,Training,e843305209d787a339d5ddd61e0faebf,train
data/Training/meningioma/Tr-me_392.jpg,meningioma,Training,8cdcff6a4387031484c11dd69cad0b27,train
data/Training/meningioma/Tr-me_1099.jpg,meningioma,Training,525b7915ced006004bdf9f8d5c5aac66,train
data/Training/meningioma/Tr-me_539.jpg,meningioma,Training,7932295ffecc186322c4a550e944e7cb,train
data/Training/meningioma/Tr-me_394.jpg,meningioma,Training,3d64188601d27e1bc69a557810d43215,train
data/Training/meningioma/Tr-me_1059.jpg,meningioma,Training,7609b782b7158ae4119962ca7ac3737f,test
data/Training/meningioma/Tr-me_349.jpg,meningioma,Training,b2a633643b71bff06383dd9e0eae4f2b,train
data/Training/meningioma/Tr-me_636.jpg,meningioma,Training,f3595e756ca08a09795173f594eed72e,train
data/Training/meningioma/Tr-me_473.jpg,meningioma,Training,c6b83a768e0a23e4cfe3ffbe899129f9,val
data/Training/meningioma/Tr-me_668.jpg,meningioma,Training,737e8efab7b8b126dab948da35f92683,train
data/Training/meningioma/Tr-me_615.jpg,meningioma,Training,12223e047e88b05b2d5cad9acf1c7e54,train
data/Training/meningioma/Tr-me_1021.jpg,meningioma,Training,dc0219429e1b82a9c1d46dbfeba360a7,train
data/Training/meningioma/Tr-me_1138.jpg,meningioma,Training,4241b2fc8e55d65706fed4f362033528,train
data/Training/meningioma/Tr-me_1292.jpg,meningioma,Training,234d199a6c957404154ba557e213ff79,train
data/Training/meningioma/Tr-me_785.jpg,meningioma,Training,45a196c796bf4316cbc90937b5d81acb,train
data/Training/meningioma/Tr-me_73.jpg,meningioma,Training,7d9b1860c16161349a5ea8d428417516,train
data/Training/meningioma/Tr-aug-me_91.jpg,meningioma,Training,5ac635ab3e61f1897b1e4188fdc1c3f2,train
data/Training/meningioma/Tr-me_254.jpg,meningioma,Training,0da660a3579460a044ad077724ad5b37,val
data/Training/meningioma/Tr-me_386.jpg,meningioma,Training,1e654577c2d01d3dab862be0eda54f8d,test
data/Training/meningioma/Tr-me_502.jpg,meningioma,Training,4c175d53eaa7185eedff9d3c8a07288d,test
data/Training/meningioma/Tr-me_602.jpg,meningioma,Training,76179cb748b86cf0207e9f35190bc1e9,test
data/Training/meningioma/Tr-me_8.jpg,meningioma,Training,e2221bb8ee5eeaccfd57bd15fc0cc35d,train
data/Training/meningioma/Tr-me_283.jpg,meningioma,Training,2f77f94be4f8ad60347957fca96e4d9e,train
data/Training/meningioma/Tr-me_1233.jpg,meningioma,Training,c44a0c3b07d900135f7e24172493e510,train
data/Training/meningioma/Tr-me_77.jpg,meningioma,Training,7c636e66dc1d7b6fcdddc9c4a6f2582e,train
data/Training/meningioma/Tr-me_560.jpg,meningioma,Training,9b2a092747f3b2347f4af59aff459ac7,train
data/Training/meningioma/Tr-me_704.jpg,meningioma,Training,339244c0e5b646d6fafa2862c91eb305,val
data/Training/meningioma/Tr-me_33.jpg,meningioma,Training,91bafaffd9304fb147b593d40ecd395e,train
data/Training/meningioma/Tr-me_23.jpg,meningioma,Training,e5c3e05e9514dd40f3fc272df4cd629d,val
data/Training/meningioma/Tr-aug-me_29.jpg,meningioma,Training,543cce481942523f230805abc878c942,val
data/Training/meningioma/Tr-me_1054.jpg,meningioma,Training,0e53549731378fd85f4f93be783a25e3,test
data/Training/meningioma/Tr-me_240.jpg,meningioma,Training,bddb2155384c3ec53c2d6fb88cc45f5d,test
data/Training/meningioma/Tr-me_928.jpg,meningioma,Training,e3ff24f7e4501cc17674b92fab4e7d4b,train
data/Training/meningioma/Tr-me_944.jpg,meningioma,Training,48d1a367f7b67073fc08f43621652c3e,val
data/Training/meningioma/Tr-me_676.jpg,meningioma,Training,c593da599c423de54a191105c6b94238,test
data/Training/meningioma/Tr-me_607.jpg,meningioma,Training,009a823eceb6ec31b2b3417850c1e6f9,test
data/Training/meningioma/Tr-me_152.jpg,meningioma,Training,453521f5bfb44de00ee4b410414c8f1e,train
data/Training/meningioma/Tr-me_1145.jpg,meningioma,Training,03026579332e5d3a42a6f067ad36189f,train
data/Training/meningioma/Tr-me_270.jpg,meningioma,Training,5d1b3f4731ba67d6bd4992c0bee0c029,train
data/Training/meningioma/Tr-me_820.jpg,meningioma,Training,e4af8a272ca5a5af4eb494da4d8a2848,train
data/Training/meningioma/Tr-me_886.jpg,meningioma,Training,96f2d8cdddd202797bf745485378d52f,train
data/Training/meningioma/Tr-me_707.jpg,meningioma,Training,b6aaa488ce4bf6edb1fa4ca4d53a31f7,train
data/Training/meningioma/Tr-me_179.jpg,meningioma,Training,f3ca9a515c30126d07f1357dd4cf3810,val
data/Training/meningioma/Tr-me_279.jpg,meningioma,Training,13c7b3d8f4c5af03469766e685ec8031,train
data/Training/meningioma/Tr-me_902.jpg,meningioma,Training,3eebfd584e0a03e1e3bc4bed3d8bd189,test
data/Training/meningioma/Tr-aug-me_99.jpg,meningioma,Training,55d88e1451e16c4c9cfd7d39aef73651,train
data/Training/meningioma/Tr-me_415.jpg,meningioma,Training,afff5b96048b9460b5852f197171615e,val
data/Training/meningioma/Tr-me_1221.jpg,meningioma,Training,67102e3892e01311d68bd42a86dfd3b9,train
data/Training/meningioma/Tr-me_1089.jpg,meningioma,Training,e5585d4f2ef4e0e60a2c4455319a3b64,test
data/Training/notumor/Tr-no_663.jpg,notumor,Training,cfc100ff4a015f49827f56dd93649722,test
data/Training/notumor/Tr-no_1062.jpg,notumor,Training,f4b4f54022e5d07d1cfecf6868492299,test
data/Training/notumor/Tr-no_488.jpg,notumor,Training,ef664509ea1faf76cf1571f5ab019268,test
data/Training/notumor/Tr-no_938.jpg,notumor,Training,00f332c9c2eb8660876654db64d67dad,train
data/Training/notumor/Tr-no_16.jpg,notumor,Training,35770e4cfd325c0befa733e11da1191c,train
data/Training/notumor/Tr-no_22.jpg,notumor,Training,0fd660197f112597ad4225a48213405c,train
data/Training/notumor/Tr-no_1094.jpg,notumor,Training,199b5715e63bba59cddef602cefe739b,train
data/Training/notumor/Tr-no_1166.jpg,notumor,Training,d973a077924bba408f112fc3f78db3bd,train
data/Training/notumor/Tr-no_135.jpg,notumor,Training,5e152586e14861334475578ef8aec2f2,test
data/Training/notumor/Tr-no_65.jpg,notumor,Training,fd9fa76e5c842150fc8f2cef049615f7,test
data/Training/notumor/Tr-no_441.jpg,notumor,Training,8e9ba3a5971ee0f6aa7868dd15c5fb7a,train
data/Training/notumor/Tr-no_1103.jpg,notumor,Training,856113b03cae40e839b789a1e464565b,val
data/Training/notumor/Tr-no_349.jpg,notumor,Training,d3692b5c51d63ded1b913019a2027789,val
data/Training/notumor/Tr-no_1131.jpg,notumor,Training,5b91bcb96b1f1eedc3d3dac001555fa9,train
data/Training/notumor/Tr-no_624.jpg,notumor,Training,a1c91bd56de946a924bbc17e10528af1,val
data/Training/notumor/Tr-no_1399.jpg,notumor,Training,7fc2021df007e4a89b0e26a6e529b31e,train
data/Training/notumor/Tr-no_569.jpg,notumor,Training,c2c5423dd557bd3557a8bd8d4f359acf,test
data/Training/notumor/Tr-no_1129.jpg,notumor,Training,b3905360b422866cc9fd7ab95900f822,val
data/Training/notumor/Tr-no_1076.jpg,notumor,Training,5ec0a4d1695e240a8899ce9dd59c4b18,train
data/Training/notumor/Tr-no_1272.jpg,notumor,Training,8f27ea36721a45b6ccba50fb3dbcea13,train
data/Training/notumor/Tr-no_782.jpg,notumor,Training,5b87cc98bccb673975488bd1c85ccc89,train
data/Training/notumor/Tr-no_149.jpg,notumor,Training,1de56aeec84e2639479f1dd3cfa5a239,train
data/Training/notumor/Tr-no_822.jpg,notumor,Training,04ad12436c5b59dac34ff27b48e8dd9a,train
data/Training/notumor/Tr-no_422.jpg,notumor,Training,f23e6460302a85d1c238cad234568219,train
data/Training/notumor/Tr-no_236.jpg,notumor,Training,4c79c4229241fd03a439f39cc9333d26,train
data/Training/notumor/Tr-no_1073.jpg,notumor,Training,fadac327c6731ad8496543f98338349a,train
data/Training/notumor/Tr-no_758.jpg,notumor,Training,cce2c88efe125045cfbcbff0f8ff70ef,train
data/Training/notumor/Tr-no_630.jpg,notumor,Training,b3d5bb3d43f53f0d576990cdff2de2da,train
data/Training/notumor/Tr-no_873.jpg,notumor,Training,e1cb133691282fea718a6233937cbccd,val
data/Training/notumor/Tr-no_156.jpg,notumor,Training,75378ac81f02855ccf2b17a8492f3941,train
data/Training/notumor/Tr-no_193.jpg,notumor,Training,d63904bd7e22b46b6d143e3f0b5453da,train
data/Training/notumor/Tr-no_261.jpg,notumor,Training,c767afc139c419a9bb2d0fe292730951,train
data/Training/notumor/Tr-no_1233.jpg,notumor,Training,b5ea204c6b61b97f2d74827217a5da65,train
data/Training/notumor/Tr-no_428.jpg,notumor,Training,0f3fdf0dcd37c8eca0b7f09395d635f2,train
data/Training/notumor/Tr-no_289.jpg,notumor,Training,7113642c23bc3e0e49a77a0e7d14ca71,train
data/Training/notumor/Tr-no_646.jpg,notumor,Training,5826164f1f398f6e589578ac72816c91,train
data/Training/notumor/Tr-no_576.jpg,notumor,Training,aa084bb813f66c29deb9693b54969eab,train
data/Training/notumor/Tr-no_602.jpg,notumor,Training,5fd8acdb98186c9228d203a286dd4caf,train
data/Training/notumor/Tr-no_888.jpg,notumor,Training,fdd4e152bdadbf2731fa4481bc41bce5,train
data/Training/notumor/Tr-no_1054.jpg,notumor,Training,0e43b455db097ad74940603293580d14,train
data/Training/notumor/Tr-no_145.jpg,notumor,Training,c7a0fd941cba81fb0c7a96bfbd691042,train
data/Training/notumor/Tr-no_978.jpg,notumor,Training,822450ec762df8937bb87461d0ad34fa,val
data/Training/notumor/Tr-no_868.jpg,notumor,Training,0c3b792e4a80db8bf2e0d6d0e4b2f989,train
data/Training/notumor/Tr-no_713.jpg,notumor,Training,43286fb198c88d7bcbebbb049ce3497e,train
data/Training/notumor/Tr-no_772.jpg,notumor,Training,86527e0ac3e48b7b73cdeb2fc2497da5,train
data/Training/notumor/Tr-no_635.jpg,notumor,Training,a30745a6072cdd29bb873243e7a81bf3,train
data/Training/notumor/Tr-no_673.jpg,notumor,Training,0abe34033d22367d0fe55445050a6f7e,train
data/Training/notumor/Tr-no_252.jpg,notumor,Training,3df3298f76987128ea39e7ac8a7d26ea,train
data/Training/notumor/Tr-no_887.jpg,notumor,Training,7c54fe7973d3fe9c702eed7aba12f9b5,test
data/Training/notumor/Tr-no_796.jpg,notumor,Training,9d40a35639acf70d3ea40c067f5a9896,train
data/Training/notumor/Tr-no_940.jpg,notumor,Training,73631e4a7298c51db6fc249e3c03a367,test
data/Training/notumor/Tr-no_467.jpg,notumor,Training,5e557d9baf30af12789906cb32cc3009,train
data/Training/notumor/Tr-no_155.jpg,notumor,Training,d878d96555999e2b3f0936c5025c9c0d,train
data/Training/notumor/Tr-no_90.jpg,notumor,Training,33c56e184f1729167e9d39abc1a4776d,train
data/Training/notumor/Tr-no_839.jpg,notumor,Training,b6ce0a54d799d61f77617809c5e78ef2,test
data/Training/notumor/Tr-no_1250.jpg,notumor,Training,7aec82bbbea5bc85d0e79e011a459740,train
data/Training/notumor/Tr-no_1282.jpg,notumor,Training,b62f35eb6d7157ee89335243367761f1,train
data/Training/notumor/Tr-no_275.jpg,notumor,Training,bdd44deccd89e3fbb600afd18878a9ac,val
data/Training/notumor/Tr-no_416.jpg,notumor,Training,1387112a2ca5824007c964f73761ca75,val
data/Training/notumor/Tr-no_223.jpg,notumor,Training,f8ea84d196ada1792d87d4bd3333f0a4,train
data/Training/notumor/Tr-no_21.jpg,notumor,Training,600604d539ebd92e5864d88fb09de33d,train
data/Training/notumor/Tr-no_1064.jpg,notumor,Training,6a929af0c27df90c756552d0172d9565,val
data/Training/notumor/Tr-no_543.jpg,notumor,Training,568236b6d5966f4a23af6b3784bd29a5,train
data/Training/notumor/Tr-no_83.jpg,notumor,Training,638b1882d110457448e482c8d3c036e6,val
data/Training/notumor/Tr-no_656.jpg,notumor,Training,d6fac9640c6558bc3f8a509d7a5ee01a,train
data/Training/notumor/Tr-no_1188.jpg,notumor,Training,d0ba529e618ee5e2e8bf0f44a9a103c3,train
data/Training/notumor/Tr-no_1008.jpg,notumor,Training,fbb3127a1272c1308db716194c103a3f,test
data/Training/notumor/Tr-no_494.jpg,notumor,Training,24e83deaaae9ab0f15565690e474f5fc,train
data/Training/notumor/Tr-no_524.jpg,notumor,Training,7ab84ada9eeadbc4f93ae1afcf38628b,train
data/Training/notumor/Tr-no_458.jpg,notumor,Training,addb9b6936f16abf00068a8ca4f6d520,val
data/Training/notumor/Tr-no_748.jpg,notumor,Training,053d3b21509586bc70eb5c30f0c62518,train
data/Training/notumor/Tr-no_552.jpg,notumor,Training,b0a6951b92aa859847f0f6d1cd959537,val
data/Training/notumor/Tr-no_1144.jpg,notumor,Training,e8d6da7fa9d7da189be935063c449481,val
data/Training/notumor/Tr-no_872.jpg,notumor,Training,4bb4e278677833186fa60a9e12178ef1,train
data/Training/notumor/Tr-no_891.jpg,notumor,Training,e92c4c47b73fdd3578868bf6412dce6a,test
data/Training/notumor/Tr-no_765.jpg,notumor,Training,c0d2564643113d07d7229e9c6b16f811,train
data/Training/notumor/Tr-no_322.jpg,notumor,Training,30e12e819877a94fab2aa35b100ae645,val
data/Training/notumor/Tr-no_279.jpg,notumor,Training,61ef6f873d653c09e598a5aabbddd524,train
data/Training/notumor/Tr-no_1388.jpg,notumor,Training,1fc310b3407acf5b6becb3e4514c6dd7,train
data/Training/notumor/Tr-no_134.jpg,notumor,Training,632120a6491595c8f2646222e132159e,test
data/Training/notumor/Tr-no_770.jpg,notumor,Training,d7c362af5ef99bb68896b5f184dc0ab5,train
data/Training/notumor/Tr-no_1310.jpg,notumor,Training,4c33f2805c9f1b8d0dd431f919f886f2,test
data/Training/notumor/Tr-no_751.jpg,notumor,Training,02e13b0f5d022f8b668a098e355a2687,val
data/Training/notumor/Tr-no_737.jpg,notumor,Training,792fae23c6cb29875f3b74d1337f197a,train
data/Training/notumor/Tr-no_1391.jpg,notumor,Training,f45f7246353c745257d86170dc3e0de2,train
data/Training/notumor/Tr-no_178.jpg,notumor,Training,644c9a2fa1e66c8bac282fccb4bdf62c,train
data/Training/notumor/Tr-no_1121.jpg,notumor,Training,75eb6f287cd816706e0e0f5a5eef3894,test
data/Training/notumor/Tr-no_619.jpg,notumor,Training,0eba51f3a477d21835bcf85f6ee4cc07,val
data/Training/notumor/Tr-no_86.jpg,notumor,Training,cdf4e6e706f06498de8e4687eb4857b0,val
data/Training/notumor/Tr-no_744.jpg,notumor,Training,f8aa9999d5e9fb8517c309c2e73d3937,train
data/Training/notumor/Tr-no_352.jpg,notumor,Training,8d3815d7ea2015ce5d6dd5edb8ffdf9a,val
data/Training/notumor/Tr-no_743.jpg,notumor,Training,4b24a48bcac423fba8236ca33d63cc79,train
data/Training/notumor/Tr-no_123.jpg,notumor,Training,dfaa0b739de61f939192be4eea7fd516,train
data/Training/notumor/Tr-no_1234.jpg,notumor,Training,e450fb2bea94fad366ddebacbe26a4bb,test
data/Training/notumor/Tr-no_510.jpg,notumor,Training,ed8aff1da3e7690a2451afa38acfc3aa,train
data/Training/notumor/Tr-no_899.jpg,notumor,Training,119a0f04b836a95396bedbe8a4555706,test
data/Training/notumor/Tr-no_1043.jpg,notumor,Training,8df99593495ab9d3a24629400c78a4b1,train
data/Training/notumor/Tr-no_1118.jpg,notumor,Training,b56a5061bfb46825584cadf0423a5991,test
data/Training/notumor/Tr-no_1366.jpg,notumor,Training,1a7fdc089ced09565c2a7dad3a35b659,train
data/Training/notumor/Tr-no_1014.jpg,notumor,Training,4b573cbf2a8eeda2cd565d18b85c11c4,test
data/Training/notumor/Tr-no_1145.jpg,notumor,Training,e450fb2bea94fad366ddebacbe26a4bb,test
data/Training/notumor/Tr-no_169.jpg,notumor,Training,9cdc3e031d2d1f473fb3448e4cbfe0ab,train
data/Training/notumor/Tr-no_471.jpg,notumor,Training,32841725490c079c55d66a2c7486a3a7,train
data/Training/notumor/Tr-no_491.jpg,notumor,Training,bd1de6cf5b9a4252c095428df0cba8a8,train
data/Training/notumor/Tr-no_233.jpg,notumor,Training,b110f342fe10d1c76cbd4b5b5a57cc75,test
data/Training/notumor/Tr-no_120.jpg,notumor,Training,1e6adb5486c83c4f70bf2629415c2fc6,val
data/Training/notumor/Tr-no_515.jpg,notumor,Training,c2abc5d6f77d9e5ea92dbaf4f4ed1548,train
data/Training/notumor/Tr-no_137.jpg,notumor,Training,46aa3d5b123fbc56a0fb7f6c1e16c710,test
data/Training/notumor/Tr-no_94.jpg,notumor,Training,87f7550997955fcbc77426708fca2c3f,test
data/Training/notumor/Tr-no_1358.jpg,notumor,Training,51deaae698ce5ef826679a4b243219b1,train
data/Training/notumor/Tr-no_740.jpg,notumor,Training,30a5d3ac5a6e70b5f7ee284f0ab440b9,train
data/Training/notumor/Tr-no_4.jpg,notumor,Training,96ada10c960bf7138a812539173893ab,train
data/Training/notumor/Tr-no_270.jpg,notumor,Training,f78584fe6b4c63abc84a1b2ecb6ce73f,train
data/Training/notumor/Tr-no_1335.jpg,notumor,Training,271b52a573e72ef87627be1b65779dbe,train
data/Training/notumor/Tr-no_49.jpg,notumor,Training,0a962db894376a9e5e0d670915473231,train
data/Training/notumor/Tr-no_47.jpg,notumor,Training,c0ffe86f3bcf35d02455bed01cf19e91,train
data/Training/notumor/Tr-no_1108.jpg,notumor,Training,fea4ff3f73564d290ea475de889210d7,val
data/Training/notumor/Tr-no_702.jpg,notumor,Training,a9f96ef19692b1c78cfad347002fe5f3,train
data/Training/notumor/Tr-no_905.jpg,notumor,Training,6d808a958b1bc10fe8e896b3e368fa92,train
data/Training/notumor/Tr-no_1012.jpg,notumor,Training,23e6821b8f16cd8cc9d01b6e6e377c03,train
data/Training/notumor/Tr-no_508.jpg,notumor,Training,914304bcaa212f6c1207ecf721a2bcf7,test
data/Training/notumor/Tr-no_911.jpg,notumor,Training,09c70286382573b296e62475fd66d6ab,val
data/Training/notumor/Tr-no_1299.jpg,notumor,Training,b79b9a9f09f4a35922edbdd3afe2dbde,train
data/Training/notumor/Tr-no_1063.jpg,notumor,Training,6b3c032ec42efd24bdeb87534f6ce0bd,train
data/Training/notumor/Tr-no_954.jpg,notumor,Training,49231610d4ac430a3209e3c14bb8f74d,val
data/Training/notumor/Tr-no_1154.jpg,notumor,Training,1829d716613d6d3022da2f82368071ae,train
data/Training/notumor/Tr-no_59.jpg,notumor,Training,0bb17495444a428b84b51cae15bf4812,train
data/Training/notumor/Tr-no_5.jpg,notumor,Training,f4b4f54022e5d07d1cfecf6868492299,test
data/Training/notumor/Tr-no_429.jpg,notumor,Training,023df05503a3d19baa3fcd55a7702cb3,train
data/Training/notumor/Tr-no_381.jpg,notumor,Training,e99824501d736f8433418be8da3c32d5,val
data/Training/notumor/Tr-no_1308.jpg,notumor,Training,02e9b844d49f24f8b6b82eaba89cab46,test
data/Training/notumor/Tr-no_296.jpg,notumor,Training,f2d752015a3e051d3c185d49efab64b5,train
data/Training/notumor/Tr-no_58.jpg,notumor,Training,2c7025438fab31a227acfa917e126d33,train
data/Training/notumor/Tr-no_613.jpg,notumor,Training,2811b13cce8f394e60e6cb34b62b9470,val
data/Training/notumor/Tr-no_108.jpg,notumor,Training,bd59d0d9c33dd953aa066d1dd0f0ab2c,test
data/Training/notumor/Tr-no_132.jpg,notumor,Training,bbfda1f5851b171529f0c2082f24a99e,train
data/Training/notumor/Tr-no_473.jpg,notumor,Training,2979f0422f022037f032b69fda8cbcba,train
data/Training/notumor/Tr-no_1357.jpg,notumor,Training,1a13b0afb7e336c9738f7546648d5cc9,train
data/Training/notumor/Tr-no_1255.jpg,notumor,Training,664e37530b3ec4d10990dee62d65df01,train
data/Training/notumor/Tr-no_1265.jpg,notumor,Training,24e83deaaae9ab0f15565690e474f5fc,train
data/Training/notumor/Tr-no_345.jpg,notumor,Training,5ea045fd9007f5b2d54473fb90ee951a,train
data/Training/notumor/Tr-no_396.jpg,notumor,Training,98b4da1ea4f4af862155037daa2f77f0,test
data/Training/notumor/Tr-no_523.jpg,notumor,Training,b1c4cd092f42ad80d0eba66ae8a1d4b7,train
data/Training/notumor/Tr-no_218.jpg,notumor,Training,1d4351df70e547d21684fa5a21ca6937,test
data/Training/notumor/Tr-no_201.jpg,notumor,Training,526af808766e36d80999a964ef6e8b03,val
data/Training/notumor/Tr-no_45.jpg,notumor,Training,a3d72768917a15e3e29f7b233bc30e92,train
data/Training/notumor/Tr-no_369.jpg,notumor,Training,1d0442fd2d823702d83a75ba8fb886c9,val
data/Training/notumor/Tr-no_1173.jpg,notumor,Training,d0d750a6c5f5508a49d5d13911410e4f,train
data/Training/notumor/Tr-no_89.jpg,notumor,Training,a34c69e1fad221d4a3e3de2d7c2e6300,train
data/Training/notumor/Tr-no_584.jpg,notumor,Training,c99f625c2bdedbc282490b8fe0c69fd1,val
data/Training/notumor/Tr-no_536.jpg,notumor,Training,196fee6ff00bfc8de983dfa2460dbd5f,train
data/Training/notumor/Tr-no_550.jpg,notumor,Training,d4213cadb7fdc260baf35de0ef3072bd,train
data/Training/notumor/Tr-no_1143.jpg,notumor,Training,32777e544242071583c579af29cd770d,val
data/Training/notumor/Tr-no_13.jpg,notumor,Training,ea47353cbe2d300c44c1c50b9a31706e,train
data/Training/notumor/Tr-no_1279.jpg,notumor,Training,fdb5cd431059ccc4df1c08edbb8ac43b,test
data/Training/notumor/Tr-no_204.jpg,notumor,Training,8f9ec2113e9f7af3f7a2cb064d6a5219,val
data/Training/notumor/Tr-no_1104.jpg,notumor,Training,903d126767d65b38f6b282de8d2a9e1c,train
data/Training/notumor/Tr-no_784.jpg,notumor,Training,e6bcbffa084562d62f0b447b98fc2cbe,train
data/Training/notumor/Tr-no_1251.jpg,notumor,Training,66fccf4d98f16ffb8b73d5f227423954,train
data/Training/notumor/Tr-no_472.jpg,notumor,Training,665bf16ea1489fb798ee0dd3acaade79,train
data/Training/notumor/Tr-no_401.jpg,notumor,Training,f1784c8124c232869b15ec455802ed9d,train
data/Training/notumor/Tr-no_324.jpg,notumor,Training,4b11f2852ff89ac0fb40f27016ef8095,train
data/Training/notumor/Tr-no_143.jpg,notumor,Training,2c3f26cee58e078bc32ac1d9d5dbc807,train
data/Training/notumor/Tr-no_439.jpg,notumor,Training,4ff34837d29366db706caf864a265755,train
data/Training/notumor/Tr-no_876.jpg,notumor,Training,81e96a08a3d564cad3db79a70757849a,train
data/Training/notumor/Tr-no_11.jpg,notumor,Training,3ea1dce3528a6b6b85e58a9cccb10347,test
data/Training/notumor/Tr-no_522.jpg,notumor,Training,77d84ba95eacd41f5f1f214b38f29b7b,val
data/Training/notumor/Tr-no_1337.jpg,notumor,Training,0ffcccf8cab4a3be008587b56b159c0f,val
data/Training/notumor/Tr-no_812.jpg,notumor,Training,878e14abf51d56db9fc632b9b140198c,train
data/Training/notumor/Tr-no_897.jpg,notumor,Training,c4396f1df3b6050228d3d2d42fc1d7f1,train
data/Training/notumor/Tr-no_1355.jpg,notumor,Training,2a431ec8cc14ccbb74555a7a70b2ffd7,val
data/Training/notumor/Tr-no_117.jpg,notumor,Training,c8b9e90a6a2ed05a0600ed432c436cfe,train
data/Training/notumor/Tr-no_378.jpg,notumor,Training,78af9b32838cc236c50d12fe90d2eea3,val
data/Training/notumor/Tr-no_310.jpg,notumor,Training,0fd8d5b2406a446db256bda95017cf9e,test
data/Training/notumor/Tr-no_1224.jpg,notumor,Training,18a171eafa3b7e8e189f96931b607e46,val
data/Training/notumor/Tr-no_370.jpg,notumor,Training,e25f555e0aab054df7c21bdfab765bd1,test
data/Training/notumor/Tr-no_600.jpg,notumor,Training,e0e9fee7b1fe0b3a4fc4af3189e2dc1f,train
data/Training/notumor/Tr-no_486.jpg,notumor,Training,564d3b81b447a6a62883e7a8bc5476cf,train
data/Training/notumor/Tr-no_706.jpg,notumor,Training,66d38e7bc779e99b60b0171058dd7ef0,train
data/Training/notumor/Tr-no_442.jpg,notumor,Training,99d63f3b7ed4fea3146e21a7ca61f375,train
data/Training/notumor/Tr-no_855.jpg,notumor,Training,d4884f184e895ead4bf7596647350f43,train
data/Training/notumor/Tr-no_1203.jpg,notumor,Training,9eb9f2c929d940f7333441cf7301f205,val
data/Training/notumor/Tr-no_1021.jpg,notumor,Training,30833b6b027eb1ca54cdd37ae88213e6,val
data/Training/notumor/Tr-no_824.jpg,notumor,Training,b79029e193e7d4f9f9626ec8ccf93da0,test
data/Training/notumor/Tr-no_989.jpg,notumor,Training,9fd7bb93bb0e52f47db21ccdc091a9fc,train
data/Training/notumor/Tr-no_896.jpg,notumor,Training,4c4bfb9135d51b7b91fa3ab26e4abd96,train
data/Training/notumor/Tr-no_1039.jpg,notumor,Training,e0e9fee7b1fe0b3a4fc4af3189e2dc1f,train
data/Training/notumor/Tr-no_695.jpg,notumor,Training,1886d4cc561b9aa4885118fa4fc4c3f1,train
data/Training/notumor/Tr-no_901.jpg,notumor,Training,d27fe2b6904669a2188ad7786bc378a8,train
data/Training/notumor/Tr-no_953.jpg,notumor,Training,ec25192e3c65e8a61f79b7ca72777371,train
data/Training/notumor/Tr-no_66.jpg,notumor,Training,2425479e1c8ff8a4f2f852c5e6957dad,train
data/Training/notumor/Tr-no_1155.jpg,notumor,Training,75da10e12fc827298bb1034dde0f4311,train
data/Training/notumor/Tr-no_228.jpg,notumor,Training,8d67c8578558895294951bbb9bda56e3,train
data/Training/notumor/Tr-no_995.jpg,notumor,Training,0abe34033d22367d0fe55445050a6f7e,train
data/Training/notumor/Tr-no_274.jpg,notumor,Training,02ca354a9c6dcfb0d234f3990937191d,val
data/Training/notumor/Tr-no_1140.jpg,notumor,Training,e89ab6994c617c31786bfff5c406d0ab,train
data/Training/notumor/Tr-no_755.jpg,notumor,Training,961071052eb301a3e0cd452df5cfa975,train
data/Training/notumor/Tr-no_116.jpg,notumor,Training,46bdd15e88da99beefcb999aea360457,val
data/Training/notumor/Tr-no_1286.jpg,notumor,Training,1a84a83c0feb8567aa46363f90913772,train
data/Training/notumor/Tr-no_742.jpg,notumor,Training,11add46c9c309f81bbed993e10b1acd7,train
data/Training/notumor/Tr-no_430.jpg,notumor,Training,e450fb2bea94fad366ddebacbe26a4bb,test
data/Training/notumor/Tr-no_449.jpg,notumor,Training,2808e8a37a4ee88efd039aa9ab1f853b,train
data/Training/notumor/Tr-no_256.jpg,notumor,Training,712f5f678165118258d51f95a1d430f5,train
data/Training/notumor/Tr-no_179.jpg,notumor,Training,ca5eb4db4a092ef561f73f8e77088902,train
data/Training/notumor/Tr-no_483.jpg,notumor,Training,07dee3fcce71204f5e78fac3e84f4d23,train
data/Training/notumor/Tr-no_1123.jpg,notumor,Training,96d5c811f6b696e1194c8c2403d3d20f,train
data/Training/notumor/Tr-no_532.jpg,notumor,Training,2c00d2ea08a848e65bfc36f78c2f3f94,train
data/Training/notumor/Tr-no_1225.jpg,notumor,Training,5c9009c29f85406f62d1901789b43ac8,train
data/Training/notumor/Tr-no_962.jpg,notumor,Training,5392a4502bf3e1db5a84ce99a7c7acaa,train
data/Training/notumor/Tr-no_880.jpg,notumor,Training,7be661c7ec1d3c648894b51bb7ffdf3e,train
data/Training/notumor/Tr-no_1192.jpg,notumor,Training,e01c3de160daf3552a43b39951573283,train
data/Training/notumor/Tr-no_968.jpg,notumor,Training,1a7a816fb2bf48c87c9b8789212d94fb,train
data/Training/notumor/Tr-no_71.jpg,notumor,Training,8a302024c43f6b8a42c339737c8237b7,train
data/Training/notumor/Tr-no_222.jpg,notumor,Training,4b88b25dd180341b1613481f0105d472,val
data/Training/notumor/Tr-no_1084.jpg,notumor,Training,565eafb4df29c2efefd2003f05a682f3,train
data/Training/notumor/Tr-no_1006.jpg,notumor,Training,608ac1b24562e7434643d178ad575f30,train
data/Training/notumor/Tr-no_1216.jpg,notumor,Training,1fffd3936624d914dfdc9ec3d20f86a8,train
data/Training/notumor/Tr-no_1347.jpg,notumor,Training,f273d736e6185af12edcae1b43d9a85a,train
data/Training/notumor/Tr-no_14.jpg,notumor,Training,e5437347d710af8e850b85b3680e7f9b,train
data/Training/notumor/Tr-no_753.jpg,notumor,Training,b57daf6bdf4eba86d249368f83891067,train
data/Training/notumor/Tr-no_1370.jpg,notumor,Training,733af69247781f7ea5d09dcd53d3c3b3,train
data/Training/notumor/Tr-no_100.jpg,notumor,Training,ce33675bd11e9b703d6633037e834531,train
data/Training/notumor/Tr-no_299.jpg,notumor,Training,8f69a241813a14458584fae736fbc0cf,train
data/Training/notumor/Tr-no_174.jpg,notumor,Training,7269784311c0416571c63e4f7b433e2a,train
data/Training/notumor/Tr-no_1096.jpg,notumor,Training,d6b4063d53e85177a7ad7ab80666be23,train
data/Training/notumor/Tr-no_736.jpg,notumor,Training,d9346bc0a44f99e848b2054c597442bf,train
data/Training/notumor/Tr-no_681.jpg,notumor,Training,32f8385149fd8c67ce3ccb848343c019,test
data/Training/notumor/Tr-no_792.jpg,notumor,Training,c50db8a8e0cc9b5e9f216b5cee9b4b41,train
data/Training/notumor/Tr-no_456.jpg,notumor,Training,a22409dc025014c2b7101e9913384c38,train
data/Training/notumor/Tr-no_412.jpg,notumor,Training,ddc6fd51d45cb3a708c10fb921485ce9,train
data/Training/notumor/Tr-no_1375.jpg,notumor,Training,e588e090b1b50745ebfc1b70a4aa13d9,val
data/Training/notumor/Tr-no_391.jpg,notumor,Training,e49f76019b513257ead12dec87b53394,train
data/Training/notumor/Tr-no_1339.jpg,notumor,Training,e8cf02f5f074423443117f693bef9a33,test
data/Training/notumor/Tr-no_190.jpg,notumor,Training,63a03f84b2d451d56d3ea36c97662478,val
data/Training/notumor/Tr-no_1071.jpg,notumor,Training,b8d14f6b7bb7e7fd03437cc34fdc7bd9,train
data/Training/notumor/Tr-no_176.jpg,notumor,Training,ed1c9f00106192dea2c17d0c06859f7a,val
data/Training/notumor/Tr-no_908.jpg,notumor,Training,b51b2709f7644f3eadd78d46d0c05f79,train
data/Training/notumor/Tr-no_769.jpg,notumor,Training,5d3ffa28223623209af7426300a37c35,train
data/Training/notumor/Tr-no_1135.jpg,notumor,Training,5d9a2d1fd79f1d0dc650a5024759221c,train
data/Training/notumor/Tr-no_1362.jpg,notumor,Training,76d15186970c1638af98be58158d96e9,train
data/Training/notumor/Tr-no_676.jpg,notumor,Training,46a7e6045dc579f9747a6eb5031417e4,train
data/Training/notumor/Tr-no_1291.jpg,notumor,Training,c07e4455eaba1aa3be49247aa6129b90,test
data/Training/notumor/Tr-no_616.jpg,notumor,Training,2b88a1dec72667cd75871abd7d53d60e,train
data/Training/notumor/Tr-no_362.jpg,notumor,Training,f4a6f0089b53f4f15640c03704624cd7,test
data/Training/notumor/Tr-no_294.jpg,notumor,Training,5d3e399f17b431ea456168be48a6591a,train
data/Training/notumor/Tr-no_1343.jpg,notumor,Training,12763d80a54e61f0651447e038f18dfd,train
data/Training/notumor/Tr-no_392.jpg,notumor,Training,68bd85d48d663c695a67f531d69c1fe8,val
data/Training/notumor/Tr-no_945.jpg,notumor,Training,b92d91f6a6eceebb4836b21e4df11524,train
data/Training/notumor/Tr-no_96.jpg,notumor,Training,2fa892e95bf969a3e775861b4b58c511,train
data/Training/notumor/Tr-no_1007.jpg,notumor,Training,056c441f0ad2f5082498978968e3bf82,val
data/Training/notumor/Tr-no_622.jpg,notumor,Training,1ee2f37cbd71a0f2b5b7530544d2aa2c,test
data/Training/notumor/Tr-no_914.jpg,notumor,Training,9ef1dc087860407ba41c04c22562728d,train
data/Training/notumor/Tr-no_1280.jpg,notumor,Training,6822cef55523e42099b4cd5215fc5e7f,train
data/Training/notumor/Tr-no_731.jpg,notumor,Training,bb1d183c1e50a0b2d04cd09125db0030,train
data/Training/notumor/Tr-no_959.jpg,notumor,Training,7d5bb24e96e3e482fc7372101793190c,train
data/Training/notumor/Tr-no_1105.jpg,notumor,Training,c2c5423dd557bd3557a8bd8d4f359acf,test
data/Training/notumor/Tr-no_763.jpg,notumor,Training,bd12225700693c193b4f6a120e3eb4b1,train
data/Training/notumor/Tr-no_1318.jpg,notumor,Training,482d63fa6ea40fcf05e50744bc60a1b3,train
data/Training/notumor/Tr-no_973.jpg,notumor,Training,c8e3da4f0e7fb50fe1fc1dc894fe546e,train
data/Training/notumor/Tr-no_1122.jpg,notumor,Training,c16b05fa2e328dbb4387b57d6b33c84a,train
data/Training/notumor/Tr-no_478.jpg,notumor,Training,4af5d892e6a0bfc5a3e12a463f99261b,test
data/Training/notumor/Tr-no_505.jpg,notumor,Training,26db07a732a8dc8659b8a1e7d9df4d97,train
data/Training/notumor/Tr-no_207.jpg,notumor,Training,f539e630c910f5948bf83d4f1a7a9026,train
data/Training/notumor/Tr-no_406.jpg,notumor,Training,0778b513768265a0fb2b335fa8cc24dd,test
data/Training/notumor/Tr-no_397.jpg,notumor,Training,a0a5d277244205e68bbb70073837d5f1,train
data/Training/notumor/Tr-no_72.jpg,notumor,Training,afaacc3fa91169228d7a2520d9cf251e,train
data/Training/notumor/Tr-no_459.jpg,notumor,Training,40da03aa22fb2373f965134a85094f8d,train
data/Training/notumor/Tr-no_445.jpg,notumor,Training,f1e90b4524042af9f8984ab5f5ac45fd,train
data/Training/notumor/Tr-no_776.jpg,notumor,Training,831a203252d3ceea324de630f336f7ed,test
data/Training/notumor/Tr-no_1004.jpg,notumor,Training,e4919b2d20d5aabc8b17d194cd10ac9b,train
data/Training/notumor/Tr-no_24.jpg,notumor,Training,5b6ca7a5a94398ac120fdb5d1003a120,train
data/Training/notumor/Tr-no_432.jpg,notumor,Training,8c41b4677361db2c16b2082c88f54c89,train
data/Training/notumor/Tr-no_1002.jpg,notumor,Training,0a5a167b9b5bbd9a197faf2f9d3cc4cd,train
data/Training/notumor/Tr-no_1117.jpg,notumor,Training,1d95a00356e42a09738c2d2f6c5775e4,train
data/Training/notumor/Tr-no_431.jpg,notumor,Training,f2e57480e883eac631a4f46db36d135c,val
data/Training/notumor/Tr-no_857.jpg,notumor,Training,e9688d2d202570fb3f0a9fff97162b64,val
data/Training/notumor/Tr-no_1275.jpg,notumor,Training,316dcc3b335adfd1c24c9f989289a482,val
data/Training/notumor/Tr-no_191.jpg,notumor,Training,b6235bd2b7275a4f9113a217e08e1885,train
data/Training/notumor/Tr-no_939.jpg,notumor,Training,919c0bf82f05a91dc80db25c0fffea1b,train
data/Training/notumor/Tr-no_407.jpg,notumor,Training,68ebae69c42bbb3a6f525a0d966c66fe,train
data/Training/notumor/Tr-no_1041.jpg,notumor,Training,3e718702d13df687693e4d5814c1e44c,val
data/Training/notumor/Tr-no_95.jpg,notumor,Training,b7b02ec6477248657f6a2718f3541495,train
data/Training/notumor/Tr-no_1340.jpg,notumor,Training,38dada77f12b1d738f241f921a2f2a41,train
data/Training/notumor/Tr-no_194.jpg,notumor,Training,fe2231f523d6d1cabd4670f11b829773,test
data/Training/notumor/Tr-no_626.jpg,notumor,Training,1d39767cea25183914fa573a0107d307,val
data/Training/notumor/Tr-no_1351.jpg,notumor,Training,ed2f2ce4b1d6cc91bf94e65ec0d56044,train
data/Training/notumor/Tr-no_1389.jpg,notumor,Training,edff99b0528bbdb5f2340b24dddebaf7,test
data/Training/notumor/Tr-no_943.jpg,notumor,Training,ff58c0337e6a89a733ea65e825f8f70b,train
data/Training/notumor/Tr-no_417.jpg,notumor,Training,c95dcd1657bfd03889dac44cb6038d79,train
data/Training/notumor/Tr-no_415.jpg,notumor,Training,083b5fb9b7819e3c4dc5e9b3a7b824a0,train
data/Training/notumor/Tr-no_1356.jpg,notumor,Training,dfb3989d7b0ae8e50d48e2ac0e86d47c,train
data/Training/notumor/Tr-no_696.jpg,notumor,Training,920fb1da20a36a12754271888f1c8023,train
data/Training/notumor/Tr-no_1087.jpg,notumor,Training,96d7ae146f09be6eddec50a0380516ea,train
data/Training/notumor/Tr-no_366.jpg,notumor,Training,9019bae22d5b28c30f75e148f9bbff1e,train
data/Training/notumor/Tr-no_980.jpg,notumor,Training,1749f27e1f22a8adc7a404d79ab035c4,train
data/Training/notumor/Tr-no_870.jpg,notumor,Training,790287c6713dd96be2a947004d7f1779,train
data/Training/notumor/Tr-no_340.jpg,notumor,Training,9b95189cc3d9cfda16291a26c808c7b6,train
data/Training/notumor/Tr-no_1133.jpg,notumor,Training,91f321310af001724a313ec73737975b,train
data/Training/notumor/Tr-no_215.jpg,notumor,Training,b52c60c8b8d5b52ddaddebf06e9d22b1,train
data/Training/notumor/Tr-no_916.jpg,notumor,Training,8d5cb4ac464ba805ec639f4c38da6191,train
data/Training/notumor/Tr-no_284.jpg,notumor,Training,11b8cd45b5fb07384f4e8adfafaed387,train
data/Training/notumor/Tr-no_601.jpg,notumor,Training,0f498b465137a5331ae89c37d52d17a5,val
data/Training/notumor/Tr-no_283.jpg,notumor,Training,d98d2fe003344120dcef8bfab42ecc2c,train
data/Training/notumor/Tr-no_1365.jpg,notumor,Training,17f184fccdaa0c1e40b8bc353afcd0cf,train
data/Training/notumor/Tr-no_734.jpg,notumor,Training,4295eee904f5e6c205b01cbae01efab6,test
data/Training/notumor/Tr-no_564.jpg,notumor,Training,b71e64834740e5c0589d52e7145a83f0,train
data/Training/notumor/Tr-no_198.jpg,notumor,Training,e0c3ce7e4015c6b109b11b17c60022ff,train
data/Training/notumor/Tr-no_1249.jpg,notumor,Training,6bc7964a15dde0d45d34fba07f072252,train
data/Training/notumor/Tr-no_267.jpg,notumor,Training,43c78211c6e1a083d7107c12bfb2d76a,val
data/Training/notumor/Tr-no_485.jpg,notumor,Training,41c20fcc11ca7caa1e3684fe3c2c1cb2,test
data/Training/notumor/Tr-no_517.jpg,notumor,Training,9b9bd17e941861d5713caace6e7b9d95,test
data/Training/notumor/Tr-no_1290.jpg,notumor,Training,55bc232802b2c8122e875919c6ccbcfa,train
data/Training/notumor/Tr-no_73.jpg,notumor,Training,f6a666f3aad6223c98e59c677b06310c,train
data/Training/notumor/Tr-no_932.jpg,notumor,Training,6167e82ed6905462e6a73d47f975f06f,train
data/Training/notumor/Tr-no_302.jpg,notumor,Training,8530d64b0697a54268bc5d3a3fc960ad,train
data/Training/notumor/Tr-no_664.jpg,notumor,Training,6142acdc1f1b32e31ea0f73324b5f356,train
data/Training/notumor/Tr-no_138.jpg,notumor,Training,e8987ab719f704faf79a88816c763226,test
data/Training/notumor/Tr-no_529.jpg,notumor,Training,bf0ef7ad56cae2d8d463a0cfd8557973,train
data/Training/notumor/Tr-no_1300.jpg,notumor,Training,116aa04287be8be3524175077a2c2e56,train
data/Training/notumor/Tr-no_501.jpg,notumor,Training,79d0077065ba05f6adb7388a1d4719e4,val
data/Training/notumor/Tr-no_1201.jpg,notumor,Training,59b7c567c4721c98531ff66c9bc484ee,test
data/Training/notumor/Tr-no_1376.jpg,notumor,Training,bc86c80c2aef5bfaff0e1de6a2bcdd7b,train
data/Training/notumor/Tr-no_1297.jpg,notumor,Training,47ce5e9e135a1b4f68b89fbda45a1852,train
data/Training/notumor/Tr-no_36.jpg,notumor,Training,82cd6e9c75e1f5f3a5dec7aa9af4152c,train
data/Training/notumor/Tr-no_590.jpg,notumor,Training,47405b5f57d0617c6ca9081c1554c1b5,train
data/Training/notumor/Tr-no_151.jpg,notumor,Training,6c5b433153e823ae18884623d93bfeb5,train
data/Training/notumor/Tr-no_495.jpg,notumor,Training,45fcb6cf8b901f7f9657485ed7a0c665,train
data/Training/notumor/Tr-no_1395.jpg,notumor,Training,92d345cb0e551329cb0ab0041b1d531f,test
data/Training/notumor/Tr-no_998.jpg,notumor,Training,40e772a2f0b49cc9de602444188412b5,val
data/Training/notumor/Tr-no_633.jpg,notumor,Training,be73c5bffca864ac31ee80ec79f0a3c7,train
data/Training/notumor/Tr-no_403.jpg,notumor,Training,598f17c0ec4018ec17c037a6406f4945,val
data/Training/notumor/Tr-no_960.jpg,notumor,Training,4c9e077bed70122f42f112431db556b2,train
data/Training/notumor/Tr-no_243.jpg,notumor,Training,e0faf75feb91fcaa8638ca4a4f9d17ba,train
data/Training/notumor/Tr-no_578.jpg,notumor,Training,d30f6686fdeb5d3618de2675bbb695cd,train
data/Training/notumor/Tr-no_266.jpg,notumor,Training,ddc078bd915180ad86e3f60c2e57ebc3,train
data/Training/notumor/Tr-no_319.jpg,notumor,Training,54c62042469ae33523d40cf2e9c09b34,train
data/Training/notumor/Tr-no_816.jpg,notumor,Training,6119e8d3172ad5a550a6401e146ff5d5,train
data/Training/notumor/Tr-no_732.jpg,notumor,Training,d09e7eebb452d23192f2c7536ece4a9d,train
data/Training/notumor/Tr-no_652.jpg,notumor,Training,28286f8d8f93a1d5f714e322f3a323dc,train
data/Training/notumor/Tr-no_856.jpg,notumor,Training,b41544b9caf43da688fe3aa4918f0853,val
data/Training/notumor/Tr-no_574.jpg,notumor,Training,9b9fa81d482dca915115130705ff8633,train
data/Training/notumor/Tr-no_503.jpg,notumor,Training,30833b6b027eb1ca54cdd37ae88213e6,val
data/Training/notumor/Tr-no_1046.jpg,notumor,Training,1e98f507c83df39e1aefd1e4c2724d7d,train
data/Training/notumor/Tr-no_1231.jpg,notumor,Training,cd59d5b06a171fca743c9e6510e6230c,train
data/Training/notumor/Tr-no_933.jpg,notumor,Training,61d0aeacb5768eca8d91ed7915c5648b,train
data/Training/notumor/Tr-no_1385.jpg,notumor,Training,e0e9fee7b1fe0b3a4fc4af3189e2dc1f,train
data/Training/notumor/Tr-no_581.jpg,notumor,Training,7ce25d17c7839af995b51e5e308cbd08,test
data/Training/notumor/Tr-no_1268.jpg,notumor,Training,10800f19c3ed55315a78dfd8e17fae81,train
data/Training/notumor/Tr-no_1204.jpg,notumor,Training,4682d82a39946d7a52227e5d9f23430b,val
data/Training/notumor/Tr-no_638.jpg,notumor,Training,b43ac57b78e6c93f8ad6549827de5739,test
data/Training/notumor/Tr-no_585.jpg,notumor,Training,2393c9bad06d58125406dc92306ffe0c,train
data/Training/notumor/Tr-no_610.jpg,notumor,Training,cca613bcd2e3bfe6496559ded56d8087,train
data/Training/notumor/Tr-no_1276.jpg,notumor,Training,ab6a31d4fd7b2dc2d4ebaed1e6cde01b,train
data/Training/notumor/Tr-no_44.jpg,notumor,Training,ce0edd8064f376cf8360d63c4d9ebdd8,train
data/Training/notumor/Tr-no_167.jpg,notumor,Training,35136c80edf569bed6960e8db1d6f6bd,test
data/Training/notumor/Tr-no_1057.jpg,notumor,Training,1183c9f6ff8f74326633b94c8dec3e05,train
data/Training/notumor/Tr-no_777.jpg,notumor,Training,365ff1084aeff1257aad4f401035d44a,train
data/Training/notumor/Tr-no_1325.jpg,notumor,Training,bd99ed2eee8ca651ea8a27d711bb9eb8,train
data/Training/notumor/Tr-no_834.jpg,notumor,Training,47801c8e328f4aa292067f2cf5a2108d,val
data/Training/notumor/Tr-no_154.jpg,notumor,Training,9eb9f2c929d940f7333441cf7301f205,val
data/Training/notumor/Tr-no_203.jpg,notumor,Training,13cd4feb27531f7497fee07de9bafbc7,val
data/Training/notumor/Tr-no_819.jpg,notumor,Training,60e765179ae22c1d69cb6c1233f17354,train
data/Training/notumor/Tr-no_282.jpg,notumor,Training,06918f190df4f021470c0d636b30cee5,train
data/Training/notumor/Tr-no_383.jpg,notumor,Training,9c856845544d5264bebfadbad48eb175,test
data/Training/notumor/Tr-no_722.jpg,notumor,Training,b1dbde1d7f81a93264b29cf5c78ed674,train
data/Training/notumor/Tr-no_114.jpg,notumor,Training,a979991c24980be5b4369ab4eb330885,train
data/Training/notumor/Tr-no_76.jpg,notumor,Training,14c6370cb4fc30abdc51cae0560d1ae1,val
data/Training/notumor/Tr-no_300.jpg,notumor,Training,1f8e24f187a6ccdeb6cf9ff4122f1227,train
data/Training/notumor/Tr-no_1099.jpg,notumor,Training,6ab76d8ad19514fd83b206de33c6bc10,val
data/Training/notumor/Tr-no_237.jpg,notumor,Training,2f691f92b6bb5a13c6f691a173902144,train
data/Training/notumor/Tr-no_558.jpg,notumor,Training,89814495e863126d591a7b47090efd7a,train
data/Training/notumor/Tr-no_785.jpg,notumor,Training,22aa8132f3145d4a12f084445c66c310,train
data/Training/notumor/Tr-no_470.jpg,notumor,Training,2abc47341e8db1dbae4bfc4927c567c9,train
data/Training/notumor/Tr-no_993.jpg,notumor,Training,367e19ea6b5900ee6507febdeb7b73e7,train
data/Training/notumor/Tr-no_213.jpg,notumor,Training,16a3efd686e5518d8c2dfb0ccd85d2b8,train
data/Training/notumor/Tr-no_1292.jpg,notumor,Training,3a6e7c851751062184252190f719b598,test
data/Training/notumor/Tr-no_260.jpg,notumor,Training,fa656f0c1a51c3b4cbd5c9e712656cc8,train
data/Training/notumor/Tr-no_259.jpg,notumor,Training,0a439093f52cc5cf98893b6d82023fb2,test
data/Training/notumor/Tr-no_444.jpg,notumor,Training,ce175eda2b7e4f5114ab457414401dc5,test
data/Training/notumor/Tr-no_371.jpg,notumor,Training,d9c32d64bae1e0350522351c6a7cea0b,test
data/Training/notumor/Tr-no_37.jpg,notumor,Training,c07d0b44b49ffa149c6415a6174fa9b9,val
data/Training/notumor/Tr-no_344.jpg,notumor,Training,ab557cb36fe189781cb124e8119945b1,train
data/Training/notumor/Tr-no_823.jpg,notumor,Training,cf8871ec3f048ae7c414d5ce64bbe220,train
data/Training/notumor/Tr-no_70.jpg,notumor,Training,76b5738b6c18ba2d1fdb10daf751514c,train
data/Training/notumor/Tr-no_1311.jpg,notumor,Training,6c85da7232b257cd67373a7cc38916f7,val
data/Training/notumor/Tr-no_404.jpg,notumor,Training,04cbc0687a49922eaad5d4ad1cac9cb1,test
data/Training/notumor/Tr-no_327.jpg,notumor,Training,355871f816645a958563f873375486ff,train
data/Training/notumor/Tr-no_318.jpg,notumor,Training,43b6108d86dfaa83423ebaf38943b1d3,train
data/Training/notumor/Tr-no_502.jpg,notumor,Training,ae63f20d0c3029f82437ca5729134f69,train
data/Training/notumor/Tr-no_144.jpg,notumor,Training,f167689e5f730b77afebbb22e074fbd9,train
data/Training/notumor/Tr-no_221.jpg,notumor,Training,7dad64ff79ea664162f6b10b5584ec23,train
data/Training/notumor/Tr-no_1254.jpg,notumor,Training,69384c44c679eb8d9dafe8f3e5332b5f,train
data/Training/notumor/Tr-no_957.jpg,notumor,Training,9e1ea2649433876a28b158eba91ffece,train
data/Training/notumor/Tr-no_1017.jpg,notumor,Training,8bbc73bcf90ce43f04fb691542b999a8,train
data/Training/notumor/Tr-no_434.jpg,notumor,Training,35e8a453a49865af3d47d02e343376c4,train
data/Training/notumor/Tr-no_453.jpg,notumor,Training,f00fedb2caae86192d3f329576e5b625,train
data/Training/notumor/Tr-no_74.jpg,notumor,Training,1e4c17a2391600a09ac3beebb165a068,train
data/Training/notumor/Tr-no_1338.jpg,notumor,Training,a0b2a6412030b6411ec641b64883e854,val
data/Training/notumor/Tr-no_1315.jpg,notumor,Training,159c7755cbca9b88df452a647d710f80,train
data/Training/notumor/Tr-no_1081.jpg,notumor,Training,e51f4f0d7c6c575b8d4f48890dde9af6,test
data/Training/notumor/Tr-no_1066.jpg,notumor,Training,5b036e578e0251c1514f770e6068ebca,train
data/Training/notumor/Tr-no_890.jpg,notumor,Training,3142a4c4d7b9ea45c2f1618b5661a54e,train
data/Training/notumor/Tr-no_793.jpg,notumor,Training,e451ebeaafd925c68f39a4a53961aaaa,train
data/Training/notumor/Tr-no_158.jpg,notumor,Training,2e57c14bdd0c8f0c6c2916119e9ed027,test
data/Training/notumor/Tr-no_1352.jpg,notumor,Training,ea628671e699830e92781223595c2a4b,train
data/Training/notumor/Tr-no_1137.jpg,notumor,Training,8a909281f484d7f483e57b05a187ce3a,train
data/Training/notumor/Tr-no_127.jpg,notumor,Training,114fbd47e7fc705f8cffab5e5411483a,train
data/Training/notumor/Tr-no_815.jpg,notumor,Training,d44334e9a15634627c24657dc7e2a2ee,test
data/Training/notumor/Tr-no_1032.jpg,notumor,Training,dad98cd67126bf65cf8a45028ebe20ec,train
data/Training/notumor/Tr-no_841.jpg,notumor,Training,f845ac5512c4131c93fd549f1d5f76f8,train
data/Training/notumor/Tr-no_1152.jpg,notumor,Training,0fa7f729317cf24cda100573ba341551,val
data/Training/notumor/Tr-no_662.jpg,notumor,Training,299b59cb741ab4ea650ca1bb67fb6796,train
data/Training/notumor/Tr-no_810.jpg,notumor,Training,3c6fa0ae2ede310bc6dc2dd7a6fbbaa3,train
data/Training/notumor/Tr-no_97.jpg,notumor,Training,66d7326ed1518319a479568d37cff57f,train
data/Training/notumor/Tr-no_452.jpg,notumor,Training,f6e6f34cb08c2c645cb9297276e63809,train
data/Training/notumor/Tr-no_336.jpg,notumor,Training,60e89afed7faaf91fbf1002ccdcbc611,train
data/Training/notumor/Tr-no_376.jpg,notumor,Training,0f4f52fdf26e4689daa7eff79a2e17ba,train
data/Training/notumor/Tr-no_790.jpg,notumor,Training,95c09ed5cb1d6ddc99c30a34e84546e5,train
data/Training/notumor/Tr-no_836.jpg,notumor,Training,7ac4cab3da730fc7150dd5d6326953aa,train
data/Training/notumor/Tr-no_1068.jpg,notumor,Training,e1d736623418431941ba860f9a1efff3,train
data/Training/notumor/Tr-no_643.jpg,notumor,Training,f825d9cb0b4beaddc1dea88a76a9e51e,val
data/Training/notumor/Tr-no_869.jpg,notumor,Training,d69ffd99f748666fb02d44bed19f7e08,train
data/Training/notumor/Tr-no_379.jpg,notumor,Training,e239ed30032f51ea6a14f9b1193012c4,train
data/Training/notumor/Tr-no_389.jpg,notumor,Training,be5ba993f511e6965ff3ced4fec3cc1c,train
data/Training/notumor/Tr-no_102.jpg,notumor,Training,ab540280a3e9ed9892072fd7642ba6ac,train
data/Training/notumor/Tr-no_509.jpg,notumor,Training,8610967e6cf6354be53d9715bb2abc09,train
data/Training/notumor/Tr-no_981.jpg,notumor,Training,c54cec15dfbe7b2d1e88eb6e675f2dae,train
data/Training/notumor/Tr-no_689.jpg,notumor,Training,4150f9a0344a380177221b0c4d353a42,train
data/Training/notumor/Tr-no_290.jpg,notumor,Training,0961a3d77693e06c0448cf32545399be,test
data/Training/notumor/Tr-no_617.jpg,notumor,Training,7ab84ada9eeadbc4f93ae1afcf38628b,train
data/Training/notumor/Tr-no_301.jpg,notumor,Training,452981199f941ea1c7ce07f1a14c453c,test
data/Training/notumor/Tr-no_684.jpg,notumor,Training,2b6b3b3e38f7708c531f92f22b10c2da,train
data/Training/notumor/Tr-no_1180.jpg,notumor,Training,80c99987b5f8e27d7d3bb99c61cb34ce,train
data/Training/notumor/Tr-no_538.jpg,notumor,Training,464636a79cf4d95cf5840cfe614bfed2,train
data/Training/notumor/Tr-no_249.jpg,notumor,Training,acbab50d5e1b53b3a2e9ead2eff0bb0e,train
data/Training/notumor/Tr-no_1341.jpg,notumor,Training,66abdf3031d35b5951c25f647a75ceef,val
data/Training/notumor/Tr-no_1240.jpg,notumor,Training,e83c5b3fc278777d5a563a2c45f855b1,test
data/Training/notumor/Tr-no_1271.jpg,notumor,Training,3d0675a2ed4b7ba4d68e0d73095fc740,train
data/Training/notumor/Tr-no_941.jpg,notumor,Training,8057e2eb5eff1f9aab851e3b442b730b,train
data/Training/notumor/Tr-no_741.jpg,notumor,Training,8555f293b767eded93e98573bdf9e620,train
data/Training/notumor/Tr-no_677.jpg,notumor,Training,46187030cd69d096f561e16f2b53752e,train
data/Training/notumor/Tr-no_492.jpg,notumor,Training,bc7e75fa5d8cff54b445b79275272d54,train
data/Training/notumor/Tr-no_965.jpg,notumor,Training,9bfc3788cf90d9b1dbedab3af967e26b,val
data/Training/notumor/Tr-no_1111.jpg,notumor,Training,a5b0372146c50f2e7c56d4da3ecb9944,train
data/Training/notumor/Tr-no_833.jpg,notumor,Training,1bfee6c951673b151e1ce122551a1ced,test
data/Training/notumor/Tr-no_1372.jpg,notumor,Training,2a4c2647710fba01c51118a4ee7dbefa,test
data/Training/notumor/Tr-no_628.jpg,notumor,Training,6a19cca735344750a3ae0039d438f50d,val
data/Training/notumor/Tr-no_904.jpg,notumor,Training,90fe1de5a8d425e70f21201ae75f56d0,train
data/Training/notumor/Tr-no_1383.jpg,notumor,Training,e8987ab719f704faf79a88816c763226,test
data/Training/notumor/Tr-no_303.jpg,notumor,Training,da1f6dc0235a585e6b719c3ad0977012,train
data/Training/notumor/Tr-no_516.jpg,notumor,Training,b9504d1f84629a48b2de81a52aa0468a,test
data/Training/notumor/Tr-no_759.jpg,notumor,Training,e569f721cc2aa764b0f04cb85793653d,train
data/Training/notumor/Tr-no_1110.jpg,notumor,Training,875f9c9ed0d302043b1d58355cb6ae59,train
data/Training/notumor/Tr-no_863.jpg,notumor,Training,46e6159f43133d0a4739a0f84fa10411,train
data/Training/notumor/Tr-no_892.jpg,notumor,Training,bc4404d7824a083e254adc8c58f70f80,train
data/Training/notumor/Tr-no_377.jpg,notumor,Training,74fe56272c80bfb58202b4f7afd6df72,test
data/Training/notumor/Tr-no_1202.jpg,notumor,Training,548e33ed869f17e827138225845df8e2,train
data/Training/notumor/Tr-no_360.jpg,notumor,Training,2f3fd272dbe51e1005cd30dae8aa13e1,train
data/Training/notumor/Tr-no_649.jpg,notumor,Training,06c3e21e888012e7845da47b26b742e8,train
data/Training/notumor/Tr-no_1306.jpg,notumor,Training,c935e37b5a06c84dab5f2c95ddb94d63,train
data/Training/notumor/Tr-no_435.jpg,notumor,Training,961071052eb301a3e0cd452df5cfa975,train
data/Training/notumor/Tr-no_118.jpg,notumor,Training,f791ff141691d51494e04b6131560210,train
data/Training/notumor/Tr-no_814.jpg,notumor,Training,d6cec9e5ebd13844f8dfb633dd9fbfca,train
data/Training/notumor/Tr-no_683.jpg,notumor,Training,5858cf40a10ec185becbe5f84c295ea0,train
data/Training/notumor/Tr-no_1179.jpg,notumor,Training,84482e0ddc1ea348e987987c7d9252dd,train
data/Training/notumor/Tr-no_423.jpg,notumor,Training,8039b6fdb903c359232053b858fca09f,train
data/Training/notumor/Tr-no_1344.jpg,notumor,Training,b22b7e9d2aed996018b249972c69b6cf,val
data/Training/notumor/Tr-no_671.jpg,notumor,Training,90e7859d08674c6c798c8bd96421d0ce,test
data/Training/notumor/Tr-no_885.jpg,notumor,Training,52884d35670fb1bf6423560e90abbfd7,val
data/Training/notumor/Tr-no_587.jpg,notumor,Training,70b25c8a31ccbabd27933c0e9771bf0a,train
data/Training/notumor/Tr-no_80.jpg,notumor,Training,007b04ebf987a8b78f7140f8807fd920,train
data/Training/notumor/Tr-no_234.jpg,notumor,Training,852be8c96eb9e8073eace575b5ced572,val
data/Training/notumor/Tr-no_1194.jpg,notumor,Training,8dc28bba49492130fcb66efc2bccabb8,val
data/Training/notumor/Tr-no_952.jpg,notumor,Training,909294f21b42fd503c2bdccac878690a,val
data/Training/notumor/Tr-no_1236.jpg,notumor,Training,9efd086982f718de0831a425316fd390,train
data/Training/notumor/Tr-no_1393.jpg,notumor,Training,05fe39a899414d2dab6cad25c301b32c,train
data/Training/notumor/Tr-no_287.jpg,notumor,Training,8dfd3d4fdfc9d27e0967aa2e41b9e159,train
data/Training/notumor/Tr-no_1191.jpg,notumor,Training,e39f8daee702d6e0fb4d5f527389f8d8,val
data/Training/notumor/Tr-no_288.jpg,notumor,Training,e42b3eea55b05907ab362e2789dc2afa,train
data/Training/notumor/Tr-no_489.jpg,notumor,Training,a83d2926ffcf0eeae9da3599bc3cf72c,val
data/Training/notumor/Tr-no_129.jpg,notumor,Training,25faac854458973ea07975165f80c035,test
data/Training/notumor/Tr-no_1056.jpg,notumor,Training,a6513fef0e52dd67af6e6026f1a66155,train
data/Training/notumor/Tr-no_293.jpg,notumor,Training,a83cb7f08470fe605a874d75e12aec8a,val
data/Training/notumor/Tr-no_413.jpg,notumor,Training,effcde21ef13908e6b3086a57f205d97,train
data/Training/notumor/Tr-no_150.jpg,notumor,Training,7cc3f40df3f7b00c6fa119ecfb93730f,test
data/Training/notumor/Tr-no_1150.jpg,notumor,Training,6124c8062de1213b0c506b62b8054252,val
data/Training/notumor/Tr-no_450.jpg,notumor,Training,25467ae5c16d6df6476c69ce91876d4a,train
data/Training/notumor/Tr-no_309.jpg,notumor,Training,2096c365f8ffbd0417a4f8930bee0865,test
data/Training/notumor/Tr-no_1330.jpg,notumor,Training,aa86a91e84f337895ac6c95378e5cc54,train
data/Training/notumor/Tr-no_1269.jpg,notumor,Training,ac3206f48a79bfeaba900827bf1511f8,train
data/Training/notumor/Tr-no_1384.jpg,notumor,Training,b6f4f9af130a95c045a0e66424e70835,train
data/Training/notumor/Tr-no_807.jpg,notumor,Training,e32eb1f0607fdfc71cc1f9d22487559b,val
data/Training/notumor/Tr-no_297.jpg,notumor,Training,eafa55390fa62761c0fbfab4a1d9ad77,test
data/Training/notumor/Tr-no_1198.jpg,notumor,Training,ec31b7121aa4197845d4eacdc8b395ed,train
data/Training/notumor/Tr-no_285.jpg,notumor,Training,866a5a608e661eb2bd5bbdff7add0abd,train
data/Training/notumor/Tr-no_568.jpg,notumor,Training,c8113ec26a31cfef43693d3a035a85fe,train
data/Training/notumor/Tr-no_390.jpg,notumor,Training,0a6b7d0d6665c38f4c94db5980bcf661,train
data/Training/notumor/Tr-no_774.jpg,notumor,Training,1383c8a62264194b6158718f2f60baec,train
data/Training/notumor/Tr-no_542.jpg,notumor,Training,5bed6815003d1c0d70d9d65f7eabca5a,train
data/Training/notumor/Tr-no_1368.jpg,notumor,Training,6618af80515329d862360e566ab8bc5c,train
data/Training/notumor/Tr-no_365.jpg,notumor,Training,bca402ba95baff7510626e5403a4971d,val
data/Training/notumor/Tr-no_1322.jpg,notumor,Training,12dc48729f321df8fd1a9eca33adef89,train
data/Training/notumor/Tr-no_1159.jpg,notumor,Training,94befc72844da08528c20269758f31fb,train
data/Training/notumor/Tr-no_992.jpg,notumor,Training,93bf6dcc43b49602afe49a0580d84d8f,train
data/Training/notumor/Tr-no_1069.jpg,notumor,Training,2527afce8a2471cb5797ad2c22b72050,train
data/Training/notumor/Tr-no_1160.jpg,notumor,Training,37fc92773f176bc7552b147b56889ebf,train
data/Training/notumor/Tr-no_1176.jpg,notumor,Training,51e9bbf60b4b3f97431deb694e03c88c,train
data/Training/notumor/Tr-no_547.jpg,notumor,Training,2fc07cb58872d90158afd40984b5e266,val
data/Training/notumor/Tr-no_948.jpg,notumor,Training,56ddeddcfd4db1a6a4532c84c80ca995,train
data/Training/notumor/Tr-no_907.jpg,notumor,Training,78b161bae77c8aa837c3cc5c8f3ac3a8,train
data/Training/notumor/Tr-no_469.jpg,notumor,Training,2a8d44e3bcaaa7429c99e8af2a6fd934,train
data/Training/notumor/Tr-no_257.jpg,notumor,Training,d714400d805bd76db205020e1e8793f1,test
data/Training/notumor/Tr-no_950.jpg,notumor,Training,45bd7de04f46ba4899075a5a0cde8c10,val
data/Training/notumor/Tr-no_1109.jpg,notumor,Training,4203b88f2ff81d366a5a4a77674314f6,train
data/Training/notumor/Tr-no_889.jpg,notumor,Training,7f4d91f6e5c91dc0501e9d9562042f58,train
data/Training/notumor/Tr-no_931.jpg,notumor,Training,e89ab6994c617c31786bfff5c406d0ab,train
data/Training/notumor/Tr-no_966.jpg,notumor,Training,48ed73de65aea9aeda658a000e61c365,train
data/Training/notumor/Tr-no_394.jpg,notumor,Training,2e43e8dcce5cf44bb08d62d179e2dce8,train
data/Training/notumor/Tr-no_1189.jpg,notumor,Training,e3e953f3693ab0dcc2c271a69efe808c,train
data/Training/notumor/Tr-no_982.jpg,notumor,Training,d7259adbaa6ae191dcb3cd7bb42af711,train
data/Training/notumor/Tr-no_448.jpg,notumor,Training,bdad00de17000453a6986b7064548f21,val
data/Training/notumor/Tr-no_714.jpg,notumor,Training,fd58ef09df5df296227e78b0ed4e5e09,train
data/Training/notumor/Tr-no_1219.jpg,notumor,Training,b4a241bb7743803e32b2a74348aa2d21,train
data/Training/notumor/Tr-no_1267.jpg,notumor,Training,1f23dacaac228811e45af94981be031c,test
data/Training/notumor/Tr-no_739.jpg,notumor,Training,7ca0caefb9289b291b15c5040e4455f2,val
data/Training/notumor/Tr-no_103.jpg,notumor,Training,87d57258b6f231dafe924da5115e96f6,train
data/Training/notumor/Tr-no_455.jpg,notumor,Training,2e793e328d071f0be0cd3a7445d15dc6,train
data/Training/notumor/Tr-no_987.jpg,notumor,Training,ccc80481e9d98685cee7a40116c9a12e,train
data/Training/notumor/Tr-no_528.jpg,notumor,Training,944205bba3c0eaa9f54382387ecc4455,train
data/Training/notumor/Tr-no_977.jpg,notumor,Training,26c0900bf911e5ed884762f141ab3fcc,train
data/Training/notumor/Tr-no_719.jpg,notumor,Training,855c4050a3a928dd2f2ee9f800cb8873,test
data/Training/notumor/Tr-no_276.jpg,notumor,Training,7bdba228cf4b25547961f9bdc56cee2a,test
data/Training/notumor/Tr-no_476.jpg,notumor,Training,95d2d82355b9b1d1273ba70b2780e463,train
data/Training/notumor/Tr-no_461.jpg,notumor,Training,43aedb61937169dbd32ac92455e5127d,train
data/Training/notumor/Tr-no_306.jpg,notumor,Training,c9f1ee736629f22ebd8126aa1202bbb8,train
data/Training/notumor/Tr-no_661.jpg,notumor,Training,95ca29ffc6b31852b41c19dac3ce46ad,train
data/Training/notumor/Tr-no_540.jpg,notumor,Training,b57daf6bdf4eba86d249368f83891067,train
data/Training/notumor/Tr-no_1178.jpg,notumor,Training,24e83deaaae9ab0f15565690e474f5fc,train
data/Training/notumor/Tr-no_1023.jpg,notumor,Training,5474914546a6267f70286341ef9c9052,train
data/Training/notumor/Tr-no_91.jpg,notumor,Training,b95587f22f42f1f85bf840692b8442fd,train
data/Training/notumor/Tr-no_655.jpg,notumor,Training,8f875f442ebed251fa3baedf7b4413e7,test
data/Training/notumor/Tr-no_393.jpg,notumor,Training,f64f067011c779dff68960c26256d8c8,train
data/Training/notumor/Tr-no_986.jpg,notumor,Training,e1b7951bd0c6f3096cf16559a794351e,test
data/Training/notumor/Tr-no_723.jpg,notumor,Training,562cc858458ff6ea53d8532747c389ed,train
data/Training/notumor/Tr-no_128.jpg,notumor,Training,5661d00b71c83e4629faec7c0af7efe0,val
data/Training/notumor/Tr-no_1120.jpg,notumor,Training,cbd8f1bbbac5c33f3b86b0c6f9534b6e,train
data/Training/notumor/Tr-no_1260.jpg,notumor,Training,8008175b84d21925bf7a6567aa6cc6f9,train
data/Training/notumor/Tr-no_895.jpg,notumor,Training,65dedc47c873f920cf7a742bd76f534c,train
data/Training/notumor/Tr-no_312.jpg,notumor,Training,73437eabee6b1ae4723b444c9271b2a5,val
data/Training/notumor/Tr-no_438.jpg,notumor,Training,b065deb819600afc9012cf180e23a0ce,train
data/Training/notumor/Tr-no_18.jpg,notumor,Training,251bc7b5440ceacba3d2dcfea87fb921,train
data/Training/notumor/Tr-no_1232.jpg,notumor,Training,c998853fe6004a6ffe594f85b47f3764,train
data/Training/notumor/Tr-no_1193.jpg,notumor,Training,4ec44d5100d6811d26f083973f715750,val
data/Training/notumor/Tr-no_783.jpg,notumor,Training,aa995991294e90b0a448dae20d5cf70f,test
data/Training/notumor/Tr-no_308.jpg,notumor,Training,24e83deaaae9ab0f15565690e474f5fc,train
data/Training/notumor/Tr-no_560.jpg,notumor,Training,2554145f8d571aa1fe78e7b4bf3b4196,train
data/Training/notumor/Tr-no_68.jpg,notumor,Training,1e2e3bd21c8c9d5a1543d2e12e926931,val
data/Training/notumor/Tr-no_724.jpg,notumor,Training,a5fa193e04bf0085cb4be9983d3292a2,train
data/Training/notumor/Tr-no_591.jpg,notumor,Training,3d6a646873b6adc93d8a4dbb68404da7,train
data/Training/notumor/Tr-no_805.jpg,notumor,Training,b19a1c74da3e0977cb2e05e6a4b6cc9f,test
data/Training/notumor/Tr-no_1067.jpg,notumor,Training,c921d7f6620c88b5c5414b33a6e39f28,train
data/Training/notumor/Tr-no_875.jpg,notumor,Training,4085530e6e7bbfd869721186d27c4cb2,train
data/Training/notumor/Tr-no_235.jpg,notumor,Training,86c4da692caccbe369acf7c886626083,train
data/Training/notumor/Tr-no_197.jpg,notumor,Training,2506c25a45d1377af6fbaf7d9d8c5c0a,test
data/Training/notumor/Tr-no_1245.jpg,notumor,Training,547162f38043fe5cf612896adbaa193e,train
data/Training/notumor/Tr-no_1324.jpg,notumor,Training,3fe86a57573d8df2a2d34846fa9288aa,train
data/Training/notumor/Tr-no_592.jpg,notumor,Training,c4f747d9f250191c247eb718137ebe8f,test
data/Training/notumor/Tr-no_165.jpg,notumor,Training,208670d4d74e93c59795a71a6e8edaf1,train
data/Training/notumor/Tr-no_1019.jpg,notumor,Training,671dacd9c81fc362caac27e8fb622e98,test
data/Training/notumor/Tr-no_639.jpg,notumor,Training,1b1e28388b7c7f2ad38d65480a08d6c1,train
data/Training/notumor/Tr-no_177.jpg,notumor,Training,1b02f208a93586ed1e4c017ed4103352,train
data/Training/notumor/Tr-no_1211.jpg,notumor,Training,8b68af150b7b772abdbfb177793a1764,val
data/Training/notumor/Tr-no_180.jpg,notumor,Training,7eb4824fa78d9e22f5131ef19990dfb0,test
data/Training/notumor/Tr-no_1078.jpg,notumor,Training,c2b3493019f00747b8a94f6306a24ec5,train
data/Training/notumor/Tr-no_405.jpg,notumor,Training,982f6ab1d04eb2b4970f9ff54542fb96,train
data/Training/notumor/Tr-no_219.jpg,notumor,Training,fe2231f523d6d1cabd4670f11b829773,test
data/Training/notumor/Tr-no_1397.jpg,notumor,Training,c6aa58f0d3713e5aec0cf8b373ba02e5,test
data/Training/notumor/Tr-no_1252.jpg,notumor,Training,ec114fdb89b903563288c7e5a25c8393,train
data/Training/notumor/Tr-no_597.jpg,notumor,Training,3863dcfcc5b7c4da5fe25b73e0548b6b,test
data/Training/notumor/Tr-no_760.jpg,notumor,Training,1b0b5e95c978a932741e084838811246,test
data/Training/notumor/Tr-no_813.jpg,notumor,Training,5562eae4e5ebc10b36e46caeb073fbc5,train
data/Training/notumor/Tr-no_88.jpg,notumor,Training,5071f00a95dd6db007706c8a327b4818,train
data/Training/notumor/Tr-no_801.jpg,notumor,Training,4a2c99db77fd882b24b65be41a5a1e18,train
data/Training/notumor/Tr-no_354.jpg,notumor,Training,3b6ef5512b42228d412c5247f9f53ff5,train
data/Training/notumor/Tr-no_1016.jpg,notumor,Training,60e765179ae22c1d69cb6c1233f17354,train
data/Training/notumor/Tr-no_1380.jpg,notumor,Training,4203b88f2ff81d366a5a4a77674314f6,train
data/Training/notumor/Tr-no_305.jpg,notumor,Training,48103b0bdb35c0ee3d45c8b302098f96,train
data/Training/notumor/Tr-no_625.jpg,notumor,Training,26344889747a45f401bb2ebae9e5b14a,train
data/Training/notumor/Tr-no_877.jpg,notumor,Training,259dd682b30ed56d4eaacb41831b41a3,train
data/Training/notumor/Tr-no_273.jpg,notumor,Training,eaed62da90b11d4efc075a06ac31932d,train
data/Training/notumor/Tr-no_593.jpg,notumor,Training,65156eae12296be47330549eb8593d81,train
data/Training/notumor/Tr-no_990.jpg,notumor,Training,e83c5b3fc278777d5a563a2c45f855b1,test
data/Training/notumor/Tr-no_561.jpg,notumor,Training,2ca61dc8f1f961d51beaddb46feb7385,train
data/Training/notumor/Tr-no_1124.jpg,notumor,Training,12411729e5e96ffecb768db392112ade,train
data/Training/notumor/Tr-no_1162.jpg,notumor,Training,6d3cd89ba4e6da860ad7c9e18e73db77,train
data/Training/notumor/Tr-no_1326.jpg,notumor,Training,9a96042ca9379abbdb7be132cb833221,val
data/Training/notumor/Tr-no_436.jpg,notumor,Training,505fa0f6548ddc2720ec422ea7b9ac36,train
data/Training/notumor/Tr-no_338.jpg,notumor,Training,6acb7d1d6943390cb744733d7fc53c76,train
data/Training/notumor/Tr-no_286.jpg,notumor,Training,8f28d62d4262b492f7838e8653bc6ee5,train
data/Training/notumor/Tr-no_994.jpg,notumor,Training,58ba604efb12ac059627587f90ab766c,train
data/Training/notumor/Tr-no_1359.jpg,notumor,Training,a5e7be98cf6606e82a21eb539b41d3fa,train
data/Training/notumor/Tr-no_451.jpg,notumor,Training,45d9d86e82aba98bf0ab19f33a5a8f5c,train
data/Training/notumor/Tr-no_512.jpg,notumor,Training,dcc7a1db2e726ca2291928126191a25b,train
data/Training/notumor/Tr-no_934.jpg,notumor,Training,09255c96f534ca40c3c7c9b006c08e77,test
data/Training/notumor/Tr-no_553.jpg,notumor,Training,2a864f406bd9ae6ac6558929a5b91aa6,test
data/Training/notumor/Tr-no_608.jpg,notumor,Training,957341c21149e99a0984b0bbea8aef84,train
data/Training/notumor/Tr-no_1386.jpg,notumor,Training,b592098cdbf51462723470716807c340,train
data/Training/notumor/Tr-no_583.jpg,notumor,Training,2bfc0c7c0f3743d87714609f54380bfc,train
data/Training/notumor/Tr-no_295.jpg,notumor,Training,73365480e18936285cece3d5392eaf56,train
data/Training/notumor/Tr-no_333.jpg,notumor,Training,df32b58f69b6919dcf36b7d8ee83be05,train
data/Training/notumor/Tr-no_556.jpg,notumor,Training,7e27bc1a0e26d83b144b58d979e87799,val
data/Training/notumor/Tr-no_1363.jpg,notumor,Training,0a9bed3130b077b3892bb79c159ffb43,train
data/Training/notumor/Tr-no_976.jpg,notumor,Training,74d43387fd5f5f08297417acd5558c5b,train
data/Training/notumor/Tr-no_1293.jpg,notumor,Training,da8398426642aed940e6301d2b8b8a40,train
data/Training/notumor/Tr-no_69.jpg,notumor,Training,ebd0a54a7b151a9578e4c27c595caffa,test
data/Training/notumor/Tr-no_421.jpg,notumor,Training,4a22015417b3ab93cd89679e4fa22129,train
data/Training/notumor/Tr-no_595.jpg,notumor,Training,8b4b5c62f084ff63f9a28175bec42b4b,test
data/Training/notumor/Tr-no_1394.jpg,notumor,Training,214c518a9af5f41f30aca88cb982b58a,train
data/Training/notumor/Tr-no_674.jpg,notumor,Training,78a16b2244a7587f8c1a587fae16947c,test
data/Training/notumor/Tr-no_245.jpg,notumor,Training,b2545b21f51c996ff97cf0b2d1664cb7,val
data/Training/notumor/Tr-no_715.jpg,notumor,Training,4864b5fdf97f12e2e4398f3bdd5251ab,train
data/Training/notumor/Tr-no_1277.jpg,notumor,Training,ffadd2c5a5b24fe3a0bad45d064b4191,test
data/Training/notumor/Tr-no_1174.jpg,notumor,Training,2da623f4c9306e18da48519a08cb4750,train
data/Training/notumor/Tr-no_61.jpg,notumor,Training,85eb1d4246b6f1a539a7c0aa8ff49126,train
data/Training/notumor/Tr-no_56.jpg,notumor,Training,f6a666f3aad6223c98e59c677b06310c,train
data/Training/notumor/Tr-no_85.jpg,notumor,Training,37bd24249462db354ca545d74fa77915,test
data/Training/notumor/Tr-no_380.jpg,notumor,Training,1f23dacaac228811e45af94981be031c,test
data/Training/notumor/Tr-no_1112.jpg,notumor,Training,95909ea3397eb47d78008693cd588bbc,train
data/Training/notumor/Tr-no_146.jpg,notumor,Training,9a2aae72768f93c9e0742b436bd05c5f,train
data/Training/notumor/Tr-no_251.jpg,notumor,Training,5f3f35febe40fd2cb6b373b78e92780c,train
data/Training/notumor/Tr-no_1239.jpg,notumor,Training,380fbddaed7b0320ffa00bf26047b467,train
data/Training/notumor/Tr-no_1374.jpg,notumor,Training,33545775c68d06694c0cd52a399584a7,train
data/Training/notumor/Tr-no_1320.jpg,notumor,Training,84482e0ddc1ea348e987987c7d9252dd,train
data/Training/notumor/Tr-no_317.jpg,notumor,Training,1a680a17439838d8eedb7fce39e35dea,test
data/Training/notumor/Tr-no_1116.jpg,notumor,Training,80d39b41bbf882e40950c35a81d9fba3,train
data/Training/notumor/Tr-no_781.jpg,notumor,Training,19e1c11270a5105459a8f52090262d4a,train
data/Training/notumor/Tr-no_1220.jpg,notumor,Training,58341d7b706551bec1c5dcdc0abd17ef,train
data/Training/notumor/Tr-no_588.jpg,notumor,Training,9fd7bb93bb0e52f47db21ccdc091a9fc,train
data/Training/notumor/Tr-no_187.jpg,notumor,Training,40b1f728d66012b0788d766ac550f5e5,test
data/Training/notumor/Tr-no_141.jpg,notumor,Training,98e2224bbb75b451e006d46b37848ebb,train
data/Training/notumor/Tr-no_363.jpg,notumor,Training,a2cddba09a5b7cc4a77d84c2db9f7899,test
data/Training/notumor/Tr-no_692.jpg,notumor,Training,7108f7b2a94c8401f13dae47f666b4e1,train
data/Training/notumor/Tr-no_1134.jpg,notumor,Training,1f6dfa12ce7c3c884d7e2a5a9b802e65,train
data/Training/notumor/Tr-no_883.jpg,notumor,Training,5912bfef2a2ed1fb107f964af3178c33,train
data/Training/notumor/Tr-no_231.jpg,notumor,Training,b4abf2bb615049dd7c8159232aab79d1,train
data/Training/notumor/Tr-no_548.jpg,notumor,Training,d6f042b148099668e23f1e596e74beb3,train
data/Training/notumor/Tr-no_1061.jpg,notumor,Training,1f6dfa12ce7c3c884d7e2a5a9b802e65,train
data/Training/notumor/Tr-no_757.jpg,notumor,Training,699243f170de5c773fdf0c684e9d4280,val
data/Training/notumor/Tr-no_113.jpg,notumor,Training,0c85d632696a6d165b301924d77c252f,train
data/Training/notumor/Tr-no_3.jpg,notumor,Training,5ed04e936c2ca5be7b78620bfe7be8d8,val
data/Training/notumor/Tr-no_726.jpg,notumor,Training,35aace8c33988d8886e0d8c3e3928201,train
data/Training/notumor/Tr-no_183.jpg,notumor,Training,457f07acb845989ee16157ff82fd6758,train
data/Training/notumor/Tr-no_778.jpg,notumor,Training,2979f0422f022037f032b69fda8cbcba,train
data/Training/notumor/Tr-no_844.jpg,notumor,Training,ada5790e0748c54695e1b607911550f7,train
data/Training/notumor/Tr-no_1400.jpg,notumor,Training,7c17b4d2dae9f464590fd5ede35aa935,train
data/Training/notumor/Tr-no_665.jpg,notumor,Training,175ff0141836821e49f636d49a556efa,val
data/Training/notumor/Tr-no_667.jpg,notumor,Training,ae60741046cd71c93ededc1e2a2dbc7a,train
data/Training/notumor/Tr-no_697.jpg,notumor,Training,798a2d0de0bfa2bd26bf35d3ed353798,val
data/Training/notumor/Tr-no_166.jpg,notumor,Training,42e06a1398060931e5f7490470f50954,train
data/Training/notumor/Tr-no_519.jpg,notumor,Training,cc712e0106aa07953906b25f2e7a5598,train
data/Training/notumor/Tr-no_721.jpg,notumor,Training,43a7b114cc14ecb127e3feb427e8a2dc,val
data/Training/notumor/Tr-no_1.jpg,notumor,Training,bc77b5699966f57f079ea9cc34aaa863,val
data/Training/notumor/Tr-no_802.jpg,notumor,Training,ff167b87ac25af331b17ae3017769c06,train
data/Training/notumor/Tr-no_408.jpg,notumor,Training,fc6ff0af19a89f3e2c2c4b1d7f5b9dc6,val
data/Training/notumor/Tr-no_947.jpg,notumor,Training,b87cc7dfddced616844b0c0808083223,train
data/Training/notumor/Tr-no_359.jpg,notumor,Training,c6137a2108587723850ee8ebd0d30789,train
data/Training/notumor/Tr-no_1329.jpg,notumor,Training,34aacab3637d174e33fe175c35f84cfe,train
data/Training/notumor/Tr-no_729.jpg,notumor,Training,0615be5bfa0e370a3be807e7d6288137,test
data/Training/notumor/Tr-no_629.jpg,notumor,Training,e10fabda7b0e48de7bd1e915a2cc8b37,train
data/Training/notumor/Tr-no_31.jpg,notumor,Training,ae6059e90daa310d82dccfcf62a603c3,train
data/Training/notumor/Tr-no_171.jpg,notumor,Training,7fc051b5ca96c1f324e74abad857a992,train
data/Training/notumor/Tr-no_307.jpg,notumor,Training,be2baf9b6e3702b044ea69563fdd0b52,val
data/Training/notumor/Tr-no_225.jpg,notumor,Training,da5fc0ba9cc27144719fdc27d3a3cc11,test
data/Training/notumor/Tr-no_99.jpg,notumor,Training,4df066ee679c4157479bd3d31cfdd330,train
data/Training/notumor/Tr-no_851.jpg,notumor,Training,f1926a7952a3e2245be16ed06c227b24,train
data/Training/notumor/Tr-no_217.jpg,notumor,Training,9fc3b080c7fe9c1d3927b877b975b5f1,train
data/Training/notumor/Tr-no_882.jpg,notumor,Training,4bd4119de88ed218a00e207b45ea84c3,test
data/Training/notumor/Tr-no_320.jpg,notumor,Training,2c78a41ae700682d357fb1bf937fd2fa,train
data/Training/notumor/Tr-no_122.jpg,notumor,Training,5b9d417518e09778f0de811524ee1951,train
data/Training/notumor/Tr-no_153.jpg,notumor,Training,ac721778aa23419cfae74c8fabd34ac7,train
data/Training/notumor/Tr-no_475.jpg,notumor,Training,72622502c4407a4cbdc8141151f0e585,train
data/Training/notumor/Tr-no_944.jpg,notumor,Training,7537345258bc563506d86b10ab58079e,train
data/Training/notumor/Tr-no_497.jpg,notumor,Training,a3b2244c30bd3fb962294268c254b5d7,train
data/Training/notumor/Tr-no_1030.jpg,notumor,Training,15f6225571bbb8e004ee127785a8753b,train
data/Training/notumor/Tr-no_1132.jpg,notumor,Training,1ad1802ab8de67cc69652d1dabfe0a32,val
data/Training/notumor/Tr-no_466.jpg,notumor,Training,0b09ccc298ce3572289f626d37dab613,train
data/Training/notumor/Tr-no_1354.jpg,notumor,Training,161079c84cf9c4d249f1550b210ad227,train
data/Training/notumor/Tr-no_996.jpg,notumor,Training,dc4cc3ca9d08bf32daa26ceb9d4f19bc,train
data/Training/notumor/Tr-no_754.jpg,notumor,Training,7b23e870aeb9761f8b864bec65e5c9c1,train
data/Training/notumor/Tr-no_1028.jpg,notumor,Training,e1f9fd3492acda143414386ec0ab4f83,val
data/Training/notumor/Tr-no_917.jpg,notumor,Training,264142903905fa2a9aec28feaaee730d,train
data/Training/notumor/Tr-no_1095.jpg,notumor,Training,ebd0a54a7b151a9578e4c27c595caffa,test
data/Training/notumor/Tr-no_1317.jpg,notumor,Training,df7e8a0bf66346074cdfd208dca5b0fd,train
data/Training/notumor/Tr-no_398.jpg,notumor,Training,ed3028f03f117994d0a136ef9956633b,train
data/Training/notumor/Tr-no_985.jpg,notumor,Training,826a11ea67b9ff6782afc3b610256590,test
data/Training/notumor/Tr-no_603.jpg,notumor,Training,c1e60cb0b6355d0c11173e3075abffa2,train
data/Training/notumor/Tr-no_559.jpg,notumor,Training,79ee916b7b7037c4e54832658aa2848a,train
data/Training/notumor/Tr-no_1301.jpg,notumor,Training,d2bf9b4b26f582755c413f49713aa096,train
data/Training/notumor/Tr-no_1205.jpg,notumor,Training,eabe8f8848daf6e6c0a0ae6f5b60129c,train
data/Training/notumor/Tr-no_1199.jpg,notumor,Training,e41d9b9bbd455ece99aec6dcba692f68,train
data/Training/notumor/Tr-no_586.jpg,notumor,Training,f5f9d605da23cf95d1c1cb780df8530e,test
data/Training/notumor/Tr-no_749.jpg,notumor,Training,e89ab6994c617c31786bfff5c406d0ab,train
data/Training/notumor/Tr-no_161.jpg,notumor,Training,3ae407bc3bbec019934caa81d8378af6,train
data/Training/notumor/Tr-no_175.jpg,notumor,Training,ddb6cdd61f707b6230456bf7485648ca,train
data/Training/notumor/Tr-no_525.jpg,notumor,Training,fdd97467cf80bd5546b940765620ea96,val
data/Training/notumor/Tr-no_799.jpg,notumor,Training,ccffd5b014d043687ba5d980285bda36,train
data/Training/notumor/Tr-no_60.jpg,notumor,Training,a83cb7f08470fe605a874d75e12aec8a,val
data/Training/notumor/Tr-no_1396.jpg,notumor,Training,a09a3ac86b9f48b057a9e9da476b1fb8,val
data/Training/notumor/Tr-no_325.jpg,notumor,Training,5cba73d939059697c0183cf830f339bd,train
data/Training/notumor/Tr-no_479.jpg,notumor,Training,98aa204f96b3936895e05f7caaf193a6,train
data/Training/notumor/Tr-no_54.jpg,notumor,Training,60b3ea70a421c1ee180f5e0bd3eba33e,train
data/Training/notumor/Tr-no_124.jpg,notumor,Training,5a4d851748a37166340f438a6c29c54f,train
data/Training/notumor/Tr-no_1346.jpg,notumor,Training,7f4d91f6e5c91dc0501e9d9562042f58,train
data/Training/notumor/Tr-no_520.jpg,notumor,Training,db91bc187f17cccca2c4611a600dd5e7,train
data/Training/notumor/Tr-no_909.jpg,notumor,Training,c62d7e923b468f119e2eb1ec5034a0c2,train
data/Training/notumor/Tr-no_949.jpg,notumor,Training,b60303945bad1da6e6a4d0626020b114,train
data/Training/notumor/Tr-no_1149.jpg,notumor,Training,87adf2a726fbcefd279bed03d11544ff,train
data/Training/notumor/Tr-no_669.jpg,notumor,Training,f3b36303c587cbac84305c20f8d01e2d,val
data/Training/notumor/Tr-no_1262.jpg,notumor,Training,444ce4aedba2baedda8538b6ca2223a6,val
data/Training/notumor/Tr-no_1360.jpg,notumor,Training,1829d716613d6d3022da2f82368071ae,train
data/Training/notumor/Tr-no_1163.jpg,notumor,Training,b54c67b82cb0a10a167e57fdfaa0fd56,test
data/Training/notumor/Tr-no_353.jpg,notumor,Training,8a033c7b69de5efa5270f2307eea4a06,train
data/Training/notumor/Tr-no_424.jpg,notumor,Training,700d8f4b3372056e74eeeeca8320202e,train
data/Training/notumor/Tr-no_1244.jpg,notumor,Training,19e1c11270a5105459a8f52090262d4a,train
data/Training/notumor/Tr-no_92.jpg,notumor,Training,40881ffd0417f7d60164cbec5265be37,train
data/Training/notumor/Tr-no_572.jpg,notumor,Training,b4e35c8ff7a8c169d3f6010bd0720935,train
data/Training/notumor/Tr-no_357.jpg,notumor,Training,dd4ce80b4b99672d79d1a23f4f52ab02,train
data/Training/notumor/Tr-no_462.jpg,notumor,Training,e7b4c1b1e5960e4aca362afb5f48d833,train
data/Training/notumor/Tr-no_893.jpg,notumor,Training,51a3b1ef6f530b5fdaef6bb01ca5ad3d,train
data/Training/notumor/Tr-no_1342.jpg,notumor,Training,d3a84740886274142b7e238219f08978,val
data/Training/notumor/Tr-no_867.jpg,notumor,Training,4cc9cfa7d7d184c4dc2b812b56d5e804,train
data/Training/notumor/Tr-no_28.jpg,notumor,Training,6540b075d2203949621fb7e5319e51d3,train
data/Training/notumor/Tr-no_915.jpg,notumor,Training,de88a59391de1bbee66c47250ffce401,train
data/Training/notumor/Tr-no_1029.jpg,notumor,Training,4b20559cca18496a859b5448a0074c78,train
data/Training/notumor/Tr-no_1083.jpg,notumor,Training,9fc3b080c7fe9c1d3927b877b975b5f1,train
data/Training/notumor/Tr-no_567.jpg,notumor,Training,3dadcfad9fe25243398f226539313669,train
data/Training/notumor/Tr-no_534.jpg,notumor,Training,ff0139122892f719f48b23fb732bed05,train
data/Training/notumor/Tr-no_1060.jpg,notumor,Training,076d89056521b295a8a28f79b31b58c3,val
data/Training/notumor/Tr-no_62.jpg,notumor,Training,25faac854458973ea07975165f80c035,test
data/Training/notumor/Tr-no_507.jpg,notumor,Training,39933c76efec810229d42009c47398d3,train
data/Training/notumor/Tr-no_912.jpg,notumor,Training,d7d9c66e4d2c772d6900dcc443c840f0,train
data/Training/notumor/Tr-no_272.jpg,notumor,Training,907881bec98d901fc8f380b625dc19c1,train
data/Training/notumor/Tr-no_840.jpg,notumor,Training,33545775c68d06694c0cd52a399584a7,train
data/Training/notumor/Tr-no_212.jpg,notumor,Training,6057c2a9206f7718dee75c73b1fa87ac,train
data/Training/notumor/Tr-no_999.jpg,notumor,Training,91bb85714d6a2a14f500b96ac52f7a76,train
data/Training/notumor/Tr-no_632.jpg,notumor,Training,c07735308845e8cd9bccb2faf612d456,train
data/Training/notumor/Tr-no_1184.jpg,notumor,Training,a5d4ae0d7be2c432928fd293679cf447,train
data/Training/notumor/Tr-no_1050.jpg,notumor,Training,0b640fa45a5e2c91ae1d2953c39bba2d,train
data/Training/notumor/Tr-no_903.jpg,notumor,Training,0913eff5b6cf1744b4ba55c8d10221c8,train
data/Training/notumor/Tr-no_447.jpg,notumor,Training,b6ce0a54d799d61f77617809c5e78ef2,test
data/Training/notumor/Tr-no_481.jpg,notumor,Training,8ae9f5d827f2145cbdadfcbb8d42ab55,train
data/Training/notumor/Tr-no_846.jpg,notumor,Training,bfa696d934f47cee4a0873f972a35c21,val
data/Training/notumor/Tr-no_659.jpg,notumor,Training,34fa0ee7e555165118e7e160ec78ac44,train
data/Training/notumor/Tr-no_82.jpg,notumor,Training,9964811e6799f0a80627e6df1c1b77f7,train
data/Training/notumor/Tr-no_119.jpg,notumor,Training,0ed774a3acf7075791e34f02712fde9d,train
data/Training/notumor/Tr-no_500.jpg,notumor,Training,2111debea64350099cb45d90c9954294,train
data/Training/notumor/Tr-no_1093.jpg,notumor,Training,326501e20ce36c570bbf501aebee45e8,test
data/Training/notumor/Tr-no_1130.jpg,notumor,Training,36154c58ac0feb984c5b317863e32000,train
data/Training/notumor/Tr-no_1182.jpg,notumor,Training,e20830b147f07e1cfcf55d993ed29daf,train
data/Training/notumor/Tr-no_786.jpg,notumor,Training,e7e6c4c4d3f3a59be6cac0eca3a8301c,train
data/Training/notumor/Tr-no_63.jpg,notumor,Training,8039b6fdb903c359232053b858fca09f,train
data/Training/notumor/Tr-no_735.jpg,notumor,Training,931c5d28f03fa83a1c120b6546c38c90,val
data/Training/notumor/Tr-no_337.jpg,notumor,Training,415d373d5e0852af267751a0c1983836,train
data/Training/notumor/Tr-no_686.jpg,notumor,Training,536683a3268a40e970d63d2a83f58c6e,train
data/Training/notumor/Tr-no_164.jpg,notumor,Training,01175eea16b937c4aa669bb4dd7cd644,train
data/Training/notumor/Tr-no_906.jpg,notumor,Training,2c7025438fab31a227acfa917e126d33,train
data/Training/notumor/Tr-no_773.jpg,notumor,Training,3a85a9ad5cfffa52f7077dd285c0aa15,train
data/Training/notumor/Tr-no_38.jpg,notumor,Training,16070d6308e588331f6706db73380438,train
data/Training/notumor/Tr-no_1037.jpg,notumor,Training,698bb7e1c7ce013dcf9a4892ef4e5f00,train
data/Training/notumor/Tr-no_861.jpg,notumor,Training,47eaeaf40e9f46bb84887d028f02a76e,val
data/Training/notumor/Tr-no_1377.jpg,notumor,Training,291c63c1a39ff4e4f8991d3cbd0584e8,train
data/Training/notumor/Tr-no_1266.jpg,notumor,Training,9c3b9a6d3a731fd2c9e717d6fb9a9a31,train
data/Training/notumor/Tr-no_208.jpg,notumor,Training,5bb24e6f73d52c50e2105667ad704db8,train
data/Training/notumor/Tr-no_922.jpg,notumor,Training,06fe0b5fa1c8d02443d92335a11ba5da,train
data/Training/notumor/Tr-no_1161.jpg,notumor,Training,4ce3c1731d67f83128c4c2a26a62e640,test
data/Training/notumor/Tr-no_971.jpg,notumor,Training,aa2e54e1a7bc26ef78313a93c29bb7b3,train
data/Training/notumor/Tr-no_984.jpg,notumor,Training,128812089cedb7820eb2d30e55eb8cae,train
data/Training/notumor/Tr-no_414.jpg,notumor,Training,10d71c4adf53f3d0790f00092cd7b099,train
data/Training/notumor/Tr-no_109.jpg,notumor,Training,d9c32d64bae1e0350522351c6a7cea0b,test
data/Training/notumor/Tr-no_854.jpg,notumor,Training,1829d716613d6d3022da2f82368071ae,train
data/Training/notumor/Tr-no_666.jpg,notumor,Training,fed0573128c8de227d47c0a84bdfe5ef,train
data/Training/notumor/Tr-no_599.jpg,notumor,Training,49b0a60ec1b42b4571c2c6bec2ba44c2,train
data/Training/notumor/Tr-no_761.jpg,notumor,Training,44ca851835d395a19c7ff216a5b31eef,train
data/Training/notumor/Tr-no_1321.jpg,notumor,Training,f8e2eaf5e8f55676bda561816b900644,test
data/Training/notumor/Tr-no_8.jpg,notumor,Training,342b29d63e0103afbe3fab52b8536af2,train
data/Training/notumor/Tr-no_1072.jpg,notumor,Training,98eecc08bffd93c9c7239a083be67bd4,train
data/Training/notumor/Tr-no_30.jpg,notumor,Training,9b45493bb19ef42b7c01ba2a8249c6ce,train
data/Training/notumor/Tr-no_1022.jpg,notumor,Training,12a76d8a85ca07431a6097716fa58272,train
data/Training/notumor/Tr-no_1392.jpg,notumor,Training,19e1c11270a5105459a8f52090262d4a,train
data/Training/notumor/Tr-no_78.jpg,notumor,Training,aef85a4ec8d5b7dd3d08aa977e88fd8d,train
data/Training/notumor/Tr-no_858.jpg,notumor,Training,946c9dddb897667df23486492cf97b62,test
data/Training/notumor/Tr-no_226.jpg,notumor,Training,26133a79a4a7cec78f32cc30438a8bc6,train
data/Training/notumor/Tr-no_1200.jpg,notumor,Training,56d8cf7a35c0e1ce58bf9d77817c03d3,test
data/Training/notumor/Tr-no_210.jpg,notumor,Training,2b91f94d49e0d8b4a16de50fc205e58f,val
data/Training/notumor/Tr-no_1000.jpg,notumor,Training,71d0f7ccc4fdf4cffccebc64b18c3c9d,val
data/Training/notumor/Tr-no_348.jpg,notumor,Training,c447fd25166699ce8984ddf18b0f55a2,train
data/Training/notumor/Tr-no_440.jpg,notumor,Training,23a633423d0b81faac5b5fe79c2094bc,val
data/Training/notumor/Tr-no_346.jpg,notumor,Training,99a9b7e8335e6d7d333a645f024038e1,train
data/Training/notumor/Tr-no_84.jpg,notumor,Training,59892fbac61d95524521fe36bfad593b,train
data/Training/notumor/Tr-no_791.jpg,notumor,Training,c9248433974e6cd8f6a9203e8a9d080e,train
data/Training/notumor/Tr-no_1238.jpg,notumor,Training,80ee434060adb68e7b4cfcaf2b089dd0,test
data/Training/notumor/Tr-no_1090.jpg,notumor,Training,f1cc5a6fdc6aa18c1f2cf8b7ac16b907,val
data/Training/notumor/Tr-no_418.jpg,notumor,Training,dc7d6146f1e3bdfe054df9e0047b6716,train
data/Training/notumor/Tr-no_913.jpg,notumor,Training,d4d96660bb95b2a1ee554c4ee714ac60,train
data/Training/notumor/Tr-no_733.jpg,notumor,Training,22013ea52d45260a13282826ebd063e6,train
data/Training/notumor/Tr-no_1221.jpg,notumor,Training,43ce4328e82a1749faa31391795b49eb,train
data/Training/notumor/Tr-no_104.jpg,notumor,Training,301742a5f7953131bf0cd48449bfd3a4,train
data/Training/notumor/Tr-no_1065.jpg,notumor,Training,e97938b59008eb5d836975b7948ed67b,train
data/Training/notumor/Tr-no_93.jpg,notumor,Training,b59c196cbb359e515d0a6abe39ed2256,test
data/Training/notumor/Tr-no_551.jpg,notumor,Training,75e36bb4b78541fa7070b5dbc17a3acd,val
data/Training/notumor/Tr-no_637.jpg,notumor,Training,75050e767b663bbbed4c35ac7cefc71e,test
data/Training/notumor/Tr-no_1371.jpg,notumor,Training,ad4aa8c9caaf095ebe33a671029eabc5,test
data/Training/notumor/Tr-no_1165.jpg,notumor,Training,831386a88deb9db577969069bc630a4e,val
data/Training/notumor/Tr-no_929.jpg,notumor,Training,13eb4bf5389ec13e29c6372e3d22e532,train
data/Training/notumor/Tr-no_254.jpg,notumor,Training,e13a3500e495f36a3ac1a47590180d73,train
data/Training/notumor/Tr-no_654.jpg,notumor,Training,8861985bfd287898a5cdf763c7f77c2e,train
data/Training/notumor/Tr-no_1223.jpg,notumor,Training,4e8598aa6cd14305f24704f432a12d66,train
data/Training/notumor/Tr-no_188.jpg,notumor,Training,62f2a2935995581ff512bb7d7e226094,train
data/Training/notumor/Tr-no_850.jpg,notumor,Training,22a175f24590fcc6c1a080ec64346fce,train
data/Training/notumor/Tr-no_330.jpg,notumor,Training,78c6f2102e0ba73c47a344d2880b4071,train
data/Training/notumor/Tr-no_1214.jpg,notumor,Training,fd432879a153929aa8c5947e2c24a5a4,val
data/Training/notumor/Tr-no_573.jpg,notumor,Training,701f3d2c3c2d028e24885363196826b9,train
data/Training/notumor/Tr-no_853.jpg,notumor,Training,ddbb2673e9183e21dab3be3e56c37319,train
data/Training/notumor/Tr-no_997.jpg,notumor,Training,20efc7beb6a4f33cbcee65e5333f4120,val
data/Training/notumor/Tr-no_1209.jpg,notumor,Training,7fcb0db855729227a4bed590bba399c7,train
data/Training/notumor/Tr-no_606.jpg,notumor,Training,47de6b02c55fb97b1d294a9193cbf5cc,val
data/Training/notumor/Tr-no_878.jpg,notumor,Training,c3d50f75f5b338312642eb0164d0b071,val
data/Training/notumor/Tr-no_537.jpg,notumor,Training,6adda2f647be1a756acbd7495482b1d8,train
data/Training/notumor/Tr-no_1196.jpg,notumor,Training,8796449b446cf5cc15951033baa85c44,val
data/Training/notumor/Tr-no_206.jpg,notumor,Training,2e5f18f51e1f5a903db1f0d87d935dc0,train
data/Training/notumor/Tr-no_1025.jpg,notumor,Training,b69911cbf8a9ff126740fa9e4b07da7b,train
data/Training/notumor/Tr-no_46.jpg,notumor,Training,3ab7f4b4e96274e88a84e1984db4da44,train
data/Training/notumor/Tr-no_1079.jpg,notumor,Training,25faac854458973ea07975165f80c035,test
data/Training/notumor/Tr-no_355.jpg,notumor,Training,f6a9eaf4aa3433477850ac6883e7f961,val
data/Training/notumor/Tr-no_487.jpg,notumor,Training,f1277f9ee45d44187523901cc1008eed,train
data/Training/notumor/Tr-no_1361.jpg,notumor,Training,511b723a1596eb407ad326044a92c564,train
data/Training/notumor/Tr-no_963.jpg,notumor,Training,570dac1fc1d035ab025b3132a5b653ae,train
data/Training/notumor/Tr-no_563.jpg,notumor,Training,0f300475b4cf6799922173042b8d1d42,train
data/Training/notumor/Tr-no_1013.jpg,notumor,Training,fd37cc0d1c694adab8be908736c09e9f,train
data/Training/notumor/Tr-no_991.jpg,notumor,Training,8325127b2ee53660c214f4b90bc62aa6,train
data/Training/notumor/Tr-no_1369.jpg,notumor,Training,1a1cb34373c18fa9c5f27f20be171bb7,train
data/Training/notumor/Tr-no_311.jpg,notumor,Training,ae7c8111179cb144c6ab362b77ac7d65,train
data/Training/notumor/Tr-no_1226.jpg,notumor,Training,a6363255a28af9ed45dbf44346c61981,train
data/Training/notumor/Tr-no_707.jpg,notumor,Training,090141b013141e9119f576d2950374fb,train
data/Training/notumor/Tr-no_1011.jpg,notumor,Training,308325bd0f07bf1798a46cb6ba1e9f6f,train
data/Training/notumor/Tr-no_620.jpg,notumor,Training,2cf46008c8f9ed85b861884df24599bc,train
data/Training/notumor/Tr-no_920.jpg,notumor,Training,564d3b81b447a6a62883e7a8bc5476cf,train
data/Training/notumor/Tr-no_384.jpg,notumor,Training,b060608b6043e8027e12842df753c31a,train
data/Training/notumor/Tr-no_582.jpg,notumor,Training,4a22015417b3ab93cd89679e4fa22129,train
data/Training/notumor/Tr-no_1229.jpg,notumor,Training,762e6653583419f9ec90f515644dc540,train
data/Training/notumor/Tr-no_1307.jpg,notumor,Training,8119d65eeb853979f88ace9e90e2b65e,train
data/Training/notumor/Tr-no_454.jpg,notumor,Training,1e98f507c83df39e1aefd1e4c2724d7d,train
data/Training/notumor/Tr-no_1210.jpg,notumor,Training,8e843db6827579ba56a39ea0ff73eff4,train
data/Training/notumor/Tr-no_238.jpg,notumor,Training,76fbde3a6fbb84079cf4a85cf9734be9,test
data/Training/notumor/Tr-no_818.jpg,notumor,Training,2ed1535356acb172ebf1f6212728814d,test
data/Training/notumor/Tr-no_140.jpg,notumor,Training,fea54c293773eda95eec8d1007385e01,val
data/Training/notumor/Tr-no_1077.jpg,notumor,Training,7c17b4d2dae9f464590fd5ede35aa935,train
data/Training/notumor/Tr-no_1183.jpg,notumor,Training,d9c32d64bae1e0350522351c6a7cea0b,test
data/Training/notumor/Tr-no_1227.jpg,notumor,Training,bb3d6e178a9faa2fe259c63ac3293d9f,test
data/Training/notumor/Tr-no_1053.jpg,notumor,Training,9951c8e998cb2da2f8d5045e8fd6c804,train
data/Training/notumor/Tr-no_1034.jpg,notumor,Training,6312414a24f3cd0e77b435028a2817db,val
data/Training/notumor/Tr-no_142.jpg,notumor,Training,5fddcb4dc6606fc7eecf83fb2db424d8,train
data/Training/notumor/Tr-no_687.jpg,notumor,Training,936afed842f0ecf567dab9093cee4fad,train
data/Training/notumor/Tr-no_657.jpg,notumor,Training,3c8dc26cb4e0571e504ddea91409c163,val
data/Training/notumor/Tr-no_361.jpg,notumor,Training,5eceadf1ea6f5a1062a254fbbe12e7bf,train
data/Training/notumor/Tr-no_1009.jpg,notumor,Training,e7287eae6840df66779bfc58c1271001,train
data/Training/notumor/Tr-no_866.jpg,notumor,Training,2e793e328d071f0be0cd3a7445d15dc6,train
data/Training/notumor/Tr-no_1114.jpg,notumor,Training,4bf668d9e3b2c20478b0a926f40348ab,train
data/Training/notumor/Tr-no_133.jpg,notumor,Training,547162f38043fe5cf612896adbaa193e,train
data/Training/notumor/Tr-no_395.jpg,notumor,Training,65aaa27c5b9f655ef9efcdf75519339a,test
data/Training/notumor/Tr-no_386.jpg,notumor,Training,636cc44226b6c31723e02ef144d9e6d2,val
data/Training/notumor/Tr-no_313.jpg,notumor,Training,7578eda8ae3e386ccc54440be4e3432f,train
data/Training/notumor/Tr-no_1141.jpg,notumor,Training,3402f0cddd4da79145fbe456739ef911,test
data/Training/notumor/Tr-no_1092.jpg,notumor,Training,e7ebaf95fdd260034ff7a56e00f4b916,test
data/Training/notumor/Tr-no_800.jpg,notumor,Training,b7062f895ddefa9a1ded708ab3013f70,train
data/Training/notumor/Tr-no_399.jpg,notumor,Training,d82fae270c9f77fb5f8b21fa3eb9965b,train
data/Training/notumor/Tr-no_101.jpg,notumor,Training,3438975680225d41d7bdfda8f6ab04fb,val
data/Training/notumor/Tr-no_1045.jpg,notumor,Training,30cf3a10df036da81f790e0819ae2eae,train
data/Training/notumor/Tr-no_1270.jpg,notumor,Training,bda4b3bcdef416e15da238f25cc39084,test
data/Training/notumor/Tr-no_709.jpg,notumor,Training,2ca71290ea22b0cba13f831083c5f818,train
data/Training/notumor/Tr-no_1049.jpg,notumor,Training,72ecee38db584fe80cbdbb0b79841393,test
data/Training/notumor/Tr-no_247.jpg,notumor,Training,55059c3698134cd82579dcff019f52e4,train
data/Training/notumor/Tr-no_474.jpg,notumor,Training,daa02cee711bec666750b39f25495511,train
data/Training/notumor/Tr-no_1040.jpg,notumor,Training,e69fcb3429d8ba6db1fa18071a401aa1,val
data/Training/notumor/Tr-no_680.jpg,notumor,Training,5d77551a1ce22a63b2f6c6d67fb2c21c,train
data/Training/notumor/Tr-no_539.jpg,notumor,Training,87e3305713604aecf1a86891fc8929cd,train
data/Training/notumor/Tr-no_864.jpg,notumor,Training,6b3c032ec42efd24bdeb87534f6ce0bd,train
data/Training/notumor/Tr-no_919.jpg,notumor,Training,1b4b38b48c59b8b5fec6724ef2f58f6c,train
data/Training/notumor/Tr-no_955.jpg,notumor,Training,f11fea5655ad9a8a49edc1584f003cc3,train
data/Training/notumor/Tr-no_1367.jpg,notumor,Training,4c44f9cda91cb62c6dd49df78e1c25cb,val
data/Training/notumor/Tr-no_752.jpg,notumor,Training,cb1985b9ecaeb7943a39f8f2e95f65bd,train
data/Training/notumor/Tr-no_675.jpg,notumor,Training,a8d9e4218e221a222d371a3edbe9fb7c,train
data/Training/notumor/Tr-no_641.jpg,notumor,Training,2e12aa02d5e14f048e74ecc80ad43bc1,val
data/Training/notumor/Tr-no_1206.jpg,notumor,Training,8b16b1ab41ae4a919a2ce7236617a8f3,test
data/Training/notumor/Tr-no_828.jpg,notumor,Training,4e147258864dec0242e85a0fb3b6af85,train
data/Training/notumor/Tr-no_693.jpg,notumor,Training,f4b4f54022e5d07d1cfecf6868492299,test
data/Training/notumor/Tr-no_970.jpg,notumor,Training,51a5e95616d54cea8a38a54e0dbbb73b,val
data/Training/notumor/Tr-no_55.jpg,notumor,Training,ff14362d5185c9218ad29278b9a6b29f,train
data/Training/notumor/Tr-no_1332.jpg,notumor,Training,233fa4bdd12bee816dd81d728c69df39,train
data/Training/notumor/Tr-no_1242.jpg,notumor,Training,16ae0ed310da7fb1c9bfdb648544815e,val
data/Training/notumor/Tr-no_636.jpg,notumor,Training,aefc8e18544fc436f74fb90128910a57,val
data/Training/notumor/Tr-no_699.jpg,notumor,Training,1b2d322078b0e4fe2357333142491edd,train
data/Training/notumor/Tr-no_647.jpg,notumor,Training,b6fdc0b220ee7f7ab9ff89d89cc631b4,train
data/Training/notumor/Tr-no_930.jpg,notumor,Training,b3985de17782311036e2c40e43eba428,train
data/Training/notumor/Tr-no_1316.jpg,notumor,Training,72622502c4407a4cbdc8141151f0e585,train
data/Training/notumor/Tr-no_1047.jpg,notumor,Training,8227756c4005ae1a3bc708d35b98f491,train
data/Training/notumor/Tr-no_730.jpg,notumor,Training,c00ff450511705c42d3a8273cc785de0,train
data/Training/notumor/Tr-no_1273.jpg,notumor,Training,ad68853a02f87def3ab7346f0b3b109f,test
data/Training/notumor/Tr-no_926.jpg,notumor,Training,80a93ae436cc69677f657a9f0fc1376d,train
data/Training/notumor/Tr-no_594.jpg,notumor,Training,a50b5fb2a4c2fd2a9b4df80a688f4beb,train
data/Training/notumor/Tr-no_332.jpg,notumor,Training,d6172ae0a9ae2b58a3c67ad4812be2a1,test
data/Training/notumor/Tr-no_704.jpg,notumor,Training,40d1df478b1d1e7085bca996f80850da,train
data/Training/notumor/Tr-no_1379.jpg,notumor,Training,3c6fa0ae2ede310bc6dc2dd7a6fbbaa3,train
data/Training/notumor/Tr-no_1151.jpg,notumor,Training,967cd8cd5fe34396e690fbc4505b4c1f,train
data/Training/notumor/Tr-no_385.jpg,notumor,Training,e2dab3ca83d71a3cb0b32fc8434b545a,test
data/Training/notumor/Tr-no_1074.jpg,notumor,Training,81eeb70c439da10402e8ccdddbbec886,train
data/Training/notumor/Tr-no_1197.jpg,notumor,Training,33b2d802fee882d771f27d16823bbf4c,train
data/Training/notumor/Tr-no_803.jpg,notumor,Training,1b14139e419799044ee696be63dd40fd,train
data/Training/notumor/Tr-no_372.jpg,notumor,Training,36ee4d2806a56198f5d331bc63b5e9c1,test
data/Training/notumor/Tr-no_1139.jpg,notumor,Training,b3f76488f96669eb102600a9dd571bc6,train
data/Training/notumor/Tr-no_549.jpg,notumor,Training,782f4d0d6b1017a18609b0732070a518,train
data/Training/notumor/Tr-no_1082.jpg,notumor,Training,54ca08fdf8994d2f212cf9d47346d419,train
data/Training/notumor/Tr-no_879.jpg,notumor,Training,5a1aba37d7122d6aaaf131fa6cd52797,test
data/Training/notumor/Tr-no_577.jpg,notumor,Training,d52e77fd0e12cfd96d437f00bce28eef,test
data/Training/notumor/Tr-no_612.jpg,notumor,Training,a0cf78c17b7d5af66b1248afdb69a1cd,train
data/Training/notumor/Tr-no_506.jpg,notumor,Training,854e55da7ca2dbd62216ee61e2052f95,train
data/Training/notumor/Tr-no_1289.jpg,notumor,Training,75378ac81f02855ccf2b17a8492f3941,train
data/Training/notumor/Tr-no_956.jpg,notumor,Training,13c68561c7daa3e674ad8634fe48db0b,val
data/Training/notumor/Tr-no_648.jpg,notumor,Training,21e97c9a3c476333e5cb7cd6365f5bba,train
data/Training/notumor/Tr-no_562.jpg,notumor,Training,879cb1806c88af383eb66731e8559585,val
data/Training/notumor/Tr-no_468.jpg,notumor,Training,c0da0bddec6a537a77c399a35ba71b31,train
data/Training/notumor/Tr-no_1119.jpg,notumor,Training,7e7e313b8b51eaa9c97cd20dd201d96b,train
data/Training/notumor/Tr-no_159.jpg,notumor,Training,793e29fa0d0944c1742c86e1a7bc877a,train
data/Training/notumor/Tr-no_1031.jpg,notumor,Training,90d1f9c0e7c3c4e120469f78524532c1,train
data/Training/notumor/Tr-no_1075.jpg,notumor,Training,8c081a6eefc508c837325b8c6f57a854,train
data/Training/notumor/Tr-no_278.jpg,notumor,Training,72325cce2b3a1f3833d38e8e82a1e996,test
data/Training/notumor/Tr-no_1070.jpg,notumor,Training,ddc6fd51d45cb3a708c10fb921485ce9,train
data/Training/notumor/Tr-no_1088.jpg,notumor,Training,67ec6c9fce2d82e09fc978ab63b7d848,test
data/Training/notumor/Tr-no_710.jpg,notumor,Training,f5917fb16e5f2ad2ca8e827833fd4dfc,train
data/Training/notumor/Tr-no_526.jpg,notumor,Training,c0a8ddebb2a06cb7d2df33ce51f18459,val
data/Training/notumor/Tr-no_1044.jpg,notumor,Training,b2a2933353e1402ccd483b478a700a9e,test
data/Training/notumor/Tr-no_700.jpg,notumor,Training,7b87a432aa0fd085c8175861d59926c3,train
data/Training/notumor/Tr-no_1148.jpg,notumor,Training,4ceee6f7d03d8681912af6196397b40f,train
data/Training/notumor/Tr-no_57.jpg,notumor,Training,86c1457eb0cec6fd05353d9fb6215370,val
data/Training/notumor/Tr-no_9.jpg,notumor,Training,4f9f3c5d72d4a0006a13851a5a8de18b,train
data/Training/notumor/Tr-no_1098.jpg,notumor,Training,59ccdf9a3e3c37282827dceb101ceb53,train
data/Training/notumor/Tr-no_402.jpg,notumor,Training,6adb3990b0e97423215e58e5c1c2e91e,test
data/Training/notumor/Tr-no_797.jpg,notumor,Training,db8aba4a5df982db4387cbe8b7ec0e6e,train
data/Training/notumor/Tr-no_806.jpg,notumor,Training,46df98ff4751a82dd3fa456d3a5251dd,train
data/Training/notumor/Tr-no_1115.jpg,notumor,Training,1f9fc56b7256412e57b7dfb4a9b51777,train
data/Training/notumor/Tr-no_618.jpg,notumor,Training,aed2489087ed84f075641ffebe39c063,train
data/Training/notumor/Tr-no_6.jpg,notumor,Training,6afe882e0167cc6566c5ce845c1bf57c,train
data/Training/notumor/Tr-no_716.jpg,notumor,Training,67ec1b30862f64de8686b860b3a1e59a,test
data/Training/notumor/Tr-no_745.jpg,notumor,Training,cedd18ecd91954fb35b741a30a606b49,train
data/Training/notumor/Tr-no_1314.jpg,notumor,Training,ca34db6bc1f3abc9debedda1a06ad06f,train
data/Training/notumor/Tr-no_1085.jpg,notumor,Training,7108f7b2a94c8401f13dae47f666b4e1,train
data/Training/notumor/Tr-no_627.jpg,notumor,Training,007c16c3cf1201303d6014ed7c6a5d3a,train
data/Training/notumor/Tr-no_611.jpg,notumor,Training,610228d7967b27c0eade9452a8677c6b,val
data/Training/notumor/Tr-no_51.jpg,notumor,Training,730de075c07f305e41117039084f42cd,train
data/Training/notumor/Tr-no_23.jpg,notumor,Training,6e6a713e4973eedc2c1a71712aa23fd9,test
data/Training/notumor/Tr-no_253.jpg,notumor,Training,8f3c126d49485b3289f16ea5e8a7b8df,val
data/Training/notumor/Tr-no_884.jpg,notumor,Training,47413aa8d97afe63156ca0cd890628e2,train
data/Training/notumor/Tr-no_321.jpg,notumor,Training,5dfd13159102cb8326e912736818ff42,train
data/Training/notumor/Tr-no_464.jpg,notumor,Training,5b32ba8aac328d3696db77036ce07a16,test
data/Training/notumor/Tr-no_1319.jpg,notumor,Training,2a24c37fe4b7a2244a110e1b0f759a64,train
data/Training/notumor/Tr-no_1287.jpg,notumor,Training,0f50cb09857625a3053f4c24990c3ed4,test
data/Training/notumor/Tr-no_946.jpg,notumor,Training,6495fc05280819be82ed863052127a82,train
data/Training/notumor/Tr-no_1353.jpg,notumor,Training,3537e01c0387d344dbd0bb6c1b48b613,val
data/Training/notumor/Tr-no_172.jpg,notumor,Training,f3de5c1c10ae61a4605b062a693e0972,test
data/Training/notumor/Tr-no_326.jpg,notumor,Training,dbc0377d3a893f670d0b5136c4d4e6d5,val
data/Training/notumor/Tr-no_341.jpg,notumor,Training,fdea69d8f1eaf6ad0933a4e4ba3cc4f6,train
data/Training/notumor/Tr-no_738.jpg,notumor,Training,bbe4e3817fcf574daf45adf8a2915106,train
data/Training/notumor/Tr-no_521.jpg,notumor,Training,b188ae46db1604666c3afb097b1cc180,train
data/Training/notumor/Tr-no_1142.jpg,notumor,Training,021a7f59c3561c088735d3dea7bdbb56,train
data/Training/notumor/Tr-no_2.jpg,notumor,Training,de6b4576d48cfce186903181bf0ed6ea,test
data/Training/notumor/Tr-no_185.jpg,notumor,Training,96fed90b309dd592cab446be39b1d42a,train
data/Training/notumor/Tr-no_1100.jpg,notumor,Training,93411121e0573a24f7101ff455a583fa,train
data/Training/notumor/Tr-no_874.jpg,notumor,Training,8201d429cd1794ee5e46fb384ffd52da,train
data/Training/notumor/Tr-no_701.jpg,notumor,Training,a963309696660298e06acc86a16f72e9,train
data/Training/notumor/Tr-no_621.jpg,notumor,Training,228c0c1d9f4f44edfb33e085d3e5aa42,val
data/Training/notumor/Tr-no_1327.jpg,notumor,Training,45c75867f823ff6b9f719ff0afbd8a13,train
data/Training/notumor/Tr-no_374.jpg,notumor,Training,9109705dd3afe2731ba2484789df026e,test
data/Training/notumor/Tr-no_1113.jpg,notumor,Training,a4f055f3f69ac55df7b15f76756068ab,train
data/Training/notumor/Tr-no_192.jpg,notumor,Training,ed3cb7f0597dc0b0c7de56ba1ca90564,val
data/Training/notumor/Tr-no_571.jpg,notumor,Training,5454e93fa3abda07b7313e8f1fa5eb6e,train
data/Training/notumor/Tr-no_246.jpg,notumor,Training,47864e2bd360ebe9e0c5357428e90507,train
data/Training/notumor/Tr-no_1172.jpg,notumor,Training,d5b6f3d3223ce99fdc2da2066969f085,test
data/Training/notumor/Tr-no_794.jpg,notumor,Training,4c2541557255785fa206c65950e43cde,test
data/Training/notumor/Tr-no_1215.jpg,notumor,Training,85375c22142305cdb972864739699dec,test
data/Training/notumor/Tr-no_316.jpg,notumor,Training,a33a6def4dfa739377a9da6e9510278b,train
data/Training/notumor/Tr-no_1296.jpg,notumor,Training,70eed1d99bb5a74fbe883f211e8da993,train
data/Training/notumor/Tr-no_1323.jpg,notumor,Training,23bb32fbe263720fe2acd160c5dafb5d,test
data/Training/notumor/Tr-no_789.jpg,notumor,Training,d5d28dcda2da4f1ee99d85a159ebc8d4,val
data/Training/notumor/Tr-no_651.jpg,notumor,Training,3d66879294e0b28c19096c358c240005,test
data/Training/notumor/Tr-no_77.jpg,notumor,Training,5de79e41a296c0bbe949d1a1cbe42a37,test
data/Training/notumor/Tr-no_682.jpg,notumor,Training,c7c3a5865c5c22d7ca1806184587ab0e,val
data/Training/notumor/Tr-no_182.jpg,notumor,Training,3a78092a0aad3cce032ef34c559fa343,train
data/Training/notumor/Tr-no_1228.jpg,notumor,Training,7e10aa532c597eb3823edaafa9ee81ae,train
data/Training/notumor/Tr-no_239.jpg,notumor,Training,52c920300f08a872032ae4c38cbfbf20,val
data/Training/notumor/Tr-no_827.jpg,notumor,Training,aead5a250295abad3594f474bf6aec9e,test
data/Training/notumor/Tr-no_53.jpg,notumor,Training,918a98be9f62977fe9aeb3fd741e6584,train
data/Training/notumor/Tr-no_688.jpg,notumor,Training,83578e7ca3644b6c325a40f06fa86fe9,train
data/Training/notumor/Tr-no_425.jpg,notumor,Training,2c0226c30c2f797d09ded7eb4fbc4428,train
data/Training/notumor/Tr-no_750.jpg,notumor,Training,d966ed9f01d9fac152e7a4bed63ac281,test
data/Training/notumor/Tr-no_277.jpg,notumor,Training,2c573b33740bcc44dc5abdff6d0a4788,train
data/Training/notumor/Tr-no_1281.jpg,notumor,Training,d4213cadb7fdc260baf35de0ef3072bd,train
data/Training/notumor/Tr-no_107.jpg,notumor,Training,901c67d10db2fb5f1226e244e17c4bbf,train
data/Training/notumor/Tr-no_609.jpg,notumor,Training,a1b7263f26a95be46572c4d182248872,train
data/Training/notumor/Tr-no_34.jpg,notumor,Training,0d2b9aa3b0a846d39841b6df8f72be72,train
data/Training/notumor/Tr-no_690.jpg,notumor,Training,d40b3e4cabd2a2072747c631ae85a623,val
data/Training/notumor/Tr-no_1158.jpg,notumor,Training,78c6f2102e0ba73c47a344d2880b4071,train
data/Training/notumor/Tr-no_265.jpg,notumor,Training,a0a44ba2bb1229028d5ff4ba017b7303,train
data/Training/notumor/Tr-no_767.jpg,notumor,Training,7108f7b2a94c8401f13dae47f666b4e1,train
data/Training/notumor/Tr-no_766.jpg,notumor,Training,713df8b9d91cb6721c6e2478df82fc02,train
data/Training/notumor/Tr-no_1102.jpg,notumor,Training,b74bd04ac8f7517792ba6a5db3cf2b22,val
data/Training/notumor/Tr-no_668.jpg,notumor,Training,5dbbf602cf194178ac838c68a0463861,val
data/Training/notumor/Tr-no_811.jpg,notumor,Training,622c84e86f9713c38ba302037baf16d6,val
data/Training/notumor/Tr-no_849.jpg,notumor,Training,fe3fedc45a1ef12636a1bd1f4031e5b1,train
data/Training/notumor/Tr-no_658.jpg,notumor,Training,2d3b04b209470ffb0f5ffb3850808f21,train
data/Training/notumor/Tr-no_350.jpg,notumor,Training,2fbb196a5602a19b707418bf5a1c56bf,train
data/Training/notumor/Tr-no_480.jpg,notumor,Training,39ac4c135f71aa21f1e251269560f80d,test
data/Training/notumor/Tr-no_825.jpg,notumor,Training,aa86a91e84f337895ac6c95378e5cc54,train
data/Training/notumor/Tr-no_1190.jpg,notumor,Training,ce0edd8064f376cf8360d63c4d9ebdd8,train
data/Training/notumor/Tr-no_795.jpg,notumor,Training,c4bf754311ba81f3a1a1241a406d135c,train
data/Training/notumor/Tr-no_105.jpg,notumor,Training,71d0f7ccc4fdf4cffccebc64b18c3c9d,val
data/Training/notumor/Tr-no_248.jpg,notumor,Training,a0bb7fb086b7397c51527ca0506f45b1,val
data/Training/notumor/Tr-no_798.jpg,notumor,Training,c7f765bf78e96dea5f8921757e5be02e,train
data/Training/notumor/Tr-no_457.jpg,notumor,Training,79aabb912ab1cb658dbbf9692d35bf27,train
data/Training/notumor/Tr-no_1208.jpg,notumor,Training,75b704201c2125c4ac02a0acf836802d,train
data/Training/notumor/Tr-no_263.jpg,notumor,Training,61e676baf05abcdf63de77990e42e059,train
data/Training/notumor/Tr-no_843.jpg,notumor,Training,d966ed9f01d9fac152e7a4bed63ac281,test
data/Training/notumor/Tr-no_527.jpg,notumor,Training,7a74b756081ee5fadc78f5729133b5d9,train
data/Training/notumor/Tr-no_871.jpg,notumor,Training,6c188ec1074e64b3581b6ee4b9e306c6,train
data/Training/notumor/Tr-no_304.jpg,notumor,Training,8d5cb4ac464ba805ec639f4c38da6191,train
data/Training/notumor/Tr-no_1024.jpg,notumor,Training,926f65ec2134bb2982eb97716421a6a9,train
data/Training/notumor/Tr-no_244.jpg,notumor,Training,840b8071cc3279b6332301470adccc98,train
data/Training/notumor/Tr-no_1336.jpg,notumor,Training,208670d4d74e93c59795a71a6e8edaf1,train
data/Training/notumor/Tr-no_147.jpg,notumor,Training,7a56fd2c3caa55b420014c3de8cf6ff4,train
data/Training/notumor/Tr-no_1304.jpg,notumor,Training,06c825df4141e9c79e23dfa4af3486ca,train
data/Training/notumor/Tr-no_1080.jpg,notumor,Training,a70478e583b34d61c57ae182b58af7b7,train
data/Training/notumor/Tr-no_81.jpg,notumor,Training,43a7b114cc14ecb127e3feb427e8a2dc,val
data/Training/notumor/Tr-no_1089.jpg,notumor,Training,028a3774c58f6eeb2ebd098b8e5c7788,val
data/Training/notumor/Tr-no_1364.jpg,notumor,Training,eab155e2862f3dc58c0ce15cd55a906a,train
data/Training/notumor/Tr-no_262.jpg,notumor,Training,5bde3eb0e3625a789f421b696b6a3096,val
data/Training/notumor/Tr-no_842.jpg,notumor,Training,1cd4b52baf686e010b8581dc290edb74,val
data/Training/notumor/Tr-no_498.jpg,notumor,Training,4e09361579944ee7a4fafe0d5dab3993,train
data/Training/notumor/Tr-no_1345.jpg,notumor,Training,ea81cd0779b4f4f4cf3a8c46756780a6,train
data/Training/notumor/Tr-no_136.jpg,notumor,Training,cccbf1072f1631b086637c8a304e1fdc,train
data/Training/notumor/Tr-no_1261.jpg,notumor,Training,e1a71b45c129191ed5a338f10040977f,val
data/Training/notumor/Tr-no_967.jpg,notumor,Training,713df8b9d91cb6721c6e2478df82fc02,train
data/Training/notumor/Tr-no_87.jpg,notumor,Training,2a67331c5443d0cddb53d9167236c7aa,test
data/Training/notumor/Tr-no_268.jpg,notumor,Training,ebe6d5d8286f71fa992ed715554ee0ca,train
data/Training/notumor/Tr-no_328.jpg,notumor,Training,5831570fb6ae4c3fb1b2ec1201a0d991,train
data/Training/notumor/Tr-no_1042.jpg,notumor,Training,7d155aa15e05feb5fd008361b3b38db2,train
data/Training/notumor/Tr-no_343.jpg,notumor,Training,62dee272d0cfae9d70300edede33155a,train
data/Training/notumor/Tr-no_446.jpg,notumor,Training,76eee50be56a3486539a5f5c7514f7d4,val
data/Training/notumor/Tr-no_1398.jpg,notumor,Training,b9504d1f84629a48b2de81a52aa0468a,test
data/Training/notumor/Tr-no_942.jpg,notumor,Training,456894452d8401362ca5083d838d3fe6,test
data/Training/notumor/Tr-no_829.jpg,notumor,Training,28840bc15b81552aded007ed7be34ae6,test
data/Training/notumor/Tr-no_1243.jpg,notumor,Training,cfc354c136aa814cb77f6e13c01fc1de,train
data/Training/notumor/Tr-no_631.jpg,notumor,Training,6e7a2ddb031834c7d061977d0296f6b7,train
data/Training/notumor/Tr-no_186.jpg,notumor,Training,d653837f905a50a7ce18b911dfb0c5c0,train
data/Training/notumor/Tr-no_50.jpg,notumor,Training,d5f02041373efa37ac5677734f8d63fc,test
data/Training/notumor/Tr-no_545.jpg,notumor,Training,7c3b0337ad375d94ab3ccfcdba51e411,test
data/Training/notumor/Tr-no_650.jpg,notumor,Training,205039ef14830af4250af86c1b8a9eea,train
data/Training/notumor/Tr-no_1001.jpg,notumor,Training,6bb7e05902ea00eb9202b004ac82625e,val
data/Training/notumor/Tr-no_725.jpg,notumor,Training,9eb9f2c929d940f7333441cf7301f205,val
data/Training/notumor/Tr-no_927.jpg,notumor,Training,bc2a591acef28a6cea260719cad4457e,train
data/Training/notumor/Tr-no_75.jpg,notumor,Training,d0a8363c1590f97e5bfa65ae3bdfd305,train
data/Training/notumor/Tr-no_255.jpg,notumor,Training,632120a6491595c8f2646222e132159e,test
data/Training/notumor/Tr-no_1126.jpg,notumor,Training,b71e64834740e5c0589d52e7145a83f0,train
data/Training/notumor/Tr-no_533.jpg,notumor,Training,c87dbb8684ebdb40acbc8b63f000a7c8,train
data/Training/notumor/Tr-no_1305.jpg,notumor,Training,385452ecc27a12ff66e36afc31e49048,train
data/Training/notumor/Tr-no_1328.jpg,notumor,Training,2df2644a3ed00b8f6203ab8024c18e95,train
data/Training/notumor/Tr-no_1005.jpg,notumor,Training,d5180720dbf1ec107cfdd516465fdafb,train
data/Training/notumor/Tr-no_181.jpg,notumor,Training,3d9359231e7590ebdbff71add8065923,train
data/Training/notumor/Tr-no_98.jpg,notumor,Training,7108f7b2a94c8401f13dae47f666b4e1,train
data/Training/notumor/Tr-no_727.jpg,notumor,Training,e6330f12f0945d336767b05b8441848b,train
data/Training/notumor/Tr-no_830.jpg,notumor,Training,3f220aeb3a323cd85096cfbc7b57a9a4,val
data/Training/notumor/Tr-no_250.jpg,notumor,Training,665bf16ea1489fb798ee0dd3acaade79,train
data/Training/notumor/Tr-no_1331.jpg,notumor,Training,6d407474c15b3b63fb013633ad08ebc9,train
data/Training/notumor/Tr-no_29.jpg,notumor,Training,0cc82102690c7ecbba7b211e9dca4da6,train
data/Training/notumor/Tr-no_935.jpg,notumor,Training,342b29d63e0103afbe3fab52b8536af2,train
data/Training/notumor/Tr-no_209.jpg,notumor,Training,06f710dd2b1e412feb2055cf6aa59518,train
data/Training/notumor/Tr-no_41.jpg,notumor,Training,4153b4c54d40f7533aa20b47f0c69278,train
data/Training/notumor/Tr-no_493.jpg,notumor,Training,6142acdc1f1b32e31ea0f73324b5f356,train
data/Training/notumor/Tr-no_589.jpg,notumor,Training,c77d9a4b8670f3cc6d63956a2430faf4,val
data/Training/notumor/Tr-no_1283.jpg,notumor,Training,87e3454030fc6d077711f14b9f450119,train
data/Training/notumor/Tr-no_1185.jpg,notumor,Training,37f2a4317fd0da6be407985bf64e4b65,train
data/Training/notumor/Tr-no_195.jpg,notumor,Training,6aebc01d66126c7e6307bfdf938e11e8,test
data/Training/notumor/Tr-no_339.jpg,notumor,Training,125b924df493fde416f7b6a013263486,val
data/Training/notumor/Tr-no_271.jpg,notumor,Training,fee84e5791fb5d0c4acd9a7edcc61dce,train
data/Training/notumor/Tr-no_1348.jpg,notumor,Training,bfac3b362d3b0bf450aa3c01f88bc21b,val
data/Training/notumor/Tr-no_518.jpg,notumor,Training,40881ffd0417f7d60164cbec5265be37,train
data/Training/notumor/Tr-no_1186.jpg,notumor,Training,c8d82716ca860a1dc3483555ce6be26d,val
data/Training/notumor/Tr-no_979.jpg,notumor,Training,1321404eeda420e57f4d1da4d00076de,test
data/Training/notumor/Tr-no_779.jpg,notumor,Training,d3692b5c51d63ded1b913019a2027789,val
data/Training/notumor/Tr-no_817.jpg,notumor,Training,06c3e21e888012e7845da47b26b742e8,train
data/Training/notumor/Tr-no_672.jpg,notumor,Training,4bb38641bf46fd098852888b664a70b4,train
data/Training/notumor/Tr-no_1138.jpg,notumor,Training,96b9cc174a6368cc1d48fd2eda227521,train
data/Training/notumor/Tr-no_958.jpg,notumor,Training,c6a596f30afbb0f140d07f83ff118266,val
data/Training/notumor/Tr-no_1217.jpg,notumor,Training,64fb0c0d8db70eb7879cff1dafb6af4a,test
data/Training/notumor/Tr-no_902.jpg,notumor,Training,f98f1aefd1d86bd6accbd76511fd9081,train
data/Training/notumor/Tr-no_199.jpg,notumor,Training,b4837b862312ae30cdd78fd5b1e38933,test
data/Training/notumor/Tr-no_762.jpg,notumor,Training,7b0494c300f1eb9ed3b55ef1c715db74,val
data/Training/notumor/Tr-no_886.jpg,notumor,Training,d923509d281c5bb5b51972bf1e2680fd,val
data/Training/notumor/Tr-no_437.jpg,notumor,Training,17c6323f64cbbeee0e690ea0126ee96a,train
data/Training/notumor/Tr-no_746.jpg,notumor,Training,c4189111d357c0fd6c713633646a4eff,train
data/Training/notumor/Tr-no_728.jpg,notumor,Training,d93d3da64562674f66548c103743cf1b,train
data/Training/notumor/Tr-no_1147.jpg,notumor,Training,b57680298c1ff83c2f7348507d59dc3a,test
data/Training/notumor/Tr-no_1036.jpg,notumor,Training,1588d92e00b84f63cf7dc7ca5133d049,train
data/Training/notumor/Tr-no_482.jpg,notumor,Training,2608f46aeb3065c5c7a2486baf99e6c1,train
data/Training/notumor/Tr-no_685.jpg,notumor,Training,04347bfccc09152a499900527e177062,train
data/Training/notumor/Tr-no_329.jpg,notumor,Training,c22d45a3525c6c1cb2bb393528162841,train
data/Training/notumor/Tr-no_711.jpg,notumor,Training,bc18bd861ff5a6aad5105f5b16349453,train
data/Training/notumor/Tr-no_718.jpg,notumor,Training,fee812a9b99a16a9031f0f9c85b9ddc7,train
data/Training/notumor/Tr-no_230.jpg,notumor,Training,bbe4e3817fcf574daf45adf8a2915106,train
data/Training/notumor/Tr-no_837.jpg,notumor,Training,1dcf3d5e79ca5649586e252594baad5e,val
data/Training/notumor/Tr-no_575.jpg,notumor,Training,cbceddcf59b2e11ea2feb78c2c6f936a,train
data/Training/notumor/Tr-no_862.jpg,notumor,Training,f46d96d6e73630fc61ad1f3db7c0b5f9,test
data/Training/notumor/Tr-no_387.jpg,notumor,Training,1f23dacaac228811e45af94981be031c,test
data/Training/notumor/Tr-no_106.jpg,notumor,Training,9e45e1332e8649e2d6df6c73947ca42c,test
data/Training/notumor/Tr-no_202.jpg,notumor,Training,bc46a4280b8c2bc358594578bfbdc8c5,val
data/Training/notumor/Tr-no_1284.jpg,notumor,Training,88ae2a46c4c881c57231a5239aecab91,train
data/Training/notumor/Tr-no_148.jpg,notumor,Training,e0ca72d2d0e2ca3255f9417d3348fcd6,train
data/Training/notumor/Tr-no_443.jpg,notumor,Training,67f4d05d1a851867f2e1b114b627ad7f,val
data/Training/notumor/Tr-no_1167.jpg,notumor,Training,56e17a3732eac7405eba891046e07945,train
data/Training/notumor/Tr-no_788.jpg,notumor,Training,1fc4e009cba923decb6c5a6cfd65bb4d,train
data/Training/notumor/Tr-no_925.jpg,notumor,Training,467e1d92491f2b2d7ae13bd01f6887e7,train
data/Training/notumor/Tr-no_184.jpg,notumor,Training,0d02c2280e7c0e1060a9bc1f9cc6e300,train
data/Training/notumor/Tr-no_1018.jpg,notumor,Training,e8717f8bb244235d350034e475f896f3,val
data/Training/notumor/Tr-no_852.jpg,notumor,Training,40d0dbd11b1a9aef10da4d9ca13a7f26,train
data/Training/notumor/Tr-no_1027.jpg,notumor,Training,fac2c3b12b72e230601d843baa3943c1,train
data/Training/notumor/Tr-no_1153.jpg,notumor,Training,1d10f8b257840b0e1d815ad3a30721e7,train
data/Training/notumor/Tr-no_170.jpg,notumor,Training,92a09eda81f4fea15dea754b78afaa51,train
data/Training/notumor/Tr-no_160.jpg,notumor,Training,f16702fd77330c1ff702156bb2eec3c4,val
data/Training/notumor/Tr-no_382.jpg,notumor,Training,2c92b773c1dd7f7d171d08bfcb1e486c,train
data/Training/notumor/Tr-no_921.jpg,notumor,Training,e9070c100fb307754582c4b3bbaa8e16,train
data/Training/notumor/Tr-no_1026.jpg,notumor,Training,43bbf9b2e83d475f8c1218adf9e478bd,test
data/Training/notumor/Tr-no_427.jpg,notumor,Training,ca00f551c1f10fe0cbf2e3b90cdfc638,train
data/Training/notumor/Tr-no_787.jpg,notumor,Training,81291f34d808d7f4033c8a87d04f8362,train
data/Training/notumor/Tr-no_240.jpg,notumor,Training,13fd32f4b20c92e1f12c974210ec3248,train
data/Training/notumor/Tr-no_463.jpg,notumor,Training,f026747e5401d8a361e0566ad9166b5d,train
data/Training/notumor/Tr-no_1101.jpg,notumor,Training,14ca8ed36809cf3145a16c5e984b5d25,val
data/Training/notumor/Tr-no_173.jpg,notumor,Training,c03743fd455214695410b07a45445df6,test
data/Training/notumor/Tr-no_604.jpg,notumor,Training,503df22ee5f105839f5bb8b19f38b0eb,train
data/Training/notumor/Tr-no_598.jpg,notumor,Training,5f2dec2cb5113e7d18a8b78187eea046,train
data/Training/notumor/Tr-no_211.jpg,notumor,Training,ba0bb0472cea6599718e4c5e4ef4919d,train
data/Training/notumor/Tr-no_40.jpg,notumor,Training,7ce25d17c7839af995b51e5e308cbd08,test
data/Training/notumor/Tr-no_130.jpg,notumor,Training,10cdf136ff253b6b1bf95bbc916e0c9e,train
data/Training/notumor/Tr-no_32.jpg,notumor,Training,eb6f1edfda5be74759fce0f59c9cc943,val
data/Training/notumor/Tr-no_163.jpg,notumor,Training,c079dccf65c802f71244b8b7c36e3b19,train
data/Training/notumor/Tr-no_756.jpg,notumor,Training,27bf28d7237860a1f1f03e3d72d5c0c2,val
data/Training/notumor/Tr-no_640.jpg,notumor,Training,4dfce484d8c4c7106954fd85e60156c3,val
data/Training/notumor/Tr-no_1125.jpg,notumor,Training,15244ac1f5654e5be0b4098a4900b1b4,train
data/Training/notumor/Tr-no_881.jpg,notumor,Training,6aadfc1096d5bb51018f06e7b1023404,train
data/Training/notumor/Tr-no_229.jpg,notumor,Training,57aa1991a67eecbf6bd508031304c28d,train
data/Training/notumor/Tr-no_614.jpg,notumor,Training,f75f2a80d34787fdcc2ee44622f21460,train
data/Training/notumor/Tr-no_1127.jpg,notumor,Training,bbe167c95d0bc0cfdd8f7e57bee67964,train
data/Training/notumor/Tr-no_832.jpg,notumor,Training,ce6001ef0d44e80eccd0e52011cb62ab,test
data/Training/notumor/Tr-no_1164.jpg,notumor,Training,bee2caabdb292ef2f8a99c7b3b597be1,train
data/Training/notumor/Tr-no_152.jpg,notumor,Training,e43cc3022533c898b30efba4a989e239,train
data/Training/notumor/Tr-no_821.jpg,notumor,Training,d017c4e724b25cb69d7f0b560e5f826d,train
data/Training/notumor/Tr-no_1285.jpg,notumor,Training,570a2e1a8b1c1513f3eeaefce22b77d5,train
data/Training/notumor/Tr-no_1213.jpg,notumor,Training,cd0010b23c86c3c14b7e09fd05e6ce45,train
data/Training/notumor/Tr-no_1263.jpg,notumor,Training,20d11d23199a52b09cb9fb99f2dbc53d,train
data/Training/notumor/Tr-no_1349.jpg,notumor,Training,c34bb3e1e11a907b77319cca81944657,test
data/Training/notumor/Tr-no_969.jpg,notumor,Training,61d0aeacb5768eca8d91ed7915c5648b,train
data/Training/notumor/Tr-no_847.jpg,notumor,Training,4b827a115009aee4cf3ffc8c2f7028ae,train
data/Training/notumor/Tr-no_315.jpg,notumor,Training,342b29d63e0103afbe3fab52b8536af2,train
data/Training/notumor/Tr-no_1051.jpg,notumor,Training,78c6f2102e0ba73c47a344d2880b4071,train
data/Training/notumor/Tr-no_484.jpg,notumor,Training,f2a006fcf70e46aac9f9ca7c65f3a334,test
data/Training/notumor/Tr-no_433.jpg,notumor,Training,bc7e75fa5d8cff54b445b79275272d54,train
data/Training/notumor/Tr-no_298.jpg,notumor,Training,35be81f4e30b52843e0ec3b93aaf79a7,train
data/Training/notumor/Tr-no_410.jpg,notumor,Training,75b704201c2125c4ac02a0acf836802d,train
data/Training/notumor/Tr-no_1248.jpg,notumor,Training,53706d21755245c6f3d4d925ecf1be89,train
data/Training/notumor/Tr-no_375.jpg,notumor,Training,dcef70022c5c6d430c69a8b31336557c,test
data/Training/notumor/Tr-no_623.jpg,notumor,Training,fddcf00af911d95ce15591680ed85f09,train
data/Training/notumor/Tr-no_820.jpg,notumor,Training,7636121928c480d6141d945e513e461f,train
data/Training/notumor/Tr-no_554.jpg,notumor,Training,c6b742c6510e871ad946de38b5452a2b,train
data/Training/notumor/Tr-no_131.jpg,notumor,Training,46cd31ae0b9daa470c5a9460710d22f8,val
data/Training/notumor/Tr-no_607.jpg,notumor,Training,165dfe7fd37875570718eabf1e3e828e,train
data/Training/notumor/Tr-no_535.jpg,notumor,Training,05b45654c9c3196486ab02d5045a9e80,train
data/Training/notumor/Tr-no_859.jpg,notumor,Training,ea78fb4c299ff6829660fb8aa177ff65,test
data/Training/notumor/Tr-no_1235.jpg,notumor,Training,1829d716613d6d3022da2f82368071ae,train
data/Training/notumor/Tr-no_1107.jpg,notumor,Training,585fe0be51a4eef4d38835e517a36cb4,test
data/Training/notumor/Tr-no_1055.jpg,notumor,Training,aa82d22245d3899379a36767c0bc306d,train
data/Training/notumor/Tr-no_409.jpg,notumor,Training,39d48a336c87df30be64734d51349f26,train
data/Training/notumor/Tr-no_972.jpg,notumor,Training,7a90d81ed4d74832b4d62e12861b5a0b,test
data/Training/notumor/Tr-no_1387.jpg,notumor,Training,74c52fc60a0973a214164903e64a04a1,train
data/Training/notumor/Tr-no_1241.jpg,notumor,Training,0172e7c662451af8f192e8349ead1d10,train
data/Training/notumor/Tr-no_335.jpg,notumor,Training,ca3bd0bac336ef8ca03a976173d40e68,train
data/Training/notumor/Tr-no_35.jpg,notumor,Training,ccfff7250b6b04676662c3a81d289782,train
data/Training/notumor/Tr-no_400.jpg,notumor,Training,5474914546a6267f70286341ef9c9052,train
data/Training/notumor/Tr-no_775.jpg,notumor,Training,4598657f5e60513a50b45013e8c717cf,train
data/Training/notumor/Tr-no_691.jpg,notumor,Training,ced356e9bb609f155546485ff59bff87,train
data/Training/notumor/Tr-no_465.jpg,notumor,Training,37dfdeb5735ee853bd551e6e97fef1f0,val
data/Training/notumor/Tr-no_1010.jpg,notumor,Training,398fcae33752b88ada9c63a8eaae734e,train
data/Training/notumor/Tr-no_910.jpg,notumor,Training,0ca6da38ac7a873e700e54f4032d8157,val
data/Training/notumor/Tr-no_1015.jpg,notumor,Training,e8cf02f5f074423443117f693bef9a33,test
data/Training/notumor/Tr-no_1278.jpg,notumor,Training,1a9604a7db0f7f361eb964b1a6ba6e76,train
data/Training/notumor/Tr-no_7.jpg,notumor,Training,f6114f23720eddf4a40bef468c308c48,train
data/Training/notumor/Tr-no_291.jpg,notumor,Training,1ca665c4698503ffe21bbdf746a213b2,train
data/Training/notumor/Tr-no_712.jpg,notumor,Training,97278bf2d1089b20a7c0092006ee3459,train
data/Training/notumor/Tr-no_373.jpg,notumor,Training,95ad87900eb30b7c156a33370957c13b,train
data/Training/notumor/Tr-no_645.jpg,notumor,Training,de5363e571f77a966a5a27cc5494cdc6,test
data/Training/notumor/Tr-no_717.jpg,notumor,Training,4f28a2b3616278493eba7610efa300ca,train
data/Training/notumor/Tr-no_1003.jpg,notumor,Training,f464a61c4db5e123cfa470cd5ab789c0,train
data/Training/notumor/Tr-no_1195.jpg,notumor,Training,d59b82dd5c78da493226d3f9d8adb54c,train
data/Training/notumor/Tr-no_530.jpg,notumor,Training,e20205920c3a24a53d1cc7ddede1ec8f,train
data/Training/notumor/Tr-no_1259.jpg,notumor,Training,9f3ac93badbcca2e0dec7ff9cb1cd343,test
data/Training/notumor/Tr-no_936.jpg,notumor,Training,fe72406f8c205f64297cb57d14a5aa5e,train
data/Training/notumor/Tr-no_1246.jpg,notumor,Training,813f1f1b6c77dc293dc0aabe9ae19376,train
data/Training/notumor/Tr-no_477.jpg,notumor,Training,cc88ab25460467b2fc861d470a28eaf8,train
data/Training/notumor/Tr-no_25.jpg,notumor,Training,09bc9d4cef5085f0e82d9a259004746b,train
data/Training/notumor/Tr-no_848.jpg,notumor,Training,01d7f3a18b83e1f944513bec8e81c407,train
data/Training/notumor/Tr-no_1256.jpg,notumor,Training,a0fdbb818181e1debe010480a2712424,train
data/Training/notumor/Tr-no_216.jpg,notumor,Training,68803d11b68e5582ccdc179ae9f8276e,val
data/Training/notumor/Tr-no_242.jpg,notumor,Training,3a32ad37c9b830034f9b5dd5635099db,train
data/Training/notumor/Tr-no_1334.jpg,notumor,Training,86c4da692caccbe369acf7c886626083,train
data/Training/notumor/Tr-no_644.jpg,notumor,Training,927035e3e5deaa90414d1219e3b37b64,train
data/Training/notumor/Tr-no_1187.jpg,notumor,Training,4c8a57ca4fda6790732ae397b23acfa3,train
data/Training/notumor/Tr-no_12.jpg,notumor,Training,60149cf28d2b9773d6e7213f39549a8d,test
data/Training/notumor/Tr-no_1086.jpg,notumor,Training,4f0586132686069b984bcaa3b624dde5,train
data/Training/notumor/Tr-no_125.jpg,notumor,Training,471b73b25c2363fc2c0b0b5a5460b759,train
data/Training/notumor/Tr-no_1038.jpg,notumor,Training,7011a5a9ae2d23d0086c38d4958c9516,train
data/Training/notumor/Tr-no_292.jpg,notumor,Training,d795de8b9314fe99576e961fd4859590,val
data/Training/notumor/Tr-no_703.jpg,notumor,Training,72e638d7e6895d1b61ea8d6e7c879cfb,test
data/Training/notumor/Tr-no_168.jpg,notumor,Training,bbe4e3817fcf574daf45adf8a2915106,train
data/Training/notumor/Tr-no_678.jpg,notumor,Training,b6b96533a553fccb2cf413a991056d86,train
data/Training/notumor/Tr-no_347.jpg,notumor,Training,7ad8460ca454f9b05aa869952c5f1063,val
data/Training/notumor/Tr-no_1274.jpg,notumor,Training,87faa38085c7eba430487ff7d9599694,val
data/Training/notumor/Tr-no_1230.jpg,notumor,Training,cda4339aa932f34697ab3758a02f8010,train
data/Training/notumor/Tr-no_555.jpg,notumor,Training,5e94a3b2581303e333782dbeeb438efc,test
data/Training/notumor/Tr-no_653.jpg,notumor,Training,aa0c249cefbcd4f24ab92dd5d5379d4b,val
data/Training/notumor/Tr-no_1048.jpg,notumor,Training,59e90cb112a04460c5980a90a54280bf,train
data/Training/notumor/Tr-no_557.jpg,notumor,Training,e01a8a59a4952991d86dbedc77833c66,train
data/Training/notumor/Tr-no_1181.jpg,notumor,Training,e780378fad216c3edd60a85c3d0987b9,train
data/Training/notumor/Tr-no_1312.jpg,notumor,Training,39b4bde661eca38587a19992136b45a9,val
data/Training/notumor/Tr-no_1333.jpg,notumor,Training,eaed62da90b11d4efc075a06ac31932d,train
data/Training/notumor/Tr-no_189.jpg,notumor,Training,cd224714f16dd2c0f38cf7e374d341cb,train
data/Training/notumor/Tr-no_964.jpg,notumor,Training,dc0e4ff1de17bd63892ec28bad668d6f,train
data/Training/notumor/Tr-no_52.jpg,notumor,Training,70002894f13c8a26346d6453071d2494,train
data/Training/notumor/Tr-no_126.jpg,notumor,Training,9899b47c45cf2e9c7e439d53cf6ec30f,train
data/Training/notumor/Tr-no_1390.jpg,notumor,Training,382a309c1662909431e041df2e825b7e,test
data/Training/notumor/Tr-no_566.jpg,notumor,Training,6e3bb624c6533521b19ac43617fe490e,val
data/Training/notumor/Tr-no_546.jpg,notumor,Training,d471e7c6fe659af44f100cefff05a06a,train
data/Training/notumor/Tr-no_1218.jpg,notumor,Training,d8e941fcbcf0fed1aec2d8831b6977ec,train
data/Training/notumor/Tr-no_19.jpg,notumor,Training,7a9e39c541dd3d4553fa9112cb1e2453,test
data/Training/notumor/Tr-no_865.jpg,notumor,Training,11118ff96dd17a149cba79f43a30ec31,val
data/Training/notumor/Tr-no_115.jpg,notumor,Training,d0ba529e618ee5e2e8bf0f44a9a103c3,train
data/Training/notumor/Tr-no_1303.jpg,notumor,Training,34c2f640084112ffdc8202d1a6209566,train
data/Training/notumor/Tr-no_894.jpg,notumor,Training,f8df73cf27184118cf1b4057936aa500,train
data/Training/notumor/Tr-no_111.jpg,notumor,Training,1c6a23a32bd0fb9e34a7ff77bc7e7b78,train
data/Training/notumor/Tr-no_918.jpg,notumor,Training,7be661c7ec1d3c648894b51bb7ffdf3e,train
data/Training/notumor/Tr-no_1381.jpg,notumor,Training,fac21b1546d7fa98cdfa0f52cbe0ea82,test
data/Training/notumor/Tr-no_698.jpg,notumor,Training,cd055b6d7034c48351ea16440d65cfd6,train
data/Training/notumor/Tr-no_232.jpg,notumor,Training,0cc82102690c7ecbba7b211e9dca4da6,train
data/Training/notumor/Tr-no_1035.jpg,notumor,Training,da21e61f8960d8881c717ef303bbfb68,train
data/Training/notumor/Tr-no_634.jpg,notumor,Training,615b573e2be9f3eedc5050feba78a0b1,train
data/Training/notumor/Tr-no_705.jpg,notumor,Training,f227bffefb6d550d7f8d9d44a3058a31,train
data/Training/notumor/Tr-no_196.jpg,notumor,Training,833431d3c05dd4975af7ca2b362dfc84,train
data/Training/notumor/Tr-no_334.jpg,notumor,Training,2d8972b4811049fee023e31b0b5e6163,test
data/Training/notumor/Tr-no_27.jpg,notumor,Training,d702b168018233bc60b1407368f448ad,val
data/Training/notumor/Tr-no_1175.jpg,notumor,Training,5b0248ff655efbcc8065d414ee30ce08,train
data/Training/notumor/Tr-no_162.jpg,notumor,Training,9b3bed0d7ec19bcabee35114da681343,train
data/Training/notumor/Tr-no_1106.jpg,notumor,Training,144a3fc268c4331911be8e512c7c7b6e,train
data/Training/notumor/Tr-no_368.jpg,notumor,Training,f6d5c905aa5aa1433b37275cad3cc4ca,val
data/Training/notumor/Tr-no_951.jpg,notumor,Training,8f6f9087624aa8a02b7cb14f23019a2a,train
data/Training/notumor/Tr-no_1237.jpg,notumor,Training,2c86bf24e7fc1936e53f92d35e7512f4,test
data/Training/notumor/Tr-no_983.jpg,notumor,Training,1009a3b0b045954cfab5fd2693b41bcb,test
data/Training/notumor/Tr-no_121.jpg,notumor,Training,46bdd15e88da99beefcb999aea360457,val
data/Training/notumor/Tr-no_898.jpg,notumor,Training,5ad153b3fef14fd766528aed256c9f40,val
data/Training/notumor/Tr-no_496.jpg,notumor,Training,6525b3649df63a5cd342844500625dfb,train
data/Training/notumor/Tr-no_1350.jpg,notumor,Training,714e4aee640a479098797d69544f4b0c,val
data/Training/notumor/Tr-no_1382.jpg,notumor,Training,1cb6f2039d2dd65c8fcc8462026bec5a,train
data/Training/notumor/Tr-no_356.jpg,notumor,Training,f026747e5401d8a361e0566ad9166b5d,train
data/Training/notumor/Tr-no_579.jpg,notumor,Training,8fe49fdfd19a97616394d4ece3d0184b,train
data/Training/notumor/Tr-no_808.jpg,notumor,Training,a159cf4f1ccb4a17afc0e6ddb8164300,train
data/Training/notumor/Tr-no_42.jpg,notumor,Training,5ac9df6391579a6e94698342330b0489,train
data/Training/notumor/Tr-no_200.jpg,notumor,Training,9dcc30c3f1c77625bf3c356eb1fef2d9,train
data/Training/notumor/Tr-no_388.jpg,notumor,Training,aefc8e18544fc436f74fb90128910a57,val
data/Training/notumor/Tr-no_139.jpg,notumor,Training,6520e7ac8604cc9e84c5e253d7cb05f0,train
data/Training/notumor/Tr-no_281.jpg,notumor,Training,55bc232802b2c8122e875919c6ccbcfa,train
data/Training/notumor/Tr-no_358.jpg,notumor,Training,d7b8c5133dfd63f6de881062d5fc9f93,train
data/Training/notumor/Tr-no_280.jpg,notumor,Training,bdad00de17000453a6986b7064548f21,val
data/Training/notumor/Tr-no_1020.jpg,notumor,Training,2f35b768985c28a9db52a8885761ef1d,train
data/Training/notumor/Tr-no_679.jpg,notumor,Training,97d46789d556713f6d515c956c2b602a,train
data/Training/notumor/Tr-no_580.jpg,notumor,Training,aad73744aed2c7dcbfd8e0229b73a8d7,train
data/Training/notumor/Tr-no_1136.jpg,notumor,Training,73c244cbac8fbf41713f24a54c4deff8,test
data/Training/notumor/Tr-no_314.jpg,notumor,Training,e71ce456b9d3b690feda282db3caa5d9,train
data/Training/notumor/Tr-no_214.jpg,notumor,Training,709b55e1515506410439becf8024d2ae,train
data/Training/notumor/Tr-no_269.jpg,notumor,Training,bcb0941f2d9cb2405fdc76e2d777dc5f,train
data/Training/notumor/Tr-no_205.jpg,notumor,Training,c3f045f0b90ef81b5df54a2f90d1d386,test
data/Training/notumor/Tr-no_1171.jpg,notumor,Training,ae63ee4a97edd8df5b4dc6d6f2e520f6,train
data/Training/notumor/Tr-no_531.jpg,notumor,Training,7eace6952937acb0916cd41bb3c4d656,test
data/Training/notumor/Tr-no_1097.jpg,notumor,Training,2c6e3d2cb120dfd0c6bd96b92d631bd0,train
data/Training/notumor/Tr-no_570.jpg,notumor,Training,45bf3a2730881783e2cf6766e44da91a,train
data/Training/notumor/Tr-no_460.jpg,notumor,Training,744a91b47fb29ed986e4b0a800b496a5,train
data/Training/notumor/Tr-no_351.jpg,notumor,Training,7ff61eeab3dd590beb6a5ea5be33bdcd,train
data/Training/notumor/Tr-no_426.jpg,notumor,Training,d389e6f867c213b6a564e29455113322,test
data/Training/notumor/Tr-no_420.jpg,notumor,Training,4c8a57ca4fda6790732ae397b23acfa3,train
data/Training/notumor/Tr-no_504.jpg,notumor,Training,e90b876a79ebbc6339ed54428d3f7349,train
data/Training/notumor/Tr-no_845.jpg,notumor,Training,2a2e517ae7d77b877d6457e2aa08cd23,val
data/Training/notumor/Tr-no_511.jpg,notumor,Training,7793024f235f4165b1dac6e5df4624de,val
data/Training/notumor/Tr-no_1128.jpg,notumor,Training,baad308a4485e7a59fdd324a51adffc1,train
data/Training/notumor/Tr-no_1222.jpg,notumor,Training,db2f5851a04741bd8542eb70f62da2b4,test
data/Training/notumor/Tr-no_342.jpg,notumor,Training,f77a4a5753806915e692e24626e54300,test
data/Training/notumor/Tr-no_64.jpg,notumor,Training,f7c3d7c58f682a5d80dde15d4a99f111,train
data/Training/notumor/Tr-no_541.jpg,notumor,Training,c38d7a4dc353798c0c237e748f3c7f4d,train
data/Training/notumor/Tr-no_831.jpg,notumor,Training,46e6159f43133d0a4739a0f84fa10411,train
data/Training/notumor/Tr-no_928.jpg,notumor,Training,1bea083839f56dcb11c9651414ff6f26,train
data/Training/notumor/Tr-no_17.jpg,notumor,Training,92d345cb0e551329cb0ab0041b1d531f,test
data/Training/notumor/Tr-no_1258.jpg,notumor,Training,1deebdea5d1919a17a631a398bfc3d15,test
data/Training/notumor/Tr-no_10.jpg,notumor,Training,8dc116db02a19703b95692c0fc43ab7c,train
data/Training/notumor/Tr-no_33.jpg,notumor,Training,abc9f201b392dad28c540a188b1d9244,train
data/Training/notumor/Tr-no_499.jpg,notumor,Training,4295eee904f5e6c205b01cbae01efab6,test
data/Training/notumor/Tr-no_227.jpg,notumor,Training,285db1c9a5fbb4fb570b51385f02566e,train
data/Training/notumor/Tr-no_514.jpg,notumor,Training,65e6232a1a02072aca28874460d9437c,val
data/Training/notumor/Tr-no_835.jpg,notumor,Training,34c41ac2288b30b780067d5c5e03bd2d,train
data/Training/notumor/Tr-no_596.jpg,notumor,Training,f1eb034a676759de1b26917343951906,train
data/Training/notumor/Tr-no_67.jpg,notumor,Training,ace73b14011423cb2b3c6b6f8e6485c8,train
data/Training/notumor/Tr-no_974.jpg,notumor,Training,6eb93cfd63d681847b2d5f3ba975c340,train
data/Training/notumor/Tr-no_1033.jpg,notumor,Training,fac992a646716ff8cbe9704cb13607d6,test
data/Training/notumor/Tr-no_1168.jpg,notumor,Training,085ef243d950892e7f2c83e3b87113f2,train
data/Training/notumor/Tr-no_1294.jpg,notumor,Training,d021c3eda970beeaa68fef57253e1feb,val
data/Training/notumor/Tr-no_1288.jpg,notumor,Training,46e6159f43133d0a4739a0f84fa10411,train
data/Training/notumor/Tr-no_809.jpg,notumor,Training,cb52717d36274190c7f34838a03f1af8,test
data/Training/notumor/Tr-no_565.jpg,notumor,Training,382a309c1662909431e041df2e825b7e,test
data/Training/notumor/Tr-no_1264.jpg,notumor,Training,93d4bba38c027c84aee1f2a001e685a4,test
data/Training/notumor/Tr-no_1309.jpg,notumor,Training,1b2d322078b0e4fe2357333142491edd,train
data/Training/notumor/Tr-no_1157.jpg,notumor,Training,dd12ae3b5572786c8c5d76e3e47c3303,train
data/Training/notumor/Tr-no_923.jpg,notumor,Training,d03f2c2ca14846645c6258ecae2ead47,val
data/Training/notumor/Tr-no_1313.jpg,notumor,Training,021c41db346e7870a2d5326d185364c9,train
data/Training/notumor/Tr-no_264.jpg,notumor,Training,c729e8808b45042814fe1676fb3b2fa0,train
data/Training/notumor/Tr-no_1170.jpg,notumor,Training,58f044151ee2e82c10c956dc18c0b386,train
data/Training/notumor/Tr-no_615.jpg,notumor,Training,b68f00de8137aed2ba5ffcf86bd07ccd,train
data/Training/notumor/Tr-no_1373.jpg,notumor,Training,e8d1d169137b4d23eddab43cd1e7a6e2,train
data/Training/notumor/Tr-no_1247.jpg,notumor,Training,9b87e110859c001e0683c3b049316858,train
data/Training/notumor/Tr-no_20.jpg,notumor,Training,0cedcdc4ec53849c56db864d2f8209ef,train
data/Training/notumor/Tr-no_490.jpg,notumor,Training,c07e4455eaba1aa3be49247aa6129b90,test
data/Training/notumor/Tr-no_1177.jpg,notumor,Training,a337088f0b279da7c4e621f63957821b,train
data/Training/notumor/Tr-no_988.jpg,notumor,Training,98fb899b2e9c0f212835124577e2cdd9,train
data/Training/notumor/Tr-no_331.jpg,notumor,Training,7bfcc82552adae4a42fa943ae97051da,train
data/Training/notumor/Tr-no_1212.jpg,notumor,Training,c1fda45aa2cffadff7782e45a12a516c,train
data/Training/notumor/Tr-no_1295.jpg,notumor,Training,389129c317bcb056247e61ed58b5a3de,val
data/Training/notumor/Tr-no_838.jpg,notumor,Training,1d37c99317176afec5f6d46be4d56cef,train
data/Training/notumor/Tr-no_323.jpg,notumor,Training,b4cffbc214ceb7e332eb1dff6ff8a444,train
data/Training/notumor/Tr-no_764.jpg,notumor,Training,d52e77fd0e12cfd96d437f00bce28eef,test
data/Training/notumor/Tr-no_1207.jpg,notumor,Training,61f523f2d494d9d0088307e5c68b8b8c,test
data/Training/notumor/Tr-no_1378.jpg,notumor,Training,2e3de2e90728f34969828955a1b242b2,train
data/Training/notumor/Tr-no_220.jpg,notumor,Training,da2a476aca5e9062374ab9975de99f46,train
data/Training/notumor/Tr-no_1091.jpg,notumor,Training,320be18cd6b3ad7b637f4ef0d180ebe0,train
data/Training/notumor/Tr-no_804.jpg,notumor,Training,274f5f6d65739f421e303107f5259df5,train
data/Training/notumor/Tr-no_15.jpg,notumor,Training,eebc325944ed08f43ba3dcdabc9d43e6,train
data/Training/notumor/Tr-no_513.jpg,notumor,Training,80dcb6561e8dba190aad5b6464a1b42f,train
data/Training/notumor/Tr-no_43.jpg,notumor,Training,570dac1fc1d035ab025b3132a5b653ae,train
data/Training/notumor/Tr-no_1052.jpg,notumor,Training,f5d1e179b70c7b29ddaaf48bacc6a370,train
data/Training/notumor/Tr-no_961.jpg,notumor,Training,0c605a8ba4bd62d497872fb1e08758b0,train
data/Training/notumor/Tr-no_1257.jpg,notumor,Training,3dcc4e10d5dff63d6372811e8fb18189,train
data/Training/notumor/Tr-no_747.jpg,notumor,Training,5a2b03cf1973b4e0c5e18a7b439b900e,val
data/Training/notumor/Tr-no_975.jpg,notumor,Training,d622afbfb7c33690172e0369252ca76c,train
data/Training/notumor/Tr-no_79.jpg,notumor,Training,f4ded630c0c84d13bd84b368193bdbff,train
data/Training/notumor/Tr-no_48.jpg,notumor,Training,e5437347d710af8e850b85b3680e7f9b,train
data/Training/notumor/Tr-no_544.jpg,notumor,Training,c2b260033b80845f3c6fc9ade495a5a1,train
data/Training/notumor/Tr-no_39.jpg,notumor,Training,507b8cce35345774276e288c48b575ef,train
data/Training/notumor/Tr-no_937.jpg,notumor,Training,6b1cccb9a9959eb4a692fa71ec6eef25,test
data/Training/notumor/Tr-no_900.jpg,notumor,Training,8280a26ded8958ad876c053fca1a0101,test
data/Training/notumor/Tr-no_1298.jpg,notumor,Training,eb3ccb11fd49250218e47830e8f58773,test
data/Training/notumor/Tr-no_367.jpg,notumor,Training,17f984a9544afcb70c85602f50508741,test
data/Training/notumor/Tr-no_826.jpg,notumor,Training,6fb57a4bd089cbd4d38411b262c1717b,train
data/Training/notumor/Tr-no_110.jpg,notumor,Training,b000d920d1e9818a825f08d847e47349,val
data/Training/notumor/Tr-no_224.jpg,notumor,Training,0cc82102690c7ecbba7b211e9dca4da6,train
data/Training/notumor/Tr-no_1156.jpg,notumor,Training,92211d103174d7610a687b6bcd831904,train
data/Training/notumor/Tr-no_1169.jpg,notumor,Training,cd3644e2865af324bca5bd9160f8cc55,train
data/Training/notumor/Tr-no_258.jpg,notumor,Training,be979313d8730a67d6e98af76a31d20d,test
data/Training/notumor/Tr-no_768.jpg,notumor,Training,d7889c87cdab7a19875e492733e11b58,train
data/Training/notumor/Tr-no_1302.jpg,notumor,Training,fdea69d8f1eaf6ad0933a4e4ba3cc4f6,train
data/Training/notumor/Tr-no_860.jpg,notumor,Training,25fa01729da98d55f447b7586fc3336b,test
data/Training/notumor/Tr-no_642.jpg,notumor,Training,05fe39a899414d2dab6cad25c301b32c,train
data/Training/notumor/Tr-no_419.jpg,notumor,Training,f38666c045376195d91213c94ccd1e2f,train
data/Training/notumor/Tr-no_241.jpg,notumor,Training,74e300144fd708559fd0200b6e927db5,train
data/Training/notumor/Tr-no_1253.jpg,notumor,Training,c00ff93d39654b9bd8772a3a49d91dfd,val
data/Training/notumor/Tr-no_26.jpg,notumor,Training,cb48e8818230050ba450b276bc2755f5,val
data/Training/notumor/Tr-no_708.jpg,notumor,Training,8ec6e1ed44d7d21459724a8a98fa337a,train
data/Training/notumor/Tr-no_1146.jpg,notumor,Training,476ca633f490b6264da377597d56d799,train
data/Training/notumor/Tr-no_605.jpg,notumor,Training,eb986db6e54da65b18a05cc4a9fe019c,train
data/Training/notumor/Tr-no_157.jpg,notumor,Training,dbef0dcda2ca0faa6889750f65c426bc,train
data/Training/notumor/Tr-no_694.jpg,notumor,Training,d1cdc1f9f67ceb6e236c2abba649295c,train
data/Training/notumor/Tr-no_924.jpg,notumor,Training,23c96abe99399432a0c51e51347090f2,train
data/Training/notumor/Tr-no_411.jpg,notumor,Training,9a96042ca9379abbdb7be132cb833221,val
data/Training/notumor/Tr-no_720.jpg,notumor,Training,b6ce0a54d799d61f77617809c5e78ef2,test
data/Training/notumor/Tr-no_1059.jpg,notumor,Training,d342982ad128ffde5bd40d88d647002f,train
data/Training/notumor/Tr-no_364.jpg,notumor,Training,af3a478127cdc55afc89afefe90260a7,val
data/Training/notumor/Tr-no_1058.jpg,notumor,Training,8b364e62b8b70b84b04afbb7d56da0ba,test
data/Training/notumor/Tr-no_780.jpg,notumor,Training,beea2fac64ad938f44d12328a0914f9f,train
data/Training/notumor/Tr-no_771.jpg,notumor,Training,f70c4bc5533e405d1ef1cbf1d41b7d46,train
data/Training/notumor/Tr-no_670.jpg,notumor,Training,503ecf3f3f5172bced6ec09580c6999e,train
data/Training/notumor/Tr-no_112.jpg,notumor,Training,24e83deaaae9ab0f15565690e474f5fc,train
data/Training/notumor/Tr-no_660.jpg,notumor,Training,c6aa58f0d3713e5aec0cf8b373ba02e5,test
data/Training/pituitary/Tr-pi_1383.jpg,pituitary,Training,729508a7e08caadc8c39cfbd80bf7094,val
data/Training/pituitary/Tr-pi_1358.jpg,pituitary,Training,9bd4e11777e8c2d1310f5bfa026f4034,train
data/Training/pituitary/Tr-pi_403.jpg,pituitary,Training,48f47b4db9e3dd0fe58f608aad769dc5,train
data/Training/pituitary/Tr-pi_296.jpg,pituitary,Training,d1e8d3bfa9ecfabd2aed83dfa047600a,train
data/Training/pituitary/Tr-pi_359.jpg,pituitary,Training,bab8044dd2271a2f8b3092189474842f,val
data/Training/pituitary/Tr-pi_1127.jpg,pituitary,Training,d075ae911f6b97e58c5d3e33d5d934bf,val
data/Training/pituitary/Tr-pi_769.jpg,pituitary,Training,944c111be73e69d19988687eece9871b,train
data/Training/pituitary/Tr-pi_418.jpg,pituitary,Training,5ea663c809f0193588cb8bc5e2f2c81f,train
data/Training/pituitary/Tr-pi_235.jpg,pituitary,Training,bc7736eeeb92f79e9b74958be05424ac,test
data/Training/pituitary/Tr-pi_1267.jpg,pituitary,Training,51956bd278363d396d24dee6f63276f5,test
data/Training/pituitary/Tr-pi_585.jpg,pituitary,Training,752d313554ba660125a4c1c0b6ca2ccf,train
data/Training/pituitary/Tr-pi_1123.jpg,pituitary,Training,994d84d1082d3997e7202ef180346086,train
data/Training/pituitary/Tr-pi_362.jpg,pituitary,Training,17651689762003c4daffc3050e56362a,train
data/Training/pituitary/Tr-pi_1339.jpg,pituitary,Training,e3ba2a330b921704ecae3a47624106e3,train
data/Training/pituitary/Tr-pi_928.jpg,pituitary,Training,37d9b2e8f32519fba8e67ef120bb343e,train
data/Training/pituitary/Tr-pi_273.jpg,pituitary,Training,951bf968ca99ca54f82a0d6561fdc6f8,test
data/Training/pituitary/Tr-pi_716.jpg,pituitary,Training,4f729d1f77bb9590069e778c4ea19c7a,train
data/Training/pituitary/Tr-pi_1072.jpg,pituitary,Training,6eaf26e8be5a253fce332fbef92316d4,train
data/Training/pituitary/Tr-pi_481.jpg,pituitary,Training,99428dddadf5cc9e88607fc72c517925,train
data/Training/pituitary/Tr-pi_1216.jpg,pituitary,Training,fce73112cc20ebf24a6a95309a34545c,val
data/Training/pituitary/Tr-pi_1371.jpg,pituitary,Training,845bb4a5b6733aa19eac560bc40d1c58,train
data/Training/pituitary/Tr-pi_206.jpg,pituitary,Training,de3d25edd8866f73c7b451601252319c,train
data/Training/pituitary/Tr-pi_1145.jpg,pituitary,Training,f2aba898b9d74b986afb47f710d6ed2c,train
data/Training/pituitary/Tr-pi_1315.jpg,pituitary,Training,713e72f5def40516e420799d1f079917,train
data/Training/pituitary/Tr-pi_1112.jpg,pituitary,Training,0536dde08435cbea17d7e4841ebe2f88,val
data/Training/pituitary/Tr-pi_1239.jpg,pituitary,Training,c7a0b513bea1a4c79b2213fc146236d3,train
data/Training/pituitary/Tr-pi_994.jpg,pituitary,Training,76194ae90db0d5712093d92e3b78d2c9,val
data/Training/pituitary/Tr-pi_1152.jpg,pituitary,Training,499e94ee4fc729e7ccb379dc7ea80da7,val
data/Training/pituitary/Tr-pi_1171.jpg,pituitary,Training,7e1ed08f8368601ad7e8f5d677c70f56,train
data/Training/pituitary/Tr-pi_1128.jpg,pituitary,Training,49d3da4b7d8cb4049abf0fcb7c24fc89,test
data/Training/pituitary/Tr-pi_404.jpg,pituitary,Training,8f988269d3f676ce913b7bbf10dbf69c,train
data/Training/pituitary/Tr-pi_75.jpg,pituitary,Training,9ac2bb858e51e57e9652feba3728004e,train
data/Training/pituitary/Tr-pi_1374.jpg,pituitary,Training,deb2ebf185d3d6207de206e6e4546473,train
data/Training/pituitary/Tr-pi_667.jpg,pituitary,Training,33d92536ad9d05b5190993876dd2cd28,train
data/Training/pituitary/Tr-pi_13.jpg,pituitary,Training,e71ae7bbb3386646a1459e5ed4655c75,train
data/Training/pituitary/Tr-pi_919.jpg,pituitary,Training,7fba157fd69438984c217e5c2f81f7a1,train
data/Training/pituitary/Tr-pi_1380.jpg,pituitary,Training,ea8bd10492e003137e816400c2aeceb1,train
data/Training/pituitary/Tr-pi_230.jpg,pituitary,Training,31e9093795e1e0e8974f2248bdf917e8,test
data/Training/pituitary/Tr-pi_138.jpg,pituitary,Training,56aead3157b059c49eec1e2dbebad01f,train
data/Training/pituitary/Tr-pi_217.jpg,pituitary,Training,5d0d462ff44467b17b075fdc6098deaf,train
data/Training/pituitary/Tr-pi_304.jpg,pituitary,Training,1d9ee5d16062b426d4c976cbe94695ae,test
data/Training/pituitary/Tr-pi_539.jpg,pituitary,Training,a818b6c86278b6f521d9dd40953626f9,test
data/Training/pituitary/Tr-pi_1368.jpg,pituitary,Training,209de8d8dcd6fb5fa9c5f71ebac03c0f,train
data/Training/pituitary/Tr-pi_544.jpg,pituitary,Training,a2a6e39ddcc54aeca96fcffd5b95d898,train
data/Training/pituitary/Tr-pi_1225.jpg,pituitary,Training,e44511ad4151814a0afaa03a0faa3b53,train
data/Training/pituitary/Tr-pi_316.jpg,pituitary,Training,de13a6c8a5c32863e8242cb2aa4a39aa,test
data/Training/pituitary/Tr-pi_27.jpg,pituitary,Training,fba8a9f6c3efa2215c1532b3d3f0ca7d,train
data/Training/pituitary/Tr-pi_1081.jpg,pituitary,Training,eee79ac24870ea7c90291641c417ccc3,train
data/Training/pituitary/Tr-pi_505.jpg,pituitary,Training,fa012e3facf283c5bbf2cfbf6928dde7,train
data/Training/pituitary/Tr-pi_162.jpg,pituitary,Training,f72b79dc923211364acedb111f3c3f9d,train
data/Training/pituitary/Tr-pi_110.jpg,pituitary,Training,df9f8a388ab91f2aa721a8259738a4e0,train
data/Training/pituitary/Tr-pi_1178.jpg,pituitary,Training,5b3fc9958442f429ab0fa260bdef89b6,train
data/Training/pituitary/Tr-pi_1259.jpg,pituitary,Training,e6c275fa53317f1cd90491a44b6a9a59,train
data/Training/pituitary/Tr-pi_985.jpg,pituitary,Training,8502817ebf0fb1bea7757758fd5358a3,test
data/Training/pituitary/Tr-pi_1108.jpg,pituitary,Training,c1cc2605e757cb2a95922ffc3eb764de,train
data/Training/pituitary/Tr-pi_1099.jpg,pituitary,Training,d1301bfaf1b4f4528b7b0d500ea151a8,train
data/Training/pituitary/Tr-pi_497.jpg,pituitary,Training,c626417c78d58e163540568f5438de16,train
data/Training/pituitary/Tr-pi_650.jpg,pituitary,Training,7fadc2f4fa8f1ae624d904e0176160b3,train
data/Training/pituitary/Tr-pi_1142.jpg,pituitary,Training,b0bdd2cfb227ae0b9be7541cd71deaf0,train
data/Training/pituitary/Tr-pi_1356.jpg,pituitary,Training,86321ad2ba388cebc8433ee0f7de96f4,train
data/Training/pituitary/Tr-pi_975.jpg,pituitary,Training,c1d0f0c76d5f180c96d3a93a1511c6bc,val
data/Training/pituitary/Tr-pi_781.jpg,pituitary,Training,b5077d81490086cdb53ac47cfa8d340f,train
data/Training/pituitary/Tr-pi_197.jpg,pituitary,Training,e6130a277630eabb0934d2f85950190d,train
data/Training/pituitary/Tr-pi_862.jpg,pituitary,Training,11ce3ed99a783030bd1528ac705edf80,train
data/Training/pituitary/Tr-pi_332.jpg,pituitary,Training,f1d2f63e1daab93081e0a0bf71f51d20,train
data/Training/pituitary/Tr-pi_682.jpg,pituitary,Training,a1fdd0938f2e8d725ec4bf63776c9748,train
data/Training/pituitary/Tr-pi_1181.jpg,pituitary,Training,3665fdf79547807d98e5053427a45a98,train
data/Training/pituitary/Tr-pi_430.jpg,pituitary,Training,05c3caea567ffd77caf79c12654b87e5,train
data/Training/pituitary/Tr-pi_961.jpg,pituitary,Training,7cb3263477b7031290716618352b4cf4,train
data/Training/pituitary/Tr-pi_1372.jpg,pituitary,Training,c1013a88f2a09f686e66c7d70396e34d,train
data/Training/pituitary/Tr-pi_1354.jpg,pituitary,Training,bf740a9d66fdc6fcbdde086f550d89e2,train
data/Training/pituitary/Tr-pi_695.jpg,pituitary,Training,397b85580e84bbed5773ef83421ee91c,train
data/Training/pituitary/Tr-pi_1280.jpg,pituitary,Training,2b4356cca38d27122197780886bea089,train
data/Training/pituitary/Tr-pi_1124.jpg,pituitary,Training,93087c4a11022702322341be68e8b9a0,test
data/Training/pituitary/Tr-pi_1384.jpg,pituitary,Training,2bd6a059962700c1e6140ad564c0e252,val
data/Training/pituitary/Tr-pi_71.jpg,pituitary,Training,58dbbe600f95a2cdd89c3f8ca587eac9,train
data/Training/pituitary/Tr-pi_261.jpg,pituitary,Training,b6276f725b9a3661ea24de2d01adf881,train
data/Training/pituitary/Tr-pi_100.jpg,pituitary,Training,dfddb28b40a802ad6a54416029c08536,test
data/Training/pituitary/Tr-pi_94.jpg,pituitary,Training,1cd05d73bbc4bd32316a91fa13290a13,test
data/Training/pituitary/Tr-pi_1232.jpg,pituitary,Training,6b4519bdc74b971c7fac33a82ca3de66,train
data/Training/pituitary/Tr-pi_1360.jpg,pituitary,Training,24cc7b2af7a6a59e5106ac77e6e98193,train
data/Training/pituitary/Tr-pi_1268.jpg,pituitary,Training,b6d6b4a9af66e1c2a2e8f9ef97234529,val
data/Training/pituitary/Tr-pi_853.jpg,pituitary,Training,faca9659f282286c78c681286ccfcc0c,train
data/Training/pituitary/Tr-pi_88.jpg,pituitary,Training,f529dd25e2581da6b83b0f117bace228,train
data/Training/pituitary/Tr-pi_205.jpg,pituitary,Training,e17042907ec6ff34d10ccf647bafd6c4,train
data/Training/pituitary/Tr-pi_57.jpg,pituitary,Training,13b6fd81fa1abb232b62e0d8e45bcdb7,train
data/Training/pituitary/Tr-pi_1102.jpg,pituitary,Training,5e4ae20dbc749d2ce1363ce26a69995c,train
data/Training/pituitary/Tr-pi_826.jpg,pituitary,Training,ed120c77cdae17c4e8349cd579d47c89,train
data/Training/pituitary/Tr-pi_815.jpg,pituitary,Training,8cc4b0c2d6362392aadf8b3682ae9b6b,train
data/Training/pituitary/Tr-pi_1170.jpg,pituitary,Training,14f53b98d4f9cd82498585dbeee9b369,train
data/Training/pituitary/Tr-pi_1103.jpg,pituitary,Training,21c242bd74c2a653353d106273279da1,train
data/Training/pituitary/Tr-pi_572.jpg,pituitary,Training,7ee1d890539dd2031f69cdc5b73ca636,train
data/Training/pituitary/Tr-pi_36.jpg,pituitary,Training,badecc8c9ae384add759db8291ce99a0,train
data/Training/pituitary/Tr-pi_877.jpg,pituitary,Training,96dc39c296eaa3907889567a4e802129,train
data/Training/pituitary/Tr-pi_1161.jpg,pituitary,Training,5a9962976dd9a4ca5608192e7c02eb74,test
data/Training/pituitary/Tr-pi_246.jpg,pituitary,Training,b7f875bedfac719015cc81bc888151b3,val
data/Training/pituitary/Tr-pi_543.jpg,pituitary,Training,cad5981831799c3ca47cc7dc5f948f59,val
data/Training/pituitary/Tr-pi_533.jpg,pituitary,Training,0174189eb63b6f373dcf0cb6881d9b76,train
data/Training/pituitary/Tr-pi_1116.jpg,pituitary,Training,3f4fee6c4289d743dc400dfdf82eb1d4,train
data/Training/pituitary/Tr-pi_851.jpg,pituitary,Training,ddf454412f71eb80af956781d2c34268,test
data/Training/pituitary/Tr-pi_618.jpg,pituitary,Training,f0202c6c3fa0e0680b86b85df96d3863,test
data/Training/pituitary/Tr-pi_239.jpg,pituitary,Training,4a04f6191bd56edff0a96dcfe1b22ee4,train
data/Training/pituitary/Tr-pi_1206.jpg,pituitary,Training,6133a9d86ea885865759f3250be2c78c,train
data/Training/pituitary/Tr-pi_511.jpg,pituitary,Training,20aab11e9bacfe54cdb8d6e030007c3d,val
data/Training/pituitary/Tr-pi_869.jpg,pituitary,Training,342c6cd2a456a7d9f64a614105432645,val
data/Training/pituitary/Tr-pi_775.jpg,pituitary,Training,bba7fc6dc009a2304cf83961503f5ef4,train
data/Training/pituitary/Tr-pi_1313.jpg,pituitary,Training,3eed96ae24d7682a42b4894a6899fd6f,train
data/Training/pituitary/Tr-pi_1248.jpg,pituitary,Training,63d5dd6d307d2a6b2a7413fa6e1bd6ea,train
data/Training/pituitary/Tr-pi_126.jpg,pituitary,Training,eb630c20213b714353c391472ddac98e,train
data/Training/pituitary/Tr-pi_1174.jpg,pituitary,Training,56aafbe6c058fb2d55035e92ea473239,train
data/Training/pituitary/Tr-pi_587.jpg,pituitary,Training,6329b14a4e243021562c96e2757d67b3,test
data/Training/pituitary/Tr-pi_225.jpg,pituitary,Training,0c65f470d9aff8cc26df417ec684e1e9,test
data/Training/pituitary/Tr-pi_1085.jpg,pituitary,Training,ecbb01233d090cb01acb13134338a88d,val
data/Training/pituitary/Tr-pi_783.jpg,pituitary,Training,6c42f719ca13c6bf14f3374dd5329104,train
data/Training/pituitary/Tr-pi_160.jpg,pituitary,Training,e3ba2a330b921704ecae3a47624106e3,train
data/Training/pituitary/Tr-pi_709.jpg,pituitary,Training,f5ecf67051a6de48fa5d57168f7f8004,train
data/Training/pituitary/Tr-pi_1385.jpg,pituitary,Training,4822756b77a070273bbec07d0b8d7e5a,train
data/Training/pituitary/Tr-pi_348.jpg,pituitary,Training,3f132d52ed0c60d270e240f2ebe6d519,train
data/Training/pituitary/Tr-pi_16.jpg,pituitary,Training,6296b26a023d294dc065c1a75f6cedc1,test
data/Training/pituitary/Tr-pi_545.jpg,pituitary,Training,943ebbe7a83590cf8e09f8293e55668d,train
data/Training/pituitary/Tr-pi_1338.jpg,pituitary,Training,e0dd4eac1fa34cc7e591770d88ba2958,test
data/Training/pituitary/Tr-pi_5.jpg,pituitary,Training,45ef460bf192ba133c6648b50647f4de,train
data/Training/pituitary/Tr-pi_856.jpg,pituitary,Training,a212502411049ea5b1f13ccf7097f4c9,val
data/Training/pituitary/Tr-pi_50.jpg,pituitary,Training,d25254d5e73aff087eb32f8588ca9b4c,train
data/Training/pituitary/Tr-pi_379.jpg,pituitary,Training,ef85b5d097e17f37e09b1e25121137c3,train
data/Training/pituitary/Tr-pi_804.jpg,pituitary,Training,8037f8382a605d831b3a1b378fa31095,train
data/Training/pituitary/Tr-pi_740.jpg,pituitary,Training,8e8604156fc65ca80dbb28f1a56f35b5,train
data/Training/pituitary/Tr-pi_564.jpg,pituitary,Training,690f2c41084c1b8727b1c51812153004,train
data/Training/pituitary/Tr-pi_1258.jpg,pituitary,Training,e68a9629220df646f38a31f86a39f49e,train
data/Training/pituitary/Tr-pi_888.jpg,pituitary,Training,d4b2e2be1dcc9276dfae8c33251860c1,train
data/Training/pituitary/Tr-pi_290.jpg,pituitary,Training,a83d3097a6399fca02f5b0549128698f,train
data/Training/pituitary/Tr-pi_144.jpg,pituitary,Training,010541c51ed07d2fa15dd79925e934de,val
data/Training/pituitary/Tr-pi_422.jpg,pituitary,Training,d3d0a392321d5dc1147043f2d8bca12a,test
data/Training/pituitary/Tr-pi_1397.jpg,pituitary,Training,7ca9d7836bf9bd9c6be7c67a5ef81a58,train
data/Training/pituitary/Tr-pi_891.jpg,pituitary,Training,f870dd47f847ac5a15c13627a866c6db,train
data/Training/pituitary/Tr-pi_1046.jpg,pituitary,Training,8265e7d7aae4663d22ba93651d32f4bb,test
data/Training/pituitary/Tr-pi_1367.jpg,pituitary,Training,307feec9aa5363b7e4d649de4bda8955,train
data/Training/pituitary/Tr-pi_970.jpg,pituitary,Training,982cd52050f483c30237a322dd0c5e81,train
data/Training/pituitary/Tr-pi_220.jpg,pituitary,Training,8fa9a4d352375e1c0827508a3e9aab3d,train
data/Training/pituitary/Tr-pi_139.jpg,pituitary,Training,5ee9cff6443e7ccdd96792a8fc985aa4,train
data/Training/pituitary/Tr-pi_1097.jpg,pituitary,Training,3f5b4623c84ff56c36418f65d7967c5e,train
data/Training/pituitary/Tr-pi_805.jpg,pituitary,Training,37f42c6a8b3782e3fe33c00e570ad7fe,train
data/Training/pituitary/Tr-pi_704.jpg,pituitary,Training,1e3d2482b7c7a17cdd6b3cc9b8a31f5e,train
data/Training/pituitary/Tr-pi_933.jpg,pituitary,Training,7f8ad70d50a834f82e87df33e21ae91e,train
data/Training/pituitary/Tr-pi_171.jpg,pituitary,Training,118be381eb721c281773725f0f6c89e4,train
data/Training/pituitary/Tr-pi_393.jpg,pituitary,Training,9ff1e2d850550c87c8b71f0674eeb680,train
data/Training/pituitary/Tr-pi_620.jpg,pituitary,Training,897c3884ba057d7ccd7d02a194df701e,train
data/Training/pituitary/Tr-pi_25.jpg,pituitary,Training,ba2d447d1f7adde54f33983a914dd90c,test
data/Training/pituitary/Tr-pi_1175.jpg,pituitary,Training,acfb1cb95cdb286064b8e015f9327bac,train
data/Training/pituitary/Tr-pi_889.jpg,pituitary,Training,43e60701ad7b923fc477e9276ed444d6,train
data/Training/pituitary/Tr-pi_1075.jpg,pituitary,Training,5897674f989df144d201b308d22fa1d1,train
data/Training/pituitary/Tr-pi_1224.jpg,pituitary,Training,a2cc7743d7b0fb1f46b23a87402faa9a,train
data/Training/pituitary/Tr-pi_1053.jpg,pituitary,Training,da6495f31cd807b6751749f3751fa26b,train
data/Training/pituitary/Tr-pi_1277.jpg,pituitary,Training,f20215c3b606e9927fb360bfb731bdda,train
data/Training/pituitary/Tr-pi_1204.jpg,pituitary,Training,c502d94078da9146833465c94f8152f5,train
data/Training/pituitary/Tr-pi_1288.jpg,pituitary,Training,25c026d94c3e8fbe622c90e277a86a13,val
data/Training/pituitary/Tr-pi_1395.jpg,pituitary,Training,2068b06f88a0fb766bb04e3f1e7ed765,train
data/Training/pituitary/Tr-pi_202.jpg,pituitary,Training,6d9812290229d3c76fc17f5fe468e02e,train
data/Training/pituitary/Tr-pi_487.jpg,pituitary,Training,019d2a69c9d5e8a7d0a6fc86b298a7c2,train
data/Training/pituitary/Tr-pi_683.jpg,pituitary,Training,04507fe2c3fe358c702ccd0884cdc8f9,train
data/Training/pituitary/Tr-pi_748.jpg,pituitary,Training,2417232c301e183a281f432fa8814dca,train
data/Training/pituitary/Tr-pi_1200.jpg,pituitary,Training,43fbeaa509ce3c95205b6d4daa68eef2,train
data/Training/pituitary/Tr-pi_827.jpg,pituitary,Training,96c28c93ce73f9c17d44d5712b7834df,train
data/Training/pituitary/Tr-pi_1187.jpg,pituitary,Training,6c9fee8d2f733b06b500a0ab9d0c3fd3,val
data/Training/pituitary/Tr-pi_80.jpg,pituitary,Training,25c38d351aafda12a04848a75657a5ad,train
data/Training/pituitary/Tr-pi_215.jpg,pituitary,Training,1847638914edfd3380a9230c0e55d884,train
data/Training/pituitary/Tr-pi_143.jpg,pituitary,Training,0ac77c7814bb4f5c54738c7d2f9d9cdc,train
data/Training/pituitary/Tr-pi_319.jpg,pituitary,Training,5a51d08f57bf0b7ff321d21aa9407c81,test
data/Training/pituitary/Tr-pi_111.jpg,pituitary,Training,226a75f6fb8ad4f566f1e99f54782e2e,train
data/Training/pituitary/Tr-pi_472.jpg,pituitary,Training,f907ac4d23ba3ac193e87a7416c36508,train
data/Training/pituitary/Tr-pi_1328.jpg,pituitary,Training,b33d4fa77291be18e9872626161f6427,train
data/Training/pituitary/Tr-pi_452.jpg,pituitary,Training,44496ac4c8122ef09d6026acb6b6887f,train
data/Training/pituitary/Tr-pi_475.jpg,pituitary,Training,f18d8e96d5b5219ddf85595363647e20,train
data/Training/pituitary/Tr-pi_1182.jpg,pituitary,Training,e860206763706c534de4f6feb8b83f4b,train
data/Training/pituitary/Tr-pi_622.jpg,pituitary,Training,59cd27f52f5b0598fb35d03c1097fa83,train
data/Training/pituitary/Tr-pi_800.jpg,pituitary,Training,b01ac2313ade74715c7ed85d220026fc,train
data/Training/pituitary/Tr-pi_1347.jpg,pituitary,Training,c21e17d62cd6ec720745da8302d1f7ca,train
data/Training/pituitary/Tr-pi_506.jpg,pituitary,Training,9d3ebbb8c69f7b32f5f22f238bc82525,train
data/Training/pituitary/Tr-pi_1137.jpg,pituitary,Training,71abccca2578f56750cee50239c733fe,train
data/Training/pituitary/Tr-pi_1154.jpg,pituitary,Training,e3ba2a330b921704ecae3a47624106e3,train
data/Training/pituitary/Tr-pi_724.jpg,pituitary,Training,489aa82ec5d947c9c740e1c8aea2807f,train
data/Training/pituitary/Tr-pi_1022.jpg,pituitary,Training,85e3c7da6a5204ab512e4afdfec5bb3a,train
data/Training/pituitary/Tr-pi_340.jpg,pituitary,Training,60dde3d20f9b07c2c6fe34d7d84e35df,train
data/Training/pituitary/Tr-pi_148.jpg,pituitary,Training,15b50760d200960c140cad71458ba37d,test
data/Training/pituitary/Tr-pi_1314.jpg,pituitary,Training,8ea30f04659fd57bfe65356bd9c7ad82,train
data/Training/pituitary/Tr-pi_870.jpg,pituitary,Training,53956fb936543060f9fe24c29671d30c,test
data/Training/pituitary/Tr-pi_23.jpg,pituitary,Training,08adac7ab14dd7c878456a4b619bfb58,train
data/Training/pituitary/Tr-pi_855.jpg,pituitary,Training,41b3f6f4b5a52d9c6f5846086fc11ba6,val
data/Training/pituitary/Tr-pi_41.jpg,pituitary,Training,74bd73360c46d9cd268f4517b838ce36,train
data/Training/pituitary/Tr-pi_443.jpg,pituitary,Training,e62f2b06dd4b2e61e3205696ee5bdda6,val
data/Training/pituitary/Tr-pi_489.jpg,pituitary,Training,db7855843061db3c8b956ad1f228403c,train
data/Training/pituitary/Tr-pi_592.jpg,pituitary,Training,80f2c9f8e4721808c2d105d8ee3fec5f,train
data/Training/pituitary/Tr-pi_150.jpg,pituitary,Training,0f18cc390a4c088848b220b55263f98d,train
data/Training/pituitary/Tr-pi_512.jpg,pituitary,Training,201b826cfab71ca61b0a4ef4951c6d3b,val
data/Training/pituitary/Tr-pi_289.jpg,pituitary,Training,050a0a7197d211da193931e8b19d0dcc,train
data/Training/pituitary/Tr-pi_1307.jpg,pituitary,Training,fdfa29676ab9d500db155b8698466c26,train
data/Training/pituitary/Tr-pi_343.jpg,pituitary,Training,9965f31f00ced76942dd4884d277e1a0,train
data/Training/pituitary/Tr-pi_415.jpg,pituitary,Training,06bdc8fa8e7ab4b1e8c7b30bff1b35fc,val
data/Training/pituitary/Tr-pi_859.jpg,pituitary,Training,7c912aba7cfa5bb3fc361637231dd4e0,val
data/Training/pituitary/Tr-pi_1209.jpg,pituitary,Training,ca3ad7e6cd4825a0d5cff84d11757bed,train
data/Training/pituitary/Tr-pi_842.jpg,pituitary,Training,b6b62cb09aa75a54d07b33a6abd01bf5,train
data/Training/pituitary/Tr-pi_448.jpg,pituitary,Training,a94c81be413152b7e451c0756f3f0c72,train
data/Training/pituitary/Tr-pi_102.jpg,pituitary,Training,77655169acf02a63d16db36b55753f91,test
data/Training/pituitary/Tr-pi_413.jpg,pituitary,Training,eac7dfb175117a32cf94a109c4cfc6bf,train
data/Training/pituitary/Tr-pi_125.jpg,pituitary,Training,7f36911adbf775aa48c8c36a15a416a2,train
data/Training/pituitary/Tr-pi_640.jpg,pituitary,Training,d1db6cc063f0422592c0d46dc58446f0,train
data/Training/pituitary/Tr-pi_636.jpg,pituitary,Training,1273412fc8e41c12fd9a7d323ba9b895,train
data/Training/pituitary/Tr-pi_1162.jpg,pituitary,Training,f9682c65d14760aaae63984bcf740df8,val
data/Training/pituitary/Tr-pi_1317.jpg,pituitary,Training,756b886693cd8e913d99156db8a34de4,train
data/Training/pituitary/Tr-pi_981.jpg,pituitary,Training,66a6d9c3455a44341ff8c051ad4f01dd,val
data/Training/pituitary/Tr-pi_1130.jpg,pituitary,Training,f9a823c9163eb96c3fb99b5a9b234aab,val
data/Training/pituitary/Tr-pi_956.jpg,pituitary,Training,0581e59052dfb57046fddeb4d1878faa,train
data/Training/pituitary/Tr-pi_820.jpg,pituitary,Training,cc923f06dbaf10becd38efb91d57b9db,test
data/Training/pituitary/Tr-pi_566.jpg,pituitary,Training,38af8babbb5c969abbd87f5c3906e63a,test
data/Training/pituitary/Tr-pi_350.jpg,pituitary,Training,bf145b5e2e639519d02d24c061c22cd3,train
data/Training/pituitary/Tr-pi_1330.jpg,pituitary,Training,d056913e23eb25316196d04375f60f49,val
data/Training/pituitary/Tr-pi_106.jpg,pituitary,Training,f873d81569d77d26abc9cff93c6dc734,train
data/Training/pituitary/Tr-pi_914.jpg,pituitary,Training,03ab1d9fb61c5890e58e27ada2a63687,val
data/Training/pituitary/Tr-pi_832.jpg,pituitary,Training,8c8f7fabfadadbb24ae08076945df47c,train
data/Training/pituitary/Tr-pi_231.jpg,pituitary,Training,f98ec662436b2b5e80d90d3c0aca29e3,train
data/Training/pituitary/Tr-pi_502.jpg,pituitary,Training,402993731b461486619d8e4f21d5a94f,val
data/Training/pituitary/Tr-pi_673.jpg,pituitary,Training,3dc18fc001f9586cb8fe90090a0774ef,train
data/Training/pituitary/Tr-pi_467.jpg,pituitary,Training,8de96f9765d3cd8488b1a1f0d9ec45fa,val
data/Training/pituitary/Tr-pi_797.jpg,pituitary,Training,22cc899e40665c130e0de73d0ac60263,val
data/Training/pituitary/Tr-pi_672.jpg,pituitary,Training,c752cc4707ff9e1d688f347563f69bd9,test
data/Training/pituitary/Tr-pi_1240.jpg,pituitary,Training,06f052863680259e27102ab6b2560c53,train
data/Training/pituitary/Tr-pi_669.jpg,pituitary,Training,e5d4c1c6ca6a9dfc814d021375880e97,train
data/Training/pituitary/Tr-pi_54.jpg,pituitary,Training,5d93554176e6be6f84c137ea0288a661,train
data/Training/pituitary/Tr-pi_824.jpg,pituitary,Training,a31c0971129f460daf821e0c8ad7a8b4,train
data/Training/pituitary/Tr-pi_70.jpg,pituitary,Training,a127331d8eb16a3476ae8d68c25e792c,val
data/Training/pituitary/Tr-pi_763.jpg,pituitary,Training,680022005ea0acdf17c86efc8f81b931,train
data/Training/pituitary/Tr-pi_882.jpg,pituitary,Training,dcd9ef9d12ecda2ed54675ef6be31770,train
data/Training/pituitary/Tr-pi_26.jpg,pituitary,Training,c6a44ceb2d6f62e6d96e56b02765483f,train
data/Training/pituitary/Tr-pi_1344.jpg,pituitary,Training,f0e09f099f703f88372efd9599bcffc2,train
data/Training/pituitary/Tr-pi_33.jpg,pituitary,Training,7369cae0138d170c747efdffe71bf7e8,val
data/Training/pituitary/Tr-pi_1059.jpg,pituitary,Training,1b3e9cee48cc80e2872aad68298c4d85,train
data/Training/pituitary/Tr-pi_1164.jpg,pituitary,Training,b9e4ec5cf5f176e2465da20d9b82f187,val
data/Training/pituitary/Tr-pi_488.jpg,pituitary,Training,2e6074938c4209cf9015dd05c6aa8326,train
data/Training/pituitary/Tr-pi_247.jpg,pituitary,Training,9746a2f671313d4c23de67ac1890a150,train
data/Training/pituitary/Tr-pi_306.jpg,pituitary,Training,008c98403b057fc344bf0a9f2e7de6c2,train
data/Training/pituitary/Tr-pi_1300.jpg,pituitary,Training,fed9619dd7164b3ec32b73b2d73e182e,test
data/Training/pituitary/Tr-pi_389.jpg,pituitary,Training,2808db8b635af63f6c1d8fbb10930823,train
data/Training/pituitary/Tr-pi_1264.jpg,pituitary,Training,8a6cd3ed5b21316c063843beca6502ec,train
data/Training/pituitary/Tr-pi_212.jpg,pituitary,Training,3d3ca385ca3c5c2e785614492bf8afc2,train
data/Training/pituitary/Tr-pi_420.jpg,pituitary,Training,c804ad2d51a219866a1e3cc91df8230e,test
data/Training/pituitary/Tr-pi_932.jpg,pituitary,Training,7a645e109f71c179017ad4c36b7020a4,train
data/Training/pituitary/Tr-pi_986.jpg,pituitary,Training,bddc16b9d01aa908f7b0be7c42b30007,val
data/Training/pituitary/Tr-pi_708.jpg,pituitary,Training,89e0262a8aa62200b906c8550344e1e3,train
data/Training/pituitary/Tr-pi_687.jpg,pituitary,Training,507dd96d0f7d29d94ebd11cdc850fa14,test
data/Training/pituitary/Tr-pi_603.jpg,pituitary,Training,9f0eaefe6dd59ba740e5e2dcb9a19fd5,train
data/Training/pituitary/Tr-pi_270.jpg,pituitary,Training,03e42317de30c5e4fbb45bf8104d3d42,val
data/Training/pituitary/Tr-pi_1001.jpg,pituitary,Training,963c17b84217495d72c6b4655195fb82,train
data/Training/pituitary/Tr-pi_686.jpg,pituitary,Training,6f3b18839cfd918584eb58c48986e9c6,train
data/Training/pituitary/Tr-pi_786.jpg,pituitary,Training,ed0fc428e9a914919f20699333c5708e,train
data/Training/pituitary/Tr-pi_551.jpg,pituitary,Training,8f6435639868e6f32cddbb45a3654d95,train
data/Training/pituitary/Tr-pi_394.jpg,pituitary,Training,0dd72961ddfa0607cea65fb753ff80f2,test
data/Training/pituitary/Tr-pi_140.jpg,pituitary,Training,1b864673cf027375f193def3017830ec,test
data/Training/pituitary/Tr-pi_660.jpg,pituitary,Training,7fd41e98db4eb433de1a20c7dac9ef81,train
data/Training/pituitary/Tr-pi_788.jpg,pituitary,Training,fdfdd5b856627e07140893adfad8674b,train
data/Training/pituitary/Tr-pi_28.jpg,pituitary,Training,12abed97827b3a0376e15d934e725f82,train
data/Training/pituitary/Tr-pi_491.jpg,pituitary,Training,ca9afb398680b1980b2e95b9d5bc0b15,train
data/Training/pituitary/Tr-pi_1061.jpg,pituitary,Training,584d6a0229efbadef04d46c5628c4b7f,train
data/Training/pituitary/Tr-pi_954.jpg,pituitary,Training,201c42420924c6cb3ca080b2d6773175,train
data/Training/pituitary/Tr-pi_204.jpg,pituitary,Training,0c60c80a6e58aceca5b461a197485442,train
data/Training/pituitary/Tr-pi_1040.jpg,pituitary,Training,d5c87b2ae7fe46125f6c4dd8569d40fc,train
data/Training/pituitary/Tr-pi_878.jpg,pituitary,Training,37f42c6a8b3782e3fe33c00e570ad7fe,train
data/Training/pituitary/Tr-pi_116.jpg,pituitary,Training,440375ae916586d15c1b0f56b9b8ca59,test
data/Training/pituitary/Tr-pi_470.jpg,pituitary,Training,bfa55f144f8193af0a2558faee07d6f5,train
data/Training/pituitary/Tr-pi_984.jpg,pituitary,Training,b612aa0d702020c3dd896f4294000a02,test
data/Training/pituitary/Tr-pi_535.jpg,pituitary,Training,300cff21ec4246781c7b9fe59446454d,test
data/Training/pituitary/Tr-pi_311.jpg,pituitary,Training,406052e058bc64ffed1f9c9e2b65687c,train
data/Training/pituitary/Tr-pi_946.jpg,pituitary,Training,df2a4cbb8844757c0722ff45e2ee4d77,val
data/Training/pituitary/Tr-pi_37.jpg,pituitary,Training,fde434a345d437c0dc7a52e2e129e809,test
data/Training/pituitary/Tr-pi_1340.jpg,pituitary,Training,6f11ec52846481991341a61a01bc85e0,train
data/Training/pituitary/Tr-pi_550.jpg,pituitary,Training,196773df9048ecc0229df5437644a870,train
data/Training/pituitary/Tr-pi_1071.jpg,pituitary,Training,51e083128ee310d25cab89a4b175624b,val
data/Training/pituitary/Tr-pi_128.jpg,pituitary,Training,19efcebf14eb04f272c9eed748979229,train
data/Training/pituitary/Tr-pi_814.jpg,pituitary,Training,871bfad33089f458e00134c6d8a54064,train
data/Training/pituitary/Tr-pi_384.jpg,pituitary,Training,6c9fee8d2f733b06b500a0ab9d0c3fd3,val
data/Training/pituitary/Tr-pi_1144.jpg,pituitary,Training,a3b3a1b313ca6ae586743a150ab83418,test
data/Training/pituitary/Tr-pi_1245.jpg,pituitary,Training,28a17949fa66ee9bb4089a046319f185,val
data/Training/pituitary/Tr-pi_1362.jpg,pituitary,Training,5a3ed0178cd537afd525ba22dcc0f6b1,train
data/Training/pituitary/Tr-pi_1236.jpg,pituitary,Training,b0f906af4030b88ce84fcd238f486086,train
data/Training/pituitary/Tr-pi_224.jpg,pituitary,Training,b64a5693635080e5ed21bea423198bfc,train
data/Training/pituitary/Tr-pi_745.jpg,pituitary,Training,d7d5c0ce36cd9332d6f7967ef732e7d9,train
data/Training/pituitary/Tr-pi_803.jpg,pituitary,Training,6fe049a85d728e6030a40786f84ff83f,val
data/Training/pituitary/Tr-pi_1316.jpg,pituitary,Training,5668e1ccbee5675d8e4e00157762a54d,test
data/Training/pituitary/Tr-pi_428.jpg,pituitary,Training,1c2dab36ed7e8f8c2970e55595cbce38,train
data/Training/pituitary/Tr-pi_998.jpg,pituitary,Training,ea800cb7660b98aae4a0f3d065e67081,val
data/Training/pituitary/Tr-pi_501.jpg,pituitary,Training,965cb0c68f6753be2b26069709e81744,train
data/Training/pituitary/Tr-pi_6.jpg,pituitary,Training,13856f0a9e74bcd117a2d647b414b0ba,train
data/Training/pituitary/Tr-pi_485.jpg,pituitary,Training,cff16632173c6abf6f9215b8f8afd1b2,test
data/Training/pituitary/Tr-pi_927.jpg,pituitary,Training,09d8fc4aa9967c99a4068db90e99b693,val
data/Training/pituitary/Tr-pi_731.jpg,pituitary,Training,d707230bfdd673b3e6eff0c1e0a376c4,train
data/Training/pituitary/Tr-pi_729.jpg,pituitary,Training,6e97ccb3de1749e74f3566ea5802a4df,train
data/Training/pituitary/Tr-pi_714.jpg,pituitary,Training,7cc02ea4219b558d389060b71ba47376,train
data/Training/pituitary/Tr-pi_909.jpg,pituitary,Training,063fc0b0e6b19668420fa0ec08539ffe,train
data/Training/pituitary/Tr-pi_834.jpg,pituitary,Training,0cc3096dcf5eacfab0ce71258a9cef6c,train
data/Training/pituitary/Tr-pi_53.jpg,pituitary,Training,557c3e41f19b89175f8d7d6918b62b18,test
data/Training/pituitary/Tr-pi_346.jpg,pituitary,Training,98b76ee22beba74f64e078327cba5de0,train
data/Training/pituitary/Tr-pi_297.jpg,pituitary,Training,0217b5039101a3deb791d19b07e0bd4c,train
data/Training/pituitary/Tr-pi_1361.jpg,pituitary,Training,e6bf670ed6df076faa4f4b79c803d1cb,train
data/Training/pituitary/Tr-pi_552.jpg,pituitary,Training,cecbe26c4f85228c92b698662f8bf733,train
data/Training/pituitary/Tr-pi_1295.jpg,pituitary,Training,bb321de96b3ba4435c45ea7f82243b05,train
data/Training/pituitary/Tr-pi_1348.jpg,pituitary,Training,400a6c2f4198dc1ecf03f8adc14a10bf,train
data/Training/pituitary/Tr-pi_863.jpg,pituitary,Training,6c9fee8d2f733b06b500a0ab9d0c3fd3,val
data/Training/pituitary/Tr-pi_1198.jpg,pituitary,Training,a0829e5f57ad7000827d4e2a1f67c136,train
data/Training/pituitary/Tr-pi_1296.jpg,pituitary,Training,0d1d2d35b7965d7550c06213e38f8590,train
data/Training/pituitary/Tr-pi_1220.jpg,pituitary,Training,4ea06c543302b6e533584d25cd72fbce,train
data/Training/pituitary/Tr-pi_772.jpg,pituitary,Training,d809444697d59263c868e5ca3b66c819,train
data/Training/pituitary/Tr-pi_1333.jpg,pituitary,Training,92de441887b9f7e9b46064850d0188fa,val
data/Training/pituitary/Tr-pi_1302.jpg,pituitary,Training,7ad78e159261f055095d5413fbeacaf4,val
data/Training/pituitary/Tr-pi_1143.jpg,pituitary,Training,664d6b003554e7cc4253749ac3f5cd15,train
data/Training/pituitary/Tr-pi_926.jpg,pituitary,Training,536f922de5a2cba70a81552decd84fb2,test
data/Training/pituitary/Tr-pi_681.jpg,pituitary,Training,d1fb1c38007526473dd3c55b7c470e29,test
data/Training/pituitary/Tr-pi_607.jpg,pituitary,Training,750a9de05c8969fac6482996f3fbfadc,train
data/Training/pituitary/Tr-pi_527.jpg,pituitary,Training,0866eb8b30334ea3971e38368d9aee27,train
data/Training/pituitary/Tr-pi_85.jpg,pituitary,Training,fd3d5f357f50d70c3dc8852c85cb620f,train
data/Training/pituitary/Tr-pi_942.jpg,pituitary,Training,9b5020b95f2bde4b413e347e997bcf8d,train
data/Training/pituitary/Tr-pi_1271.jpg,pituitary,Training,d5a210261423873d4be958591be48251,val
data/Training/pituitary/Tr-pi_503.jpg,pituitary,Training,4da9dff624893273e3f9395a3704e8b6,train
data/Training/pituitary/Tr-pi_1357.jpg,pituitary,Training,4aa78fe36ed6bed3e531869fc2cc1e85,train
data/Training/pituitary/Tr-pi_327.jpg,pituitary,Training,a724c9c4734ef5f13be6d4b9226ed5ef,train
data/Training/pituitary/Tr-pi_1297.jpg,pituitary,Training,ac4521ea92378cf9bb132dffa5387730,train
data/Training/pituitary/Tr-pi_121.jpg,pituitary,Training,f2cb93f2b40ff155d7cdc56cb5a26969,train
data/Training/pituitary/Tr-pi_271.jpg,pituitary,Training,9e68a2e6062474a8c66823585a642a68,train
data/Training/pituitary/Tr-pi_164.jpg,pituitary,Training,208199f836f52ee6ef5a1f7a14768d77,train
data/Training/pituitary/Tr-pi_518.jpg,pituitary,Training,7638601e46e87ca17caaa1a404e0f11a,val
data/Training/pituitary/Tr-pi_1020.jpg,pituitary,Training,4650a031547578b5ca415956ad00608f,train
data/Training/pituitary/Tr-pi_1201.jpg,pituitary,Training,f90c6fb50329c25db618afc42d6162fa,train
data/Training/pituitary/Tr-pi_1312.jpg,pituitary,Training,43b659a79a651a9f7c3118ad70d46806,test
data/Training/pituitary/Tr-pi_1212.jpg,pituitary,Training,fa9e3c7b9e7b6d1623a8840c0d4d3ad3,train
data/Training/pituitary/Tr-pi_778.jpg,pituitary,Training,b97fff98e32a50d87dd2a0fbb33379d7,val
data/Training/pituitary/Tr-pi_693.jpg,pituitary,Training,c1761b18a3a1ebadc301ede039a4dd9b,train
data/Training/pituitary/Tr-pi_722.jpg,pituitary,Training,94ddb2d3488d2fe781348f2668da27db,val
data/Training/pituitary/Tr-pi_661.jpg,pituitary,Training,496dc3568e3295d691242849367036be,train
data/Training/pituitary/Tr-pi_1252.jpg,pituitary,Training,72767d52cc2aad37a5cfb24ff23bb06a,train
data/Training/pituitary/Tr-pi_571.jpg,pituitary,Training,ef253ba1b22ce3eefaadb3ce9afe93d4,train
data/Training/pituitary/Tr-pi_1270.jpg,pituitary,Training,542ee1169245cf0dd3926e9f0cfc6fdd,train
data/Training/pituitary/Tr-pi_439.jpg,pituitary,Training,e731d89b2f46aa558517dbd5fdab5ebb,train
data/Training/pituitary/Tr-pi_295.jpg,pituitary,Training,ad1a71edab57c38bb688c3dff8d6cbc7,train
data/Training/pituitary/Tr-pi_584.jpg,pituitary,Training,1048d3d14b3056b1fa0fd6e90931a899,train
data/Training/pituitary/Tr-pi_427.jpg,pituitary,Training,1694066dda684740c2c1b412a4311d95,val
data/Training/pituitary/Tr-pi_990.jpg,pituitary,Training,93313d0c290f1e00bf9726e8fe3be1c1,test
data/Training/pituitary/Tr-pi_1332.jpg,pituitary,Training,d193940d4758dc4c0e04080c1d737760,val
data/Training/pituitary/Tr-pi_329.jpg,pituitary,Training,b8d61e59098849efa6ce13f874249ed9,train
data/Training/pituitary/Tr-pi_1131.jpg,pituitary,Training,918c6174a399ecedad64b4abe5c6c9a3,train
data/Training/pituitary/Tr-pi_614.jpg,pituitary,Training,028ab5ee72c5c2ba5366195a23f2d770,val
data/Training/pituitary/Tr-pi_509.jpg,pituitary,Training,0b8ad6e1c58f4bf6e3b425d632388b36,test
data/Training/pituitary/Tr-pi_507.jpg,pituitary,Training,d47a71bf58c64d781d9ec0bf19d4f7d2,train
data/Training/pituitary/Tr-pi_278.jpg,pituitary,Training,111c8e59935fa46bc33d924813881611,train
data/Training/pituitary/Tr-pi_146.jpg,pituitary,Training,4351b1f37a430f8fc178d3cae997f1d1,test
data/Training/pituitary/Tr-pi_637.jpg,pituitary,Training,995975e9381242f7186f0e9fdcff9eb9,test
data/Training/pituitary/Tr-pi_613.jpg,pituitary,Training,4625ec1d460586e4ca8713dd7c160a5d,train
data/Training/pituitary/Tr-pi_847.jpg,pituitary,Training,428c8e6954ae6f3ade511ce7a3ff6376,test
data/Training/pituitary/Tr-pi_199.jpg,pituitary,Training,7912950ce96728c38ce5ac89b5b11bfc,val
data/Training/pituitary/Tr-pi_521.jpg,pituitary,Training,0d911c024a906f6fb7875689d9d3729e,train
data/Training/pituitary/Tr-pi_352.jpg,pituitary,Training,c87813ab79bdcc6729d936a2106a2c10,train
data/Training/pituitary/Tr-pi_1230.jpg,pituitary,Training,d0d8381c98c8a1ab0a04c9312e91b49f,train
data/Training/pituitary/Tr-pi_762.jpg,pituitary,Training,e32cf86f033fe18f55578fe9baa4e848,train
data/Training/pituitary/Tr-pi_659.jpg,pituitary,Training,68b555592b7328c710575ddb250ae986,train
data/Training/pituitary/Tr-pi_922.jpg,pituitary,Training,64f64fe797b24accaf7fb9e854fd9f30,val
data/Training/pituitary/Tr-pi_1349.jpg,pituitary,Training,2f8138ad918e141d6f0a6a60cc0a70f1,train
data/Training/pituitary/Tr-pi_442.jpg,pituitary,Training,20242fa10823eff2690bd94f3ad59e0d,val
data/Training/pituitary/Tr-pi_14.jpg,pituitary,Training,ebb63a46b78deec4d8a837cf92632c34,train
data/Training/pituitary/Tr-pi_1322.jpg,pituitary,Training,350e402318253ab32a6e30cb2fc7ff25,train
data/Training/pituitary/Tr-pi_1074.jpg,pituitary,Training,f25f3f100fd2f6c18abfc81fc70d0d43,train
data/Training/pituitary/Tr-pi_952.jpg,pituitary,Training,9fb0bba1d0797383a40a1cb85f912eca,train
data/Training/pituitary/Tr-pi_315.jpg,pituitary,Training,5f3f431a86bc7ad0af74887a07cccb70,test
data/Training/pituitary/Tr-pi_879.jpg,pituitary,Training,1ca3c63216b4982c78e306248a730d9c,train
data/Training/pituitary/Tr-pi_1050.jpg,pituitary,Training,b58ebaabe786d3191118a1db83d12a17,train
data/Training/pituitary/Tr-pi_309.jpg,pituitary,Training,e56995e83ad18347ea3023300033037f,train
data/Training/pituitary/Tr-pi_1184.jpg,pituitary,Training,cd2c54d3a1eb6b8f7d016ed63417eef6,train
data/Training/pituitary/Tr-pi_495.jpg,pituitary,Training,0aca5f5258bf67c40418628d85d9916b,train
data/Training/pituitary/Tr-pi_625.jpg,pituitary,Training,510fd3f9cfb86a396088e8419253e1dc,train
data/Training/pituitary/Tr-pi_429.jpg,pituitary,Training,f3d789990216fc0dbe10d48f08a226f8,test
data/Training/pituitary/Tr-pi_530.jpg,pituitary,Training,f1ef56a6673377bd1a09e4b65fcb4b69,test
data/Training/pituitary/Tr-pi_17.jpg,pituitary,Training,008c98403b057fc344bf0a9f2e7de6c2,train
data/Training/pituitary/Tr-pi_1147.jpg,pituitary,Training,580667174b0af19186f48c4b11cd8d0c,val
data/Training/pituitary/Tr-pi_250.jpg,pituitary,Training,bc44589553260f9c1965a1a7b07f14b8,train
data/Training/pituitary/Tr-pi_1122.jpg,pituitary,Training,45e8c308a42e1995239b2934f71bace3,val
data/Training/pituitary/Tr-pi_1139.jpg,pituitary,Training,b2f46088cb8b97bad9455d452dfadd96,train
data/Training/pituitary/Tr-pi_187.jpg,pituitary,Training,a7ccff469de46c4f0a25c2451765b741,test
data/Training/pituitary/Tr-pi_51.jpg,pituitary,Training,ce7543164b3b0ed05d312fed0b30de77,train
data/Training/pituitary/Tr-pi_1027.jpg,pituitary,Training,c680b4f03a767619e8e42484d93d3d7f,train
data/Training/pituitary/Tr-pi_529.jpg,pituitary,Training,73e70e2b35f369accf63632ad66a5fca,train
data/Training/pituitary/Tr-pi_229.jpg,pituitary,Training,019f8b7d5a0d418509399b63588743cc,train
data/Training/pituitary/Tr-pi_450.jpg,pituitary,Training,3621b17b00220daf3474944659ba2857,train
data/Training/pituitary/Tr-pi_123.jpg,pituitary,Training,8cb35ec3971584d5cbdfa1a3fa34954b,train
data/Training/pituitary/Tr-pi_1321.jpg,pituitary,Training,28ad8ecbbe60b4a6c32de9d7a9a26968,train
data/Training/pituitary/Tr-pi_845.jpg,pituitary,Training,27fde7830074fc1066fad80bba841333,train
data/Training/pituitary/Tr-pi_617.jpg,pituitary,Training,af0c38d4c6553cb81905488cd95db4ad,train
data/Training/pituitary/Tr-pi_1276.jpg,pituitary,Training,c9c9ce6ea684fd6876a37cb04dd81e2d,val
data/Training/pituitary/Tr-pi_1400.jpg,pituitary,Training,8cfd271014f3d46319faf6ed0e174ad2,test
data/Training/pituitary/Tr-pi_444.jpg,pituitary,Training,6edda5f7c40fdd47762999c86d37665c,train
data/Training/pituitary/Tr-pi_1219.jpg,pituitary,Training,de5c6138bfc122aca10819ff44b0b69a,train
data/Training/pituitary/Tr-pi_183.jpg,pituitary,Training,6de1d4093ec3204746bdeec7dce7bee6,test
data/Training/pituitary/Tr-pi_186.jpg,pituitary,Training,4abecec5a599d58af987cc0e3360edc1,train
data/Training/pituitary/Tr-pi_1076.jpg,pituitary,Training,df691b455857626f711e13133791d583,test
data/Training/pituitary/Tr-pi_601.jpg,pituitary,Training,5f2ab0f5245b5f90584ed5aad625a5a3,train
data/Training/pituitary/Tr-pi_1199.jpg,pituitary,Training,8cff07266133439191b08656d2744dcc,train
data/Training/pituitary/Tr-pi_737.jpg,pituitary,Training,742c5a42bee357af9520218d81dd197d,train
data/Training/pituitary/Tr-pi_46.jpg,pituitary,Training,b8dc48e6b05155aba08ca65e0e992773,train
data/Training/pituitary/Tr-pi_397.jpg,pituitary,Training,00748c6aaa5c199b07f8fa7140fc19c1,train
data/Training/pituitary/Tr-pi_288.jpg,pituitary,Training,a160dbccc1838ad87b9a3499caa659d7,train
data/Training/pituitary/Tr-pi_678.jpg,pituitary,Training,85ca73d46daa769a6be89ef107711102,train
data/Training/pituitary/Tr-pi_578.jpg,pituitary,Training,5707068ba5a8f46f63748ff22e27407c,test
data/Training/pituitary/Tr-pi_82.jpg,pituitary,Training,678f01cc7212bdedca1a6bb73bbf3702,train
data/Training/pituitary/Tr-pi_991.jpg,pituitary,Training,51e083128ee310d25cab89a4b175624b,val
data/Training/pituitary/Tr-pi_1150.jpg,pituitary,Training,69734cadea1d067a4e1350444788f1f7,train
data/Training/pituitary/Tr-pi_29.jpg,pituitary,Training,83340a32f3be418940fb3800a5751c23,val
data/Training/pituitary/Tr-pi_658.jpg,pituitary,Training,ca3b1cc4cc349068c3b934d7396df5a3,train
data/Training/pituitary/Tr-pi_915.jpg,pituitary,Training,506b5f3b8a45b1487ac663992b2570d5,train
data/Training/pituitary/Tr-pi_1095.jpg,pituitary,Training,eddf61ff0eefc971836869a8e722ebd7,train
data/Training/pituitary/Tr-pi_901.jpg,pituitary,Training,babdfcdcebfc6820e6d3fd8b0ad8b569,train
data/Training/pituitary/Tr-pi_1011.jpg,pituitary,Training,88327fcda817b921a0ca9a08700e0923,val
data/Training/pituitary/Tr-pi_237.jpg,pituitary,Training,3b4774f5debca296f33daf6f368d1fcb,train
data/Training/pituitary/Tr-pi_893.jpg,pituitary,Training,b6d2fbff3bcc063ab33e3761c74b974b,test
data/Training/pituitary/Tr-pi_831.jpg,pituitary,Training,13cbf81f165a0e7a3eb9096e714a6a5a,val
data/Training/pituitary/Tr-pi_764.jpg,pituitary,Training,f3b1b408b379e96e2284aceddd98fc16,test
data/Training/pituitary/Tr-pi_508.jpg,pituitary,Training,711b91b37ad9e629b1debaa972a5c086,train
data/Training/pituitary/Tr-pi_742.jpg,pituitary,Training,faf6112459e30a532b28ee70bb07599c,train
data/Training/pituitary/Tr-pi_200.jpg,pituitary,Training,4e2928f769cfd012b81074fbcd16f798,val
data/Training/pituitary/Tr-pi_323.jpg,pituitary,Training,4d2417fd4e72a5e5869d4fc0080790ef,train
data/Training/pituitary/Tr-pi_1077.jpg,pituitary,Training,a33e36ee114f55774fee891ad832faea,train
data/Training/pituitary/Tr-pi_249.jpg,pituitary,Training,56b1c17c8363392ae932b32415c2caec,train
data/Training/pituitary/Tr-pi_1376.jpg,pituitary,Training,284df022a28137d6b9a4d2e4dc092919,train
data/Training/pituitary/Tr-pi_721.jpg,pituitary,Training,bd88d480e797aeae9072fd3542a3d3c5,train
data/Training/pituitary/Tr-pi_157.jpg,pituitary,Training,12e744df1340b3d6c3c0a597e2babdc4,train
data/Training/pituitary/Tr-pi_534.jpg,pituitary,Training,9800283bc95be324b14410c836e30010,val
data/Training/pituitary/Tr-pi_670.jpg,pituitary,Training,102d7ac3f4dd10c1593ee770a1bc36d8,train
data/Training/pituitary/Tr-pi_837.jpg,pituitary,Training,cba1795bb5c183fd9700bf87061a8f14,train
data/Training/pituitary/Tr-pi_377.jpg,pituitary,Training,7930836846e6970e062210b571447c17,val
data/Training/pituitary/Tr-pi_108.jpg,pituitary,Training,af1c569cbbf647aa0a7605dbcd38c7e6,train
data/Training/pituitary/Tr-pi_979.jpg,pituitary,Training,90f9c3ae53a34de694c55059329be834,val
data/Training/pituitary/Tr-pi_480.jpg,pituitary,Training,bd93ce215391ea5c66e125a9587f42b4,train
data/Training/pituitary/Tr-pi_321.jpg,pituitary,Training,2092626d48d87e9339fab7d1c4c4ac1a,train
data/Training/pituitary/Tr-pi_11.jpg,pituitary,Training,7d90bd78773c0666d865c2a466879668,test
data/Training/pituitary/Tr-pi_844.jpg,pituitary,Training,00f494cc9170f65ba896b204b47826c7,train
data/Training/pituitary/Tr-pi_3.jpg,pituitary,Training,9ea04788481fa8ba52a2bc690b3a2ef8,train
data/Training/pituitary/Tr-pi_1237.jpg,pituitary,Training,cf07f96aa3e96969eac616a2b6c182ff,train
data/Training/pituitary/Tr-pi_1334.jpg,pituitary,Training,3575cd7cc8df80e23c54405e1a603c30,test
data/Training/pituitary/Tr-pi_645.jpg,pituitary,Training,3ba4caae4ad9cba6d47b549420a55c5d,train
data/Training/pituitary/Tr-pi_232.jpg,pituitary,Training,a5866d0b32f1fb453342b6ccfedd6dd3,train
data/Training/pituitary/Tr-pi_4.jpg,pituitary,Training,7ed152d70cf179644235385e9466073a,train
data/Training/pituitary/Tr-pi_253.jpg,pituitary,Training,9df81aa075888a21d23ee31a8af7996a,train
data/Training/pituitary/Tr-pi_576.jpg,pituitary,Training,8f0af8faede97d57f2ac455ff8da7808,train
data/Training/pituitary/Tr-pi_779.jpg,pituitary,Training,7c819715145c48277c7fe24916f385f9,train
data/Training/pituitary/Tr-pi_244.jpg,pituitary,Training,6074508445c6b2bccc255dd12878b7fc,train
data/Training/pituitary/Tr-pi_813.jpg,pituitary,Training,83aeba8944a528eec71e34e463677b02,train
data/Training/pituitary/Tr-pi_433.jpg,pituitary,Training,7ab52a56a48765102018f99754dfccee,val
data/Training/pituitary/Tr-pi_1303.jpg,pituitary,Training,0d59611c87b5e19eeee7fc5ba56b9a8d,train
data/Training/pituitary/Tr-pi_453.jpg,pituitary,Training,03eef006aaee299b2fbd4a7a89287523,train
data/Training/pituitary/Tr-pi_1179.jpg,pituitary,Training,3444f8ceaa7df0a3fc4136d2ca2fd134,train
data/Training/pituitary/Tr-pi_300.jpg,pituitary,Training,46579e31651a3e9e9dfd6b02ec824c44,train
data/Training/pituitary/Tr-pi_1305.jpg,pituitary,Training,42f53b692ef649959f0f7ec02770989e,test
data/Training/pituitary/Tr-pi_634.jpg,pituitary,Training,37d9b2e8f32519fba8e67ef120bb343e,train
data/Training/pituitary/Tr-pi_91.jpg,pituitary,Training,89169f510d1e60023d2a79f30a93fce5,train
data/Training/pituitary/Tr-pi_74.jpg,pituitary,Training,424441e5454959f55ff66d43e56a72d5,train
data/Training/pituitary/Tr-pi_8.jpg,pituitary,Training,bd53cf2f12384a6a42794eb89fca35e2,train
data/Training/pituitary/Tr-pi_310.jpg,pituitary,Training,41b8bb61c2baebe51589854e4ac42cc5,train
data/Training/pituitary/Tr-pi_1226.jpg,pituitary,Training,9bb26c8ed72bef9e70d2bf2152278870,train
data/Training/pituitary/Tr-pi_371.jpg,pituitary,Training,b04a09cadc733a4e9a8adc29c190cd06,train
data/Training/pituitary/Tr-pi_451.jpg,pituitary,Training,44146fa407ffb21eea1ff9baec86e40f,train
data/Training/pituitary/Tr-pi_654.jpg,pituitary,Training,709348879f6c1dfa479649abc5e44cf9,val
data/Training/pituitary/Tr-pi_375.jpg,pituitary,Training,cbbf25ac6042f4f848969656a3c5803d,test
data/Training/pituitary/Tr-pi_214.jpg,pituitary,Training,76523907a65380d9d5dde2fedbf70978,val
data/Training/pituitary/Tr-pi_1140.jpg,pituitary,Training,481e36ec6798f3a743579a2dcbd3e2e4,test
data/Training/pituitary/Tr-pi_652.jpg,pituitary,Training,7f1838a630367f61d3fb8d641ba85d91,val
data/Training/pituitary/Tr-pi_1193.jpg,pituitary,Training,1794877e464791a2e8cabcde2ab45f49,test
data/Training/pituitary/Tr-pi_547.jpg,pituitary,Training,c44a2188684c5cb092fa386627ab9a09,train
data/Training/pituitary/Tr-pi_35.jpg,pituitary,Training,968c2e3cb420fbd86895f46b72785957,train
data/Training/pituitary/Tr-pi_317.jpg,pituitary,Training,ea261570f64df6164277f6ebdc7ca28e,train
data/Training/pituitary/Tr-pi_176.jpg,pituitary,Training,43964d1bc8e03b36231bb5996661eda7,test
data/Training/pituitary/Tr-pi_1028.jpg,pituitary,Training,f602648fd44d63837e7e55fd4804d3c5,train
data/Training/pituitary/Tr-pi_1205.jpg,pituitary,Training,8d450c6a36d72479dae6b3fcfe098d14,train
data/Training/pituitary/Tr-pi_376.jpg,pituitary,Training,b4984365b5504614898fd83633c95782,train
data/Training/pituitary/Tr-pi_735.jpg,pituitary,Training,74fe4ad86e500461b379c94a05be0c9c,test
data/Training/pituitary/Tr-pi_798.jpg,pituitary,Training,57317bd3e56dbf9c73d61a57ab7462e7,train
data/Training/pituitary/Tr-pi_360.jpg,pituitary,Training,f73a4078defeaf0fec7f36accb7a0ae5,train
data/Training/pituitary/Tr-pi_392.jpg,pituitary,Training,698cafa4f488932468797722c2aae3ea,train
data/Training/pituitary/Tr-pi_696.jpg,pituitary,Training,eac1f3a475137d0066730875376b1463,train
data/Training/pituitary/Tr-pi_840.jpg,pituitary,Training,219b727f2692be95fa91165320ad7fca,train
data/Training/pituitary/Tr-pi_96.jpg,pituitary,Training,94fb1a9e5bb33b10fdde473087a3fce6,val
data/Training/pituitary/Tr-pi_780.jpg,pituitary,Training,3d48118f377a6a4737bff63053060753,train
data/Training/pituitary/Tr-pi_97.jpg,pituitary,Training,27e65e103721bdf730f83b744d3c48db,train
data/Training/pituitary/Tr-pi_1003.jpg,pituitary,Training,09cbe152b82c4bd9e73ab3a50c91e876,train
data/Training/pituitary/Tr-pi_458.jpg,pituitary,Training,6889d57b13686bd875c066c133d371df,train
data/Training/pituitary/Tr-pi_713.jpg,pituitary,Training,bc78b1d2a1b6d3c6340e28031e9ae6c7,train
data/Training/pituitary/Tr-pi_326.jpg,pituitary,Training,be8bb6228e0636ade80e470f6d4bc748,train
data/Training/pituitary/Tr-pi_1208.jpg,pituitary,Training,f03d2b37633375245b84df4f0e0a7999,val
data/Training/pituitary/Tr-pi_209.jpg,pituitary,Training,cbc5fb368efb8c75546d61add8803509,val
data/Training/pituitary/Tr-pi_194.jpg,pituitary,Training,2a76337afe68e9229cdc91d559384b57,train
data/Training/pituitary/Tr-pi_689.jpg,pituitary,Training,a89c21e34185fa90d8f4a234c341977e,train
data/Training/pituitary/Tr-pi_40.jpg,pituitary,Training,8e9152203a667eb1cc73b1f991085a51,train
data/Training/pituitary/Tr-pi_1125.jpg,pituitary,Training,e19cf5e00f80736c8da793d5354c55e0,train
data/Training/pituitary/Tr-pi_479.jpg,pituitary,Training,6c9b1a041f37529274dcd923d3045c1e,train
data/Training/pituitary/Tr-pi_1281.jpg,pituitary,Training,887ae7916bdaf7d449a1fa4abbd9cfd9,train
data/Training/pituitary/Tr-pi_1056.jpg,pituitary,Training,6f163de4558daa6ea7740613eb8936d6,train
data/Training/pituitary/Tr-pi_358.jpg,pituitary,Training,bb0c3ac1ed9b149bdfeb8a9911a5fbe1,train
data/Training/pituitary/Tr-pi_809.jpg,pituitary,Training,519bdd0fed8c1fe915ee1c49a70b823b,train
data/Training/pituitary/Tr-pi_169.jpg,pituitary,Training,c3c37ee6ba2f664a518ad9ae2291facd,train
data/Training/pituitary/Tr-pi_122.jpg,pituitary,Training,c5228c92e5989497eb9623eec6c40da4,test
data/Training/pituitary/Tr-pi_411.jpg,pituitary,Training,7b229d67b5d96fb9f890ece71eab67a0,val
data/Training/pituitary/Tr-pi_260.jpg,pituitary,Training,1353b6cb8a1609f01678fb41be222788,train
data/Training/pituitary/Tr-pi_1388.jpg,pituitary,Training,1c79db188f71cb870f75f11f09453ecc,train
data/Training/pituitary/Tr-pi_1090.jpg,pituitary,Training,5d9456087abb31e23dca928dfb7c9d5e,train
data/Training/pituitary/Tr-pi_612.jpg,pituitary,Training,9bd98fe81c35e9798412ec50c2a86fd6,train
data/Training/pituitary/Tr-pi_1109.jpg,pituitary,Training,e8d383c9c3486fb41c3773230a4040e2,train
data/Training/pituitary/Tr-pi_685.jpg,pituitary,Training,3098eb3a2c14c6141059780550970097,train
data/Training/pituitary/Tr-pi_977.jpg,pituitary,Training,79d4958b1ec93aa9001889f3da2b23e5,train
data/Training/pituitary/Tr-pi_1135.jpg,pituitary,Training,14b27c7f2bc69c6c3ed1238d58105962,train
data/Training/pituitary/Tr-pi_385.jpg,pituitary,Training,76089abf2d91cccc938010e30367fd59,train
data/Training/pituitary/Tr-pi_627.jpg,pituitary,Training,51d12bb96590e8b7eada99b683afe62d,train
data/Training/pituitary/Tr-pi_1111.jpg,pituitary,Training,1407728ac9e230f41013b2b13c9056a4,train
data/Training/pituitary/Tr-pi_48.jpg,pituitary,Training,1a5f71808efe513d592f9197a2712ae9,train
data/Training/pituitary/Tr-pi_816.jpg,pituitary,Training,48a4bb491885b72be52a734fb39ec57a,train
data/Training/pituitary/Tr-pi_635.jpg,pituitary,Training,8cda4284dd7e3f6ccfbd4c798f015c65,train
data/Training/pituitary/Tr-pi_210.jpg,pituitary,Training,5192cbd5c7ca564a9e7ee98752c391ee,train
data/Training/pituitary/Tr-pi_1346.jpg,pituitary,Training,c0d6073da71dbff9d1668cd7b08c8059,test
data/Training/pituitary/Tr-pi_374.jpg,pituitary,Training,88104735e71c48c7dbfbcb4486c452e3,train
data/Training/pituitary/Tr-pi_416.jpg,pituitary,Training,7f9dcb3a1ed37183cfd54ac0d49132bb,train
data/Training/pituitary/Tr-pi_675.jpg,pituitary,Training,65db25c3012313fe0e967588263bc887,train
data/Training/pituitary/Tr-pi_771.jpg,pituitary,Training,2d719927abf9c12283c1130fde8d0d63,train
data/Training/pituitary/Tr-pi_999.jpg,pituitary,Training,68173769c8a54f1923a7994d04af3199,train
data/Training/pituitary/Tr-pi_825.jpg,pituitary,Training,0d1551cac77563ae4fcbd36368b3f974,train
data/Training/pituitary/Tr-pi_1246.jpg,pituitary,Training,1e341ae5d9e614dc83625cb5f6cb27be,test
data/Training/pituitary/Tr-pi_777.jpg,pituitary,Training,0b5829ff88fd2ba33b192cf2ea17a814,test
data/Training/pituitary/Tr-pi_905.jpg,pituitary,Training,5ccf54a57c0603ee771000be2048cf4f,train
data/Training/pituitary/Tr-pi_1363.jpg,pituitary,Training,dd6cf7c1aa4daae580136ac38438132a,train
data/Training/pituitary/Tr-pi_1366.jpg,pituitary,Training,35551159033370fca9c875b4359f4593,val
data/Training/pituitary/Tr-pi_1165.jpg,pituitary,Training,475d8f97d2d07b809cfc23ef41de76b4,train
data/Training/pituitary/Tr-pi_657.jpg,pituitary,Training,7ceebba8a0452ce2626932afcfb09060,train
data/Training/pituitary/Tr-pi_517.jpg,pituitary,Training,03204c70a905b23fbd409ad8d994b1c7,test
data/Training/pituitary/Tr-pi_77.jpg,pituitary,Training,dcd64c030193c4b3a8a69460e4906807,val
data/Training/pituitary/Tr-pi_367.jpg,pituitary,Training,1ee2d17432bcc76ed5f7c644628147e2,train
data/Training/pituitary/Tr-pi_435.jpg,pituitary,Training,4175b5a494fff4c633fce58001414c1e,train
data/Training/pituitary/Tr-pi_408.jpg,pituitary,Training,ce7523d42a20f9bce6de185a4301d10e,train
data/Training/pituitary/Tr-pi_93.jpg,pituitary,Training,b3afddf36580f6f20f457a539e67c9c0,train
data/Training/pituitary/Tr-pi_1275.jpg,pituitary,Training,93e05a21d69334441341e5013c9bc5c7,test
data/Training/pituitary/Tr-pi_776.jpg,pituitary,Training,a5740a3deaf8952c1646a18470ab737b,train
data/Training/pituitary/Tr-pi_222.jpg,pituitary,Training,76fd8379410e37ba526586cd1b29865e,test
data/Training/pituitary/Tr-pi_163.jpg,pituitary,Training,667db113b8954435f1ceab3122f5b296,train
data/Training/pituitary/Tr-pi_757.jpg,pituitary,Training,be89ca0a4d1fe5c25f76865de4d50c33,test
data/Training/pituitary/Tr-pi_541.jpg,pituitary,Training,ea30662b4012975c263f8239e31d7bba,test
data/Training/pituitary/Tr-pi_1035.jpg,pituitary,Training,9bf463b40be065d39dfd4769bdfd1cfd,val
data/Training/pituitary/Tr-pi_579.jpg,pituitary,Training,07eda6b6a7f26b695372e4d7f0a62077,train
data/Training/pituitary/Tr-pi_1126.jpg,pituitary,Training,a78eb9c96af571ee3a0ac266a9933021,train
data/Training/pituitary/Tr-pi_688.jpg,pituitary,Training,175092b690a5c6a4031db4af8b8a2a12,val
data/Training/pituitary/Tr-pi_378.jpg,pituitary,Training,5361de7a899e788fcef9884e1f6dbb8e,train
data/Training/pituitary/Tr-pi_113.jpg,pituitary,Training,d7f306bf93cd2be07164150bac0fda04,val
data/Training/pituitary/Tr-pi_911.jpg,pituitary,Training,b99cf9cde08554cd02396e894ec2f23f,train
data/Training/pituitary/Tr-pi_305.jpg,pituitary,Training,80af9489f127f846cd6c7deb9acfff36,train
data/Training/pituitary/Tr-pi_216.jpg,pituitary,Training,1fdc3b5761a571c2a53b0d4df2f4515e,train
data/Training/pituitary/Tr-pi_562.jpg,pituitary,Training,ffcdf912201b6d4ae5ed87e1b7bc0e2f,train
data/Training/pituitary/Tr-pi_972.jpg,pituitary,Training,e9c1ab3a887913bec73f2cd1bf3b5ed8,train
data/Training/pituitary/Tr-pi_1031.jpg,pituitary,Training,dfd08870678db9fe608488fa5d9c5c63,train
data/Training/pituitary/Tr-pi_15.jpg,pituitary,Training,3a9ea87aacf9d23397869ffcba53c41a,train
data/Training/pituitary/Tr-pi_474.jpg,pituitary,Training,47a9438c7eb6cc684a13bca4b363346a,train
data/Training/pituitary/Tr-pi_1013.jpg,pituitary,Training,66458b8055a430e41c232d26ed5c4552,val
data/Training/pituitary/Tr-pi_671.jpg,pituitary,Training,ca7257f3e174eebbd22f9a649e65e2c5,train
data/Training/pituitary/Tr-pi_1114.jpg,pituitary,Training,2fb075e441dcae7389c639321ea394d2,train
data/Training/pituitary/Tr-pi_1136.jpg,pituitary,Training,11e949bd4e2f8a71d20e9ae735947114,val
data/Training/pituitary/Tr-pi_1092.jpg,pituitary,Training,92ace54b9f28dca021a9e7b5b92e85a3,train
data/Training/pituitary/Tr-pi_195.jpg,pituitary,Training,58e47a3e12d09d40c54a8672b481c175,train
data/Training/pituitary/Tr-pi_1223.jpg,pituitary,Training,2aa038410c7ea7c1b7fcaed2dc5ecf04,train
data/Training/pituitary/Tr-pi_154.jpg,pituitary,Training,8d660ee9a5f75254224ac71f3ff7973a,val
data/Training/pituitary/Tr-pi_750.jpg,pituitary,Training,4435a618b46cb8c2416c1925b5389d0e,train
data/Training/pituitary/Tr-pi_796.jpg,pituitary,Training,bda63f39918e749234aceee549f87435,train
data/Training/pituitary/Tr-pi_432.jpg,pituitary,Training,383aab08c14a7a7f7e8e1418de6f819e,train
data/Training/pituitary/Tr-pi_1086.jpg,pituitary,Training,9309ea52242d9172f04f9c5ab076c843,test
data/Training/pituitary/Tr-pi_90.jpg,pituitary,Training,b5505d988cab7195ad513404e29ad0fe,train
data/Training/pituitary/Tr-pi_653.jpg,pituitary,Training,b8bb444637e222284925f4297ec84245,train
data/Training/pituitary/Tr-pi_180.jpg,pituitary,Training,796b9c7a43b02d8342fbf6251c56fc0e,test
data/Training/pituitary/Tr-pi_1301.jpg,pituitary,Training,9fa15fe749ea5478e55410086a2314fb,train
data/Training/pituitary/Tr-pi_980.jpg,pituitary,Training,6ed8e5f973bda0c70b96e8fc623fa11b,train
data/Training/pituitary/Tr-pi_292.jpg,pituitary,Training,08edcaa3d9fc46b98e09e6dc22b5a9dd,test
data/Training/pituitary/Tr-pi_510.jpg,pituitary,Training,463164f59ff5c6ca30e7edb6cadd199c,test
data/Training/pituitary/Tr-pi_1012.jpg,pituitary,Training,3d6c535bd7b6dc68fc163e67c7932828,train
data/Training/pituitary/Tr-pi_114.jpg,pituitary,Training,3029a8acc842a0f2447c57189b25ed86,val
data/Training/pituitary/Tr-pi_395.jpg,pituitary,Training,b6d7bbd9a6841b747f76172614f02b89,train
data/Training/pituitary/Tr-pi_947.jpg,pituitary,Training,ea1cbcaab205d163cfb0b5e6654fb690,train
data/Training/pituitary/Tr-pi_1007.jpg,pituitary,Training,aeb6c1f98c9bc1578ed5520647dbcabe,train
data/Training/pituitary/Tr-pi_677.jpg,pituitary,Training,c3d274c30698a7c40b912f1308b2dc52,train
data/Training/pituitary/Tr-pi_792.jpg,pituitary,Training,928bca276c184fecac543e2fb6b72236,train
data/Training/pituitary/Tr-pi_267.jpg,pituitary,Training,7c8afec9d312c95cc686b677ced726a1,train
data/Training/pituitary/Tr-pi_1064.jpg,pituitary,Training,eaa2258d854255da21ee9999cd7f462d,train
data/Training/pituitary/Tr-pi_1235.jpg,pituitary,Training,d417fb3ddec93d99e3da78576af837a0,train
data/Training/pituitary/Tr-pi_1023.jpg,pituitary,Training,970272f54e887040ee2d6baab7f5afd0,val
data/Training/pituitary/Tr-pi_904.jpg,pituitary,Training,2b12889aae9fb38f882140e2e33be4fc,test
data/Training/pituitary/Tr-pi_822.jpg,pituitary,Training,23b545c2fc37aa83e9a696ef66a5ccbb,train
data/Training/pituitary/Tr-pi_761.jpg,pituitary,Training,c0bf4aac18973aabbf8f9e84d68354d4,train
data/Training/pituitary/Tr-pi_718.jpg,pituitary,Training,6d71d5f5b091ad74ae95b44ae641a0a8,train
data/Training/pituitary/Tr-pi_307.jpg,pituitary,Training,8e478257ccee4b4e4e5af44cd446ecc8,train
data/Training/pituitary/Tr-pi_423.jpg,pituitary,Training,dcd2ceac4bb29a17dd67bd4164e56369,train
data/Training/pituitary/Tr-pi_293.jpg,pituitary,Training,53376a11b95e29072f9094239f15b8c9,train
data/Training/pituitary/Tr-pi_1172.jpg,pituitary,Training,f01624ef9a9d818266f79db47f1bd4ad,train
data/Training/pituitary/Tr-pi_898.jpg,pituitary,Training,29783b83c6c90ba2dad0b58953e6d56b,train
data/Training/pituitary/Tr-pi_1019.jpg,pituitary,Training,e3f6e544e2b51fe8ad53a4e9e43b1c28,train
data/Training/pituitary/Tr-pi_99.jpg,pituitary,Training,f33abc1208d8411e8e28a37c86b0bf96,train
data/Training/pituitary/Tr-pi_275.jpg,pituitary,Training,50777c0ccb64467f0530ae82619f3d20,train
data/Training/pituitary/Tr-pi_692.jpg,pituitary,Training,29d73e858132269475baeb7e1bf8d6a3,train
data/Training/pituitary/Tr-pi_1015.jpg,pituitary,Training,8f37a6d678635a7e2144ad7de2fe37f8,train
data/Training/pituitary/Tr-pi_380.jpg,pituitary,Training,e188c6b62705780788b54ec3ff22db64,train
data/Training/pituitary/Tr-pi_1377.jpg,pituitary,Training,c7d39d4805b2e23b3ffb727ab6c4db2c,train
data/Training/pituitary/Tr-pi_83.jpg,pituitary,Training,e6c130f960c763c6fa697e6ffad0db28,train
data/Training/pituitary/Tr-pi_836.jpg,pituitary,Training,d611465d149d7fc4e672f4cebc8579bc,test
data/Training/pituitary/Tr-pi_449.jpg,pituitary,Training,fa728d5e8ffc27d33344ffce5a9770c6,train
data/Training/pituitary/Tr-pi_338.jpg,pituitary,Training,9097172d602710326accf88f867460fd,val
data/Training/pituitary/Tr-pi_605.jpg,pituitary,Training,f988eacc4d1f3b1a39b60090af7ec0a1,train
data/Training/pituitary/Tr-pi_145.jpg,pituitary,Training,822f90cb1331fbc7c133aea4b185d606,train
data/Training/pituitary/Tr-pi_135.jpg,pituitary,Training,9e5483f224b18b87ce605cbe05c4b33f,train
data/Training/pituitary/Tr-pi_969.jpg,pituitary,Training,b7f875bedfac719015cc81bc888151b3,val
data/Training/pituitary/Tr-pi_644.jpg,pituitary,Training,1f111da4599ef0f1baa150805f0454c2,test
data/Training/pituitary/Tr-pi_1210.jpg,pituitary,Training,f8e67d60b89f0d9184a6c9da825abfec,test
data/Training/pituitary/Tr-pi_207.jpg,pituitary,Training,6294be8d158196cd504ddc6a8b0a9847,train
data/Training/pituitary/Tr-pi_1051.jpg,pituitary,Training,31bfb7295dfa79a19b7db4fe02ff6fa3,val
data/Training/pituitary/Tr-pi_594.jpg,pituitary,Training,5ee3a0f967334f14c85b09e06b17e9bc,test
data/Training/pituitary/Tr-pi_132.jpg,pituitary,Training,690f2c41084c1b8727b1c51812153004,train
data/Training/pituitary/Tr-pi_872.jpg,pituitary,Training,f1bd43eaa2b7ad80bbb7ddca30884db2,val
data/Training/pituitary/Tr-pi_1096.jpg,pituitary,Training,6d626726516f781c78aa1f7ec58631c8,train
data/Training/pituitary/Tr-pi_663.jpg,pituitary,Training,ba5c3e3c3a2d197b182e7a13c5ac4bf9,train
data/Training/pituitary/Tr-pi_944.jpg,pituitary,Training,17ba9d78360c8322cc4750321b5ad657,train
data/Training/pituitary/Tr-pi_175.jpg,pituitary,Training,04fff36981034af5c9fe468ad8fec6b1,test
data/Training/pituitary/Tr-pi_941.jpg,pituitary,Training,c421a5b4e4155086092cd54d4a797d29,test
data/Training/pituitary/Tr-pi_1382.jpg,pituitary,Training,be148659ebcb49223cf1b52280c87f4b,train
data/Training/pituitary/Tr-pi_1009.jpg,pituitary,Training,2fa3f0e11defe03f46f9e3e03cb0f1fc,train
data/Training/pituitary/Tr-pi_1263.jpg,pituitary,Training,dc9bafc905b94e812df689a59d6945f0,test
data/Training/pituitary/Tr-pi_382.jpg,pituitary,Training,bb8451027f33d96327e88dd77f4458ef,train
data/Training/pituitary/Tr-pi_492.jpg,pituitary,Training,5ff507460105a768829296c63281eee6,val
data/Training/pituitary/Tr-pi_629.jpg,pituitary,Training,eeddaa4317188e98f655c363a20c51d2,train
data/Training/pituitary/Tr-pi_1238.jpg,pituitary,Training,59ad29f5620ab77bc44b4bfb515d4b39,test
data/Training/pituitary/Tr-pi_233.jpg,pituitary,Training,855ba8a417f6d669094e81005dd7bd93,train
data/Training/pituitary/Tr-pi_181.jpg,pituitary,Training,7d1d189b4d94abe05b2cb5a2134e9d79,train
data/Training/pituitary/Tr-pi_1054.jpg,pituitary,Training,648ae044ab962f46de427ee6e0ffdad2,train
data/Training/pituitary/Tr-pi_821.jpg,pituitary,Training,00c21049658b3014a7ec674dd57d50ae,train
data/Training/pituitary/Tr-pi_161.jpg,pituitary,Training,3144a1ba0865cffdce33da91c4f33be6,val
data/Training/pituitary/Tr-pi_608.jpg,pituitary,Training,614f6b9b51ce4ec6012515f7cd7178ed,train
data/Training/pituitary/Tr-pi_398.jpg,pituitary,Training,863c8c769deff8b39e585f3ffea7f655,train
data/Training/pituitary/Tr-pi_158.jpg,pituitary,Training,37aa30f92d7077068014f7f49f2e1a70,test
data/Training/pituitary/Tr-pi_1091.jpg,pituitary,Training,9220ca9023e74a57fd1f0535d12373fa,train
data/Training/pituitary/Tr-pi_424.jpg,pituitary,Training,b2c13463540e744e726722d8ec789571,test
data/Training/pituitary/Tr-pi_1156.jpg,pituitary,Training,c4af590cf3c0c866ad29cfabf181b81a,train
data/Training/pituitary/Tr-pi_668.jpg,pituitary,Training,3665fdf79547807d98e5053427a45a98,train
data/Training/pituitary/Tr-pi_137.jpg,pituitary,Training,736465cd2bd6dd5dee3b0048e9fa2942,train
data/Training/pituitary/Tr-pi_341.jpg,pituitary,Training,759645276641e073390926246d0fde1c,train
data/Training/pituitary/Tr-pi_484.jpg,pituitary,Training,5056de9e2daf29a0b2f68c2cfbcacecb,train
data/Training/pituitary/Tr-pi_499.jpg,pituitary,Training,764120ebfe1f88d65fed8ca01f7f8e88,train
data/Training/pituitary/Tr-pi_829.jpg,pituitary,Training,d03bb9d76f8c808a2f1a32473d36c16a,train
data/Training/pituitary/Tr-pi_598.jpg,pituitary,Training,a3dfd67d68d35e2695a2170fa22eb050,train
data/Training/pituitary/Tr-pi_852.jpg,pituitary,Training,f419373a2cc62f511dd1c24930f2959c,train
data/Training/pituitary/Tr-pi_18.jpg,pituitary,Training,06b6f14419060a22f738e36368abc491,train
data/Training/pituitary/Tr-pi_287.jpg,pituitary,Training,3bafcd367c3089404945446dd0efcaa5,train
data/Training/pituitary/Tr-pi_802.jpg,pituitary,Training,65ba8d98cb6c295afe5fefae7bef7db1,test
data/Training/pituitary/Tr-pi_1282.jpg,pituitary,Training,94d507d2a084794a441d87892d3c9def,val
data/Training/pituitary/Tr-pi_1158.jpg,pituitary,Training,985b6372b2edc0ad424d8b92abb35d5e,test
data/Training/pituitary/Tr-pi_770.jpg,pituitary,Training,a5b07b4b57171a9f566bc2a845d6f7dd,train
data/Training/pituitary/Tr-pi_823.jpg,pituitary,Training,8ce85332a305ed9012419bc2a2211831,val
data/Training/pituitary/Tr-pi_903.jpg,pituitary,Training,71afc557bdf83d58d678427f30aeaed2,train
data/Training/pituitary/Tr-pi_867.jpg,pituitary,Training,7195792efb28498b832e0039d1e39b60,train
data/Training/pituitary/Tr-pi_446.jpg,pituitary,Training,e7f0d773486f6e5940a58b15913caf41,train
data/Training/pituitary/Tr-pi_178.jpg,pituitary,Training,abe9d61e5d4912718fd44e6fb768a330,test
data/Training/pituitary/Tr-pi_951.jpg,pituitary,Training,ed0f83467509c01cdf7fb872fdec4bcb,train
data/Training/pituitary/Tr-pi_198.jpg,pituitary,Training,1e9f65c632089c37a10bbf57ddac0acd,train
data/Training/pituitary/Tr-pi_469.jpg,pituitary,Training,7bbc92dcb1cf03d74d7c2bbfa28327a3,train
data/Training/pituitary/Tr-pi_548.jpg,pituitary,Training,5dac8de9e4b074043da441cc5f687009,train
data/Training/pituitary/Tr-pi_885.jpg,pituitary,Training,921f334b242480199eb78f7bd3bbf9c3,train
data/Training/pituitary/Tr-pi_664.jpg,pituitary,Training,f8dd586b379761c576d97c8566d6152a,train
data/Training/pituitary/Tr-pi_1213.jpg,pituitary,Training,f468dcd6d4ff085f5993f3e4cde61fd6,test
data/Training/pituitary/Tr-pi_1327.jpg,pituitary,Training,ad5bfec1418f2b31c171069475b4731e,train
data/Training/pituitary/Tr-pi_2.jpg,pituitary,Training,7683c18e3d250a84e045f57a816ab12b,val
data/Training/pituitary/Tr-pi_883.jpg,pituitary,Training,05c3caea567ffd77caf79c12654b87e5,train
data/Training/pituitary/Tr-pi_1386.jpg,pituitary,Training,59fded6835fedbbc57a6ee38d2223a26,train
data/Training/pituitary/Tr-pi_9.jpg,pituitary,Training,30e534efc041e0d57df292c8be40eb17,train
data/Training/pituitary/Tr-pi_902.jpg,pituitary,Training,7325fbdaa54ed0442903a29589a28043,test
data/Training/pituitary/Tr-pi_782.jpg,pituitary,Training,1e2730ad7604e778a296779b9433a884,train
data/Training/pituitary/Tr-pi_1070.jpg,pituitary,Training,9e150c99d3c8eac83f92896ea2c4dd5a,train
data/Training/pituitary/Tr-pi_412.jpg,pituitary,Training,2687ce6af07bb3a9b1a378a3b3352af1,train
data/Training/pituitary/Tr-pi_272.jpg,pituitary,Training,505c6a0858bdc29464ecb6dda9b1c9b1,train
data/Training/pituitary/Tr-pi_1159.jpg,pituitary,Training,ad3d0090866a8da082ec7e35d16bb103,train
data/Training/pituitary/Tr-pi_930.jpg,pituitary,Training,da37c230d56e8b50295e1919292a1ff5,test
data/Training/pituitary/Tr-pi_849.jpg,pituitary,Training,ce9b2c4eba39e6594f39eea472962639,train
data/Training/pituitary/Tr-pi_1163.jpg,pituitary,Training,0b66ab3d6be077a02b60e4d1557a9511,train
data/Training/pituitary/Tr-pi_476.jpg,pituitary,Training,4e5a8e1b13dce709484145eb0ac3ce70,train
data/Training/pituitary/Tr-pi_368.jpg,pituitary,Training,949f8ea9f8681332796da05d39d7b0bd,train
data/Training/pituitary/Tr-pi_1121.jpg,pituitary,Training,2e12ebbd9f753034221a48aeb1bc3167,train
data/Training/pituitary/Tr-pi_1229.jpg,pituitary,Training,fd04b22e8ab1b9f554d21825f9320256,train
data/Training/pituitary/Tr-pi_854.jpg,pituitary,Training,cec769b29c12886554b8a36aab734dfe,train
data/Training/pituitary/Tr-pi_794.jpg,pituitary,Training,3f3f4b6497251e7c75f201bba751383f,train
data/Training/pituitary/Tr-pi_719.jpg,pituitary,Training,9377447271df6b546e03f0ece52b51ed,val
data/Training/pituitary/Tr-pi_142.jpg,pituitary,Training,3a05ceb8f2c0e3128081aa5940cc4866,train
data/Training/pituitary/Tr-pi_471.jpg,pituitary,Training,8073bd7d580c2b9ce18e1afe5af519fd,train
data/Training/pituitary/Tr-pi_563.jpg,pituitary,Training,b8e526559bb0d296f97e2fbc3b129aef,train
data/Training/pituitary/Tr-pi_1173.jpg,pituitary,Training,5fa32aee97599f3e8cb1dd5ee87b6520,val
data/Training/pituitary/Tr-pi_98.jpg,pituitary,Training,820a5e9ba10d0bf0d1c3046c1f4bdcd3,test
data/Training/pituitary/Tr-pi_355.jpg,pituitary,Training,ff4256b7363a6b86925aa64f42f3a2dd,val
data/Training/pituitary/Tr-pi_1106.jpg,pituitary,Training,38e20b4e4a4bc29de32b4194d5927b9a,train
data/Training/pituitary/Tr-pi_1021.jpg,pituitary,Training,caf15c0727c7fc693d9cc9c798121b55,test
data/Training/pituitary/Tr-pi_707.jpg,pituitary,Training,985a38ed0b16132425aff6bd67a25ac1,train
data/Training/pituitary/Tr-pi_1343.jpg,pituitary,Training,92b91fd965a4cc7edfcb3407bd8f472f,train
data/Training/pituitary/Tr-pi_1352.jpg,pituitary,Training,ca3ad7e6cd4825a0d5cff84d11757bed,train
data/Training/pituitary/Tr-pi_727.jpg,pituitary,Training,2f81f66eed3ce92c4b1806b82190c299,train
data/Training/pituitary/Tr-pi_265.jpg,pituitary,Training,6456a22976fd362e43da9492d3648c69,train
data/Training/pituitary/Tr-pi_1036.jpg,pituitary,Training,453b3362aa9f91d233632dec2165b08c,train
data/Training/pituitary/Tr-pi_1189.jpg,pituitary,Training,29fdb2e6636999d334a69e5af7eb8325,test
data/Training/pituitary/Tr-pi_456.jpg,pituitary,Training,a3a0f319b1d9ed364063698f9ec4cc8b,test
data/Training/pituitary/Tr-pi_1129.jpg,pituitary,Training,51ee3a33f3ab17e147665a41d90c3686,train
data/Training/pituitary/Tr-pi_808.jpg,pituitary,Training,2830ae072fc7612d740578aca49805c7,train
data/Training/pituitary/Tr-pi_982.jpg,pituitary,Training,13ac7f0269fb59a98457453f5e12a330,train
data/Training/pituitary/Tr-pi_263.jpg,pituitary,Training,025e0598ddd1b6352639e3179abec3b0,test
data/Training/pituitary/Tr-pi_744.jpg,pituitary,Training,0d2fa8c45560e8bbee05d96cf6ceece2,val
data/Training/pituitary/Tr-pi_1228.jpg,pituitary,Training,6346da489bd55880a5ecd4c144d00398,train
data/Training/pituitary/Tr-pi_1392.jpg,pituitary,Training,d63ddb1fe112346002226b643d8fca51,train
data/Training/pituitary/Tr-pi_254.jpg,pituitary,Training,656e8ef11e54674eca9734bccd34936c,train
data/Training/pituitary/Tr-pi_1254.jpg,pituitary,Training,9e171efdffb9871035ac888bdb3f7135,train
data/Training/pituitary/Tr-pi_454.jpg,pituitary,Training,26df5496f9357274f3be311ba4b49787,train
data/Training/pituitary/Tr-pi_1133.jpg,pituitary,Training,4f31b1205ef8eb6d72b4a6206d349c79,val
data/Training/pituitary/Tr-pi_262.jpg,pituitary,Training,8b77abcb000ac3970dcbb49bc50d2ec7,val
data/Training/pituitary/Tr-pi_896.jpg,pituitary,Training,be4e6d1d9541ec812438634adb0868e1,train
data/Training/pituitary/Tr-pi_1082.jpg,pituitary,Training,fab41df33abfa85d624e44f15f8bdf83,test
data/Training/pituitary/Tr-pi_155.jpg,pituitary,Training,ebe47628ded4ee406ebfc7dc8ec7ba0e,test
data/Training/pituitary/Tr-pi_34.jpg,pituitary,Training,55d372181efc89d2bfad024ff98caec5,train
data/Training/pituitary/Tr-pi_1101.jpg,pituitary,Training,6ae9d3a7563ad2285118b9d0004608dd,train
data/Training/pituitary/Tr-pi_1194.jpg,pituitary,Training,8b5fc172c1c3078f4e4225059116e480,test
data/Training/pituitary/Tr-pi_1272.jpg,pituitary,Training,3ed85a4adcb6594aa8138eb61cc7ffc1,train
data/Training/pituitary/Tr-pi_610.jpg,pituitary,Training,28e72b7df05811a20df5039dbea915d7,train
data/Training/pituitary/Tr-pi_604.jpg,pituitary,Training,2ab328882bed0168e19aeaacc44c5d6a,val
data/Training/pituitary/Tr-pi_1218.jpg,pituitary,Training,23bb738272f8716c20015e5d8bb1cf1e,train
data/Training/pituitary/Tr-pi_457.jpg,pituitary,Training,705ac673d2e5dce44bbc37fdebbf7d6a,train
data/Training/pituitary/Tr-pi_624.jpg,pituitary,Training,7d0c8477265edf6cb55e046dd00de1f2,train
data/Training/pituitary/Tr-pi_1256.jpg,pituitary,Training,e8b86afcce0bcd16edc4f1d4918bfc6e,train
data/Training/pituitary/Tr-pi_344.jpg,pituitary,Training,6a4252f03b347c4f80d92de68411edd0,train
data/Training/pituitary/Tr-pi_1048.jpg,pituitary,Training,34518f10ece0c8d64ace2e84ce8f264f,test
data/Training/pituitary/Tr-pi_746.jpg,pituitary,Training,8f6478b364633513a4e83ae6ac7b9dc5,train
data/Training/pituitary/Tr-pi_366.jpg,pituitary,Training,b5b97f9d880c6e7ab29b8969401c5db7,train
data/Training/pituitary/Tr-pi_1310.jpg,pituitary,Training,84190d64c510fcf4fe8dce02efae5583,train
data/Training/pituitary/Tr-pi_31.jpg,pituitary,Training,37675664e769daa0a87a5bb618e861b9,train
data/Training/pituitary/Tr-pi_242.jpg,pituitary,Training,f2d3bf8bfa7c7377598e5361f9252080,train
data/Training/pituitary/Tr-pi_1083.jpg,pituitary,Training,2489f4d345d74b1d0fb6bea606f7398b,train
data/Training/pituitary/Tr-pi_963.jpg,pituitary,Training,dcc35abc8fcb327942b24d5fe2a19601,train
data/Training/pituitary/Tr-pi_279.jpg,pituitary,Training,bbaeef7bdde4555352ef316d88a079a2,train
data/Training/pituitary/Tr-pi_895.jpg,pituitary,Training,4affb192ba0d7a7f2e3e1f626925bcae,train
data/Training/pituitary/Tr-pi_960.jpg,pituitary,Training,46c1439fcdc5ecdc6c6c80311d1a7c5e,train
data/Training/pituitary/Tr-pi_1151.jpg,pituitary,Training,03758622e188059eea56a3db78aca28e,train
data/Training/pituitary/Tr-pi_967.jpg,pituitary,Training,c006591ef185b678c080090ad19a2ad1,train
data/Training/pituitary/Tr-pi_873.jpg,pituitary,Training,88155d7a46f2756df7454f352a67516b,test
data/Training/pituitary/Tr-pi_638.jpg,pituitary,Training,56e9dffc02def2130816ac3c657bc5ea,train
data/Training/pituitary/Tr-pi_1211.jpg,pituitary,Training,e3ba2a330b921704ecae3a47624106e3,train
data/Training/pituitary/Tr-pi_774.jpg,pituitary,Training,61daec407e628b6267de26d151509ba8,train
data/Training/pituitary/Tr-pi_835.jpg,pituitary,Training,c9053542992a4aa3a96c75a58e6cdb96,train
data/Training/pituitary/Tr-pi_1217.jpg,pituitary,Training,095e66fd8c62e80ccce018ab9d1421da,train
data/Training/pituitary/Tr-pi_753.jpg,pituitary,Training,76678a179e9b576e185064e569e5c4c0,val
data/Training/pituitary/Tr-pi_962.jpg,pituitary,Training,15cf7ebeefbbb7e57abf759acc3af7ef,val
data/Training/pituitary/Tr-pi_925.jpg,pituitary,Training,fa9b138e19345d1ee2b9c3a27c1b0190,test
data/Training/pituitary/Tr-pi_369.jpg,pituitary,Training,6a126071a8e430cfafc4dd7cdecaf7a6,test
data/Training/pituitary/Tr-pi_791.jpg,pituitary,Training,8bd6ae7fdc80a0b3b39ba666cf1c932e,train
data/Training/pituitary/Tr-pi_361.jpg,pituitary,Training,48db2d6b342c86bcf16e975850015b65,val
data/Training/pituitary/Tr-pi_208.jpg,pituitary,Training,af9046cee39512752e42ae38ef8a9532,train
data/Training/pituitary/Tr-pi_245.jpg,pituitary,Training,fa5d247e4eff2b5963cfd6e8038b992e,train
data/Training/pituitary/Tr-pi_281.jpg,pituitary,Training,eade42eb685eb5754b7745469fe0fff8,train
data/Training/pituitary/Tr-pi_989.jpg,pituitary,Training,abaa02f293f815152b173af89192d084,train
data/Training/pituitary/Tr-pi_388.jpg,pituitary,Training,ebc7a09e10cc253b78156253bc5d06e3,train
data/Training/pituitary/Tr-pi_574.jpg,pituitary,Training,234c3f8acc6382e4f73b99984dbe3540,train
data/Training/pituitary/Tr-pi_1094.jpg,pituitary,Training,09d3bf6a56017530eb3a85182b39ff28,val
data/Training/pituitary/Tr-pi_42.jpg,pituitary,Training,289e45e8ff011ba74dd8718d8d85b74d,train
data/Training/pituitary/Tr-pi_611.jpg,pituitary,Training,00c2712e37af8cccc245a6ab5f6b887c,train
data/Training/pituitary/Tr-pi_1079.jpg,pituitary,Training,3087dd86997b974309f0a2acd70ef599,train
data/Training/pituitary/Tr-pi_1089.jpg,pituitary,Training,abbf2007117a27593eb146c5d9310cfc,test
data/Training/pituitary/Tr-pi_710.jpg,pituitary,Training,03da7bb3df0ff3bc359244b0f93c46d7,train
data/Training/pituitary/Tr-pi_1039.jpg,pituitary,Training,9251294820ada5238d3359161de861fd,train
data/Training/pituitary/Tr-pi_789.jpg,pituitary,Training,4f29515c0bc53fc34ce52cc94d306d6d,test
data/Training/pituitary/Tr-pi_252.jpg,pituitary,Training,52dc34068dd818e43151164a466fc93e,train
data/Training/pituitary/Tr-pi_241.jpg,pituitary,Training,e4b355d1b5aa026192fb62c7754bab31,train
data/Training/pituitary/Tr-pi_706.jpg,pituitary,Training,c3d9801bba9cb823773f18d803b269b7,train
data/Training/pituitary/Tr-pi_568.jpg,pituitary,Training,530d37d5545c65dc113344d2f891c373,train
data/Training/pituitary/Tr-pi_1290.jpg,pituitary,Training,23b624b24e81942505e5390a0a46749d,train
data/Training/pituitary/Tr-pi_133.jpg,pituitary,Training,c236b21447d8f7de6f2062ba7f114eeb,train
data/Training/pituitary/Tr-pi_276.jpg,pituitary,Training,9342808d42a98a5f0156587f3c2b6d55,train
data/Training/pituitary/Tr-pi_1113.jpg,pituitary,Training,cda962a88b86c27025bce28e6571238f,train
data/Training/pituitary/Tr-pi_633.jpg,pituitary,Training,1acb0a829e08c0fc6fdbbfe0e43028a1,train
data/Training/pituitary/Tr-pi_104.jpg,pituitary,Training,75cfc2dc9c45117bc8805440320e6afb,train
data/Training/pituitary/Tr-pi_1148.jpg,pituitary,Training,ed0d62952b71f55088beee8693c3eb50,test
data/Training/pituitary/Tr-pi_141.jpg,pituitary,Training,3af281602007d5bcc671c930aca15be4,train
data/Training/pituitary/Tr-pi_1242.jpg,pituitary,Training,ee0f41701a973a19cf62de31db0692e7,val
data/Training/pituitary/Tr-pi_421.jpg,pituitary,Training,71572a67de35fe0bef53f017d377ac20,test
data/Training/pituitary/Tr-pi_1247.jpg,pituitary,Training,651613adf31040c4286d17770466d3e8,val
data/Training/pituitary/Tr-pi_482.jpg,pituitary,Training,6d23de540f327b6cdfd807aa548c0ec0,test
data/Training/pituitary/Tr-pi_1391.jpg,pituitary,Training,ee11f39a228895c65ab223f65430a429,train
data/Training/pituitary/Tr-pi_557.jpg,pituitary,Training,9cbd0a6c5e4b301be0352f46a44f3bc4,test
data/Training/pituitary/Tr-pi_785.jpg,pituitary,Training,6e24ca298afdb0d5d912d4afc579ff6b,train
data/Training/pituitary/Tr-pi_401.jpg,pituitary,Training,e0fa1326cdb67ba17389357a64a5e6b7,train
data/Training/pituitary/Tr-pi_52.jpg,pituitary,Training,c9162fc066dbf2d22eeae1effe4c8ec7,test
data/Training/pituitary/Tr-pi_426.jpg,pituitary,Training,1012dcb362bf71b3c8e64dae28f6392e,train
data/Training/pituitary/Tr-pi_494.jpg,pituitary,Training,17582a9c70339732adcc66e31f082007,train
data/Training/pituitary/Tr-pi_504.jpg,pituitary,Training,667db113b8954435f1ceab3122f5b296,train
data/Training/pituitary/Tr-pi_868.jpg,pituitary,Training,636039acd57dccb1ee282ae9b2002cae,train
data/Training/pituitary/Tr-pi_964.jpg,pituitary,Training,d54df731bb5cc06e521f7673eeb9b6be,val
data/Training/pituitary/Tr-pi_957.jpg,pituitary,Training,77f5814acf70c8941f0b977b1d6a9d90,train
data/Training/pituitary/Tr-pi_285.jpg,pituitary,Training,15cf7ebeefbbb7e57abf759acc3af7ef,val
data/Training/pituitary/Tr-pi_1394.jpg,pituitary,Training,3668ed9085d384256e6dd4aebe06f346,val
data/Training/pituitary/Tr-pi_1393.jpg,pituitary,Training,72cf8041bf1d44f1a035c5b4f5ebf2d0,test
data/Training/pituitary/Tr-pi_1080.jpg,pituitary,Training,953289676af5b46079268ceaaa4a8288,train
data/Training/pituitary/Tr-pi_64.jpg,pituitary,Training,402d107ac5383250021142c45cb0cab8,train
data/Training/pituitary/Tr-pi_226.jpg,pituitary,Training,7cc0af4852da3d91e60e133c93218520,test
data/Training/pituitary/Tr-pi_758.jpg,pituitary,Training,b93ba017a9364ba21423ddd7642cd2d6,train
data/Training/pituitary/Tr-pi_1067.jpg,pituitary,Training,f146a871b08caad245c44737bf41aded,train
data/Training/pituitary/Tr-pi_179.jpg,pituitary,Training,ab63e493d1e043eab164bfd5e2bd6386,train
data/Training/pituitary/Tr-pi_1285.jpg,pituitary,Training,4dc1dc765dfde7fe0c50d37090bad93a,test
data/Training/pituitary/Tr-pi_734.jpg,pituitary,Training,247df33cd776f3d36c5ea876730c908f,train
data/Training/pituitary/Tr-pi_1118.jpg,pituitary,Training,dceac0ac63e83eba11a3ae308b4a4d4d,train
data/Training/pituitary/Tr-pi_56.jpg,pituitary,Training,470fb1aa43a9d39b21735b4095698aaa,val
data/Training/pituitary/Tr-pi_1006.jpg,pituitary,Training,ca2792d0ffcb38b03870997c6d50b331,val
data/Training/pituitary/Tr-pi_234.jpg,pituitary,Training,afee890067211fcce7951ab45be147bc,train
data/Training/pituitary/Tr-pi_221.jpg,pituitary,Training,05c3caea567ffd77caf79c12654b87e5,train
data/Training/pituitary/Tr-pi_595.jpg,pituitary,Training,db15235729207e4dabac088bb834ad48,train
data/Training/pituitary/Tr-pi_58.jpg,pituitary,Training,d83b05b720e16e64a0d930df78fccd4f,train
data/Training/pituitary/Tr-pi_1038.jpg,pituitary,Training,5f61cfd4a31d374d5a2681e7d3d2ea64,val
data/Training/pituitary/Tr-pi_1057.jpg,pituitary,Training,12e251a28ec487987e2a50b13abd809f,train
data/Training/pituitary/Tr-pi_228.jpg,pituitary,Training,cf5e712a668639af2353340b3689dccc,test
data/Training/pituitary/Tr-pi_666.jpg,pituitary,Training,6013d59b94a87f2427d71ac260d0a973,train
data/Training/pituitary/Tr-pi_1196.jpg,pituitary,Training,45e8c308a42e1995239b2934f71bace3,val
data/Training/pituitary/Tr-pi_924.jpg,pituitary,Training,c9e1b9a85cfd32b217f8b2515458bad2,train
data/Training/pituitary/Tr-pi_1016.jpg,pituitary,Training,2888c566c6f8838aaec9dd80b29e296c,train
data/Training/pituitary/Tr-pi_419.jpg,pituitary,Training,83cdd03ee7c6099a46872262d60a0dfb,train
data/Training/pituitary/Tr-pi_626.jpg,pituitary,Training,a95af5857ac3b52bf7f79d179acc8214,train
data/Training/pituitary/Tr-pi_1025.jpg,pituitary,Training,9bee5a881319dc69f5ca996ddea58e51,train
data/Training/pituitary/Tr-pi_593.jpg,pituitary,Training,047ef95470b8ae6d1d3ab41f11d31f90,train
data/Training/pituitary/Tr-pi_381.jpg,pituitary,Training,04cc2589b2eefe0bb0517edb65aab879,train
data/Training/pituitary/Tr-pi_1100.jpg,pituitary,Training,4fc28a49b2fe045a07261215df81918e,val
data/Training/pituitary/Tr-pi_1369.jpg,pituitary,Training,5611278166eb617cc0aa1d12ca42d523,train
data/Training/pituitary/Tr-pi_600.jpg,pituitary,Training,ab5434953407399ec87f273c8ee36e15,train
data/Training/pituitary/Tr-pi_565.jpg,pituitary,Training,eab2d8f0b8abc424e0916cbb42392866,train
data/Training/pituitary/Tr-pi_302.jpg,pituitary,Training,c70d2b7ad5446536ef55d4cbe26e2cc0,train
data/Training/pituitary/Tr-pi_1214.jpg,pituitary,Training,4570e8d9aa6f530cb2f977ee49749a86,train
data/Training/pituitary/Tr-pi_468.jpg,pituitary,Training,34d0311beebc7ddd361607b14e4874cc,train
data/Training/pituitary/Tr-pi_700.jpg,pituitary,Training,76fb3decaf0c893f66f183b2ca600265,train
data/Training/pituitary/Tr-pi_531.jpg,pituitary,Training,5f2c0c563fae5ff631808e415b6c6fa5,train
data/Training/pituitary/Tr-pi_577.jpg,pituitary,Training,6e8e7f1bc4a300e142c757422d824cb7,test
data/Training/pituitary/Tr-pi_848.jpg,pituitary,Training,5740506b6483c730f1b1b5557da2fe19,train
data/Training/pituitary/Tr-pi_1273.jpg,pituitary,Training,f248840c4f461a3afab3c5b4e33a6837,train
data/Training/pituitary/Tr-pi_269.jpg,pituitary,Training,423bdb16af75544f71b1d14071aab817,train
data/Training/pituitary/Tr-pi_570.jpg,pituitary,Training,1dddd394035c336b44877eb0caff1985,train
data/Training/pituitary/Tr-pi_1284.jpg,pituitary,Training,320293d6fff1627b1d3b6c3e6fc07c1d,train
data/Training/pituitary/Tr-pi_335.jpg,pituitary,Training,c23e254b4836de04fd68046cd0eee177,val
data/Training/pituitary/Tr-pi_409.jpg,pituitary,Training,7c0b024c044a3b75b5970c98f3826dcf,val
data/Training/pituitary/Tr-pi_349.jpg,pituitary,Training,2cba34e72f0d738a3f4a6714a3481b8a,train
data/Training/pituitary/Tr-pi_463.jpg,pituitary,Training,f53734c5878a35dce5f71e9fb45b05fc,train
data/Training/pituitary/Tr-pi_1335.jpg,pituitary,Training,dcdb3141b9fc09eb77989b501e72e114,train
data/Training/pituitary/Tr-pi_974.jpg,pituitary,Training,c4662b55eb9f3404d40887b8dadcc876,train
data/Training/pituitary/Tr-pi_940.jpg,pituitary,Training,53cfe0131c8a47fc8c7102af1abbda0b,val
data/Training/pituitary/Tr-pi_7.jpg,pituitary,Training,3648af09b3cc176f1572d1452141d977,test
data/Training/pituitary/Tr-pi_112.jpg,pituitary,Training,82507eb6b54e10997d6f2961eb552244,test
data/Training/pituitary/Tr-pi_243.jpg,pituitary,Training,b704cbb788b8efa608f8b3221552c69c,test
data/Training/pituitary/Tr-pi_486.jpg,pituitary,Training,b6d9c5f8ffbc84a944aafc52d2821c80,train
data/Training/pituitary/Tr-pi_1153.jpg,pituitary,Training,1a56ef4b7c71a01cc2a6ec9649854bb0,train
data/Training/pituitary/Tr-pi_436.jpg,pituitary,Training,5053509134a1b4f892623bf950a1b2a2,train
data/Training/pituitary/Tr-pi_294.jpg,pituitary,Training,bc3cbea9442076880397eff4959209ff,train
data/Training/pituitary/Tr-pi_1215.jpg,pituitary,Training,6e75179cf2dbe8466272da06b584f986,train
data/Training/pituitary/Tr-pi_1188.jpg,pituitary,Training,8241ffb867195468c67b81fde5c77665,train
data/Training/pituitary/Tr-pi_1311.jpg,pituitary,Training,779919469031542d1cda164b9a93fff5,train
data/Training/pituitary/Tr-pi_1078.jpg,pituitary,Training,32d42634374d508e6a75c8db14bedc91,train
data/Training/pituitary/Tr-pi_819.jpg,pituitary,Training,32b8f8a3415c82559de1db98bf0bb3a8,train
data/Training/pituitary/Tr-pi_1329.jpg,pituitary,Training,d2d236991bf8d0bc37a596e5eef122bd,test
data/Training/pituitary/Tr-pi_1241.jpg,pituitary,Training,5a521e8208c54b86d4c979defab45c48,val
data/Training/pituitary/Tr-pi_516.jpg,pituitary,Training,27013378e3b6b8dd284fa967ac863475,train
data/Training/pituitary/Tr-pi_32.jpg,pituitary,Training,4550acf419337d999e42a4252396d1e5,train
data/Training/pituitary/Tr-pi_1306.jpg,pituitary,Training,ff9e3017d5ebc226f8849dfcd1950982,val
data/Training/pituitary/Tr-pi_828.jpg,pituitary,Training,5ba9cff853a5b46199796e4bc784df8f,train
data/Training/pituitary/Tr-pi_843.jpg,pituitary,Training,c088aeece3749444b21caf6be25ca6d6,val
data/Training/pituitary/Tr-pi_223.jpg,pituitary,Training,4990b6b540339c92e1107ccb133b0f78,train
data/Training/pituitary/Tr-pi_331.jpg,pituitary,Training,205060dc7b00b7badf2d42088ce66011,test
data/Training/pituitary/Tr-pi_524.jpg,pituitary,Training,c640b774824faa9c7019ec068567a743,train
data/Training/pituitary/Tr-pi_1115.jpg,pituitary,Training,86627bd56e21a0a8a26864aa536b43a1,val
data/Training/pituitary/Tr-pi_1117.jpg,pituitary,Training,d7fc84534880f123cbb10b4adf6c0202,train
data/Training/pituitary/Tr-pi_1155.jpg,pituitary,Training,0140560cc9a91abc3e62e9e1bec6c5ea,train
data/Training/pituitary/Tr-pi_597.jpg,pituitary,Training,7e85b0cf731be2f3e74199cdb3688333,train
data/Training/pituitary/Tr-pi_372.jpg,pituitary,Training,27087490f8d818acc53a2a0dfd99a113,train
data/Training/pituitary/Tr-pi_907.jpg,pituitary,Training,cb0d3b4d85f3e2298704f622b4d280bf,val
data/Training/pituitary/Tr-pi_560.jpg,pituitary,Training,61af5b3178a9e5a9365f16f4b978807d,test
data/Training/pituitary/Tr-pi_1049.jpg,pituitary,Training,96cac39f9a8cd0d4ad053ebecc64a7c7,train
data/Training/pituitary/Tr-pi_606.jpg,pituitary,Training,b6a897f99fd36cb39ac8641309c8a0a9,train
data/Training/pituitary/Tr-pi_55.jpg,pituitary,Training,3843ff35ed4bff3d4ab08a844f1f269b,train
data/Training/pituitary/Tr-pi_1119.jpg,pituitary,Training,038b3418524d9dd8db3655b79156d0b2,test
data/Training/pituitary/Tr-pi_124.jpg,pituitary,Training,da520a37b39d74a87452a53b5ae35118,train
data/Training/pituitary/Tr-pi_720.jpg,pituitary,Training,11b5aff0359726d8270bc865c42c3d90,train
data/Training/pituitary/Tr-pi_790.jpg,pituitary,Training,84a2b884d91f1820be314b079c47e6a4,train
data/Training/pituitary/Tr-pi_24.jpg,pituitary,Training,4e40529acd13ce706ffe973191986ca9,test
data/Training/pituitary/Tr-pi_1024.jpg,pituitary,Training,4299e901d5ec8dcee02f4de12a35a32e,train
data/Training/pituitary/Tr-pi_996.jpg,pituitary,Training,d45283326ff8411db070160772e674e9,val
data/Training/pituitary/Tr-pi_978.jpg,pituitary,Training,b9522d51feeee4bd0ad24b5999f69cdb,train
data/Training/pituitary/Tr-pi_1192.jpg,pituitary,Training,b5e66a74ec492be497f59a08e2450ba6,train
data/Training/pituitary/Tr-pi_345.jpg,pituitary,Training,9da6b7458c66ea16ee862a2315b3e404,train
data/Training/pituitary/Tr-pi_575.jpg,pituitary,Training,d7d8674727b9877a2c2a05edca0bf575,test
data/Training/pituitary/Tr-pi_336.jpg,pituitary,Training,23deaba6501937532beec37af6ff5ff5,train
data/Training/pituitary/Tr-pi_1341.jpg,pituitary,Training,64c5701044449e8b4cc023a66ce624a9,train
data/Training/pituitary/Tr-pi_44.jpg,pituitary,Training,8d26b784ed5c893df60ffe0f553d349c,train
data/Training/pituitary/Tr-pi_935.jpg,pituitary,Training,b9e4055ef808ed6eb8bd62d9a79c0079,train
data/Training/pituitary/Tr-pi_966.jpg,pituitary,Training,82dfc997a459b6eea1d7a580826d50aa,val
data/Training/pituitary/Tr-pi_864.jpg,pituitary,Training,f68bd4d5cf00ec005e047961e4729336,train
data/Training/pituitary/Tr-pi_754.jpg,pituitary,Training,15daec28c8022ae3fd60e298ed429e77,train
data/Training/pituitary/Tr-pi_567.jpg,pituitary,Training,a21807ab933dfc8c7a94e4dd408cc75f,train
data/Training/pituitary/Tr-pi_646.jpg,pituitary,Training,d52ddc6182d9646b406d3dbdf913eb8f,train
data/Training/pituitary/Tr-pi_537.jpg,pituitary,Training,aba3bccfd74517d0054fa5778c766176,train
data/Training/pituitary/Tr-pi_1026.jpg,pituitary,Training,aa95d2ea51c6c63f55582b721be9b2b5,test
data/Training/pituitary/Tr-pi_30.jpg,pituitary,Training,d3c5f5993859f00f448f6f8e02b68865,test
data/Training/pituitary/Tr-pi_1325.jpg,pituitary,Training,c057744d59bd9dc5907313ec385c72d9,train
data/Training/pituitary/Tr-pi_1375.jpg,pituitary,Training,5c0a00ec5f567aa19da0ea8eb03d0cfc,train
data/Training/pituitary/Tr-pi_861.jpg,pituitary,Training,5fdbd7b721aeeccad778cfe3e6cf0ed6,train
data/Training/pituitary/Tr-pi_1195.jpg,pituitary,Training,38a61cb73d628ea66cf20b40c5fb9aed,train
data/Training/pituitary/Tr-pi_801.jpg,pituitary,Training,2231e02fcdb876d95e05de4f91ca8b00,train
data/Training/pituitary/Tr-pi_1180.jpg,pituitary,Training,d91ef47a6ea8811815ede575d70fa146,train
data/Training/pituitary/Tr-pi_931.jpg,pituitary,Training,2da0f35f4648a47c9248c6aed1004fc8,val
data/Training/pituitary/Tr-pi_590.jpg,pituitary,Training,730dd7284e9cefb4962ecf1db16641e0,train
data/Training/pituitary/Tr-pi_483.jpg,pituitary,Training,ec99b2318d254b8927c85209b45b8f06,test
data/Training/pituitary/Tr-pi_995.jpg,pituitary,Training,112645b302ce25198baa081a7a7e4835,train
data/Training/pituitary/Tr-pi_591.jpg,pituitary,Training,59664e141c4141e51bc6fa35af09ea2c,train
data/Training/pituitary/Tr-pi_354.jpg,pituitary,Training,2a98ef6c56df10df89d5aa53b742fd65,train
data/Training/pituitary/Tr-pi_871.jpg,pituitary,Training,49f8bb0a9faf1d83027bd0622676d127,train
data/Training/pituitary/Tr-pi_561.jpg,pituitary,Training,422b51b8c608b7ae46642d443678cd08,train
data/Training/pituitary/Tr-pi_876.jpg,pituitary,Training,db462ef5ba17b73623d74aca7934afb4,train
data/Training/pituitary/Tr-pi_787.jpg,pituitary,Training,dc17ef4de58a1ccf391bccaa419a4b5b,train
data/Training/pituitary/Tr-pi_22.jpg,pituitary,Training,44cf3c71e3d371ef39e32dffd82054f5,val
data/Training/pituitary/Tr-pi_342.jpg,pituitary,Training,475843a97769b73118e9c7db9eeb8c7d,val
data/Training/pituitary/Tr-pi_665.jpg,pituitary,Training,6f3ec73142b6754261c81b3be326ac05,train
data/Training/pituitary/Tr-pi_1157.jpg,pituitary,Training,0d5c23873a186d6356538a787aa34121,train
data/Training/pituitary/Tr-pi_286.jpg,pituitary,Training,00748c6aaa5c199b07f8fa7140fc19c1,train
data/Training/pituitary/Tr-pi_459.jpg,pituitary,Training,42442bfad2bf705817b98bd96512bc31,train
data/Training/pituitary/Tr-pi_76.jpg,pituitary,Training,e5b45518d46fd18293867400f29fb723,train
data/Training/pituitary/Tr-pi_656.jpg,pituitary,Training,3525fdc2d011353aeb69c292511d698c,val
data/Training/pituitary/Tr-pi_390.jpg,pituitary,Training,98174522db4d8b32089db40876540276,train
data/Training/pituitary/Tr-pi_674.jpg,pituitary,Training,ec4ca110f4238db993fa1f5e1a411740,train
data/Training/pituitary/Tr-pi_639.jpg,pituitary,Training,9c8c1238873f74624ca0f945b86d08f2,train
data/Training/pituitary/Tr-pi_1370.jpg,pituitary,Training,bca2f816ebdc116ed42cc5a8086cd05b,train
data/Training/pituitary/Tr-pi_538.jpg,pituitary,Training,5663d5e4ebe73718b0095d182637ad3d,train
data/Training/pituitary/Tr-pi_1029.jpg,pituitary,Training,bdca7bf66eb2bc308eeb749b5ef5d7ac,train
data/Training/pituitary/Tr-pi_61.jpg,pituitary,Training,08b199806039e9dd59108df7136a881c,train
data/Training/pituitary/Tr-pi_117.jpg,pituitary,Training,8eff586d34b08b6ea1e52428f6b8100a,test
data/Training/pituitary/Tr-pi_602.jpg,pituitary,Training,ed8861eeff5c91a04c01f4f7f5a00a9c,train
data/Training/pituitary/Tr-pi_264.jpg,pituitary,Training,2f1016c90043a2e770db25e4fe88d9c3,train
data/Training/pituitary/Tr-pi_69.jpg,pituitary,Training,105b8b0c29ff614a6b92e0f4ea203a1f,train
data/Training/pituitary/Tr-pi_259.jpg,pituitary,Training,73398e4864b8e13c3ff399ad2b8e1974,train
data/Training/pituitary/Tr-pi_1351.jpg,pituitary,Training,56564ce72b4ede4a2dfeed628bb5320d,train
data/Training/pituitary/Tr-pi_68.jpg,pituitary,Training,e83db6111d110510f6decd5a8a47f039,val
data/Training/pituitary/Tr-pi_892.jpg,pituitary,Training,223b9e9bbd0819b3a34f71bfbf7f70dd,train
data/Training/pituitary/Tr-pi_95.jpg,pituitary,Training,c9a026c5f5bc2a425ba22a4f3ddb4135,val
data/Training/pituitary/Tr-pi_274.jpg,pituitary,Training,7584bc10be284982237c791cea07fbb6,train
data/Training/pituitary/Tr-pi_1222.jpg,pituitary,Training,a0416c6af2c6d76a2d2f038f5fd1a20d,train
data/Training/pituitary/Tr-pi_325.jpg,pituitary,Training,8c19f56584f250d2091aed74184276b1,train
data/Training/pituitary/Tr-pi_173.jpg,pituitary,Training,a190895b68b5962790d468f50395c773,train
data/Training/pituitary/Tr-pi_303.jpg,pituitary,Training,bfe7850c6e508eb229cd4129c877ce38,val
data/Training/pituitary/Tr-pi_880.jpg,pituitary,Training,6b4de1f7396b65d413de98d1436cfa53,train
data/Training/pituitary/Tr-pi_1326.jpg,pituitary,Training,d7bfd8174d2e344ba2f3a2b739bda381,train
data/Training/pituitary/Tr-pi_522.jpg,pituitary,Training,dcaf899fffaa80857fe622890fba9764,test
data/Training/pituitary/Tr-pi_1294.jpg,pituitary,Training,c437d5f237516273fd54c37ac7ebdba2,val
data/Training/pituitary/Tr-pi_773.jpg,pituitary,Training,b5768ef5bfe6e657de2c0880f5280113,train
data/Training/pituitary/Tr-pi_767.jpg,pituitary,Training,b976a789404e353f92d72dd66dcd0534,train
data/Training/pituitary/Tr-pi_860.jpg,pituitary,Training,1bce31db73ba778fd9040a589a38ba7c,train
data/Training/pituitary/Tr-pi_540.jpg,pituitary,Training,1006f5b3a9f89a00455f4ddb31e28102,val
data/Training/pituitary/Tr-pi_387.jpg,pituitary,Training,e390911104b00f0a034474dc05b5f525,train
data/Training/pituitary/Tr-pi_514.jpg,pituitary,Training,a9251941c6898cda3df4710ff8fa0b80,train
data/Training/pituitary/Tr-pi_185.jpg,pituitary,Training,5ed8e2fa1391a19c01f5a0e519305f12,test
data/Training/pituitary/Tr-pi_1141.jpg,pituitary,Training,f42b5158758283a16a02bff8e06c623f,val
data/Training/pituitary/Tr-pi_619.jpg,pituitary,Training,8a85a280593a98abf380f207dfe0ec5d,val
data/Training/pituitary/Tr-pi_1250.jpg,pituitary,Training,fbc4da8b94d9a7ce0725b9e0393105cf,val
data/Training/pituitary/Tr-pi_277.jpg,pituitary,Training,4354c36d7a699b1e38b4166a4b061791,test
data/Training/pituitary/Tr-pi_203.jpg,pituitary,Training,7d2fa8255b9ec3b1f323aea01b2e9eb8,train
data/Training/pituitary/Tr-pi_1138.jpg,pituitary,Training,d3669c4a071f3fae7aaf28ac39abfa1d,train
data/Training/pituitary/Tr-pi_756.jpg,pituitary,Training,7d78d1b0415c7f0943c443a7d4ea588e,test
data/Training/pituitary/Tr-pi_899.jpg,pituitary,Training,8902f3612289bdb481ea3ba466e16c05,train
data/Training/pituitary/Tr-pi_330.jpg,pituitary,Training,9139bddf57043a528098bbdf5ef15bd4,train
data/Training/pituitary/Tr-pi_65.jpg,pituitary,Training,119f024387dea1e0cc7bbbe7d86a51ce,train
data/Training/pituitary/Tr-pi_493.jpg,pituitary,Training,df6007de26ff4772a6df878e6d3bb799,train
data/Training/pituitary/Tr-pi_684.jpg,pituitary,Training,4da4f3178b70c3ed6d6dfd2b686fa158,train
data/Training/pituitary/Tr-pi_912.jpg,pituitary,Training,bc84d2f234cac3c68d2e2da072c24283,train
data/Training/pituitary/Tr-pi_238.jpg,pituitary,Training,08f1f75d6c09526fb7ab6f28eb01fa3b,train
data/Training/pituitary/Tr-pi_705.jpg,pituitary,Training,6b48f24684ba63c75ce498cd52f21270,train
data/Training/pituitary/Tr-pi_103.jpg,pituitary,Training,c979b7f34c524c88f291ded46205729b,test
data/Training/pituitary/Tr-pi_314.jpg,pituitary,Training,8e7aae5d6f89a83ed4c5e8d90e880fab,val
data/Training/pituitary/Tr-pi_1043.jpg,pituitary,Training,f42939bda4e5fd1ba44e84d01a0125ea,train
data/Training/pituitary/Tr-pi_1278.jpg,pituitary,Training,28b32c3afdcfd5e9595f194e5cdcb861,train
data/Training/pituitary/Tr-pi_322.jpg,pituitary,Training,b83fd4aec80ae0efef76011167ac8d3e,train
data/Training/pituitary/Tr-pi_1379.jpg,pituitary,Training,11b6b64b29f85054efbccdcaa3b6af69,train
data/Training/pituitary/Tr-pi_857.jpg,pituitary,Training,37467cc9d034a9213e185a0790a0a6b3,test
data/Training/pituitary/Tr-pi_1191.jpg,pituitary,Training,96d714cac3c204aeaea07d8c26ee7f55,train
data/Training/pituitary/Tr-pi_1323.jpg,pituitary,Training,b612aa0d702020c3dd896f4294000a02,test
data/Training/pituitary/Tr-pi_881.jpg,pituitary,Training,2b8941b01fbf8e4b3eee26f82179deb9,train
data/Training/pituitary/Tr-pi_987.jpg,pituitary,Training,35b9cea43e3de383594bfc679f4a882b,train
data/Training/pituitary/Tr-pi_438.jpg,pituitary,Training,e64cc84d54d3fa69b766719820b93661,train
data/Training/pituitary/Tr-pi_760.jpg,pituitary,Training,0558846f5dc0e974b75eac9b0aa1b2be,train
data/Training/pituitary/Tr-pi_833.jpg,pituitary,Training,f3834a46ec765a8750ba8c188127f500,val
data/Training/pituitary/Tr-pi_806.jpg,pituitary,Training,0d8428211cb5a83a9a42ce281aa200ea,train
data/Training/pituitary/Tr-pi_1207.jpg,pituitary,Training,51e083128ee310d25cab89a4b175624b,val
data/Training/pituitary/Tr-pi_865.jpg,pituitary,Training,84873298f87b3d7c90ade57d01d48e34,test
data/Training/pituitary/Tr-pi_1017.jpg,pituitary,Training,2745ef259b0a20ae610e500300c55252,test
data/Training/pituitary/Tr-pi_1008.jpg,pituitary,Training,95eb4f162a90ade163fb56c7deae6b0f,train
data/Training/pituitary/Tr-pi_73.jpg,pituitary,Training,5c6b7d893de0c8c9854cc36b1e3c86ed,train
data/Training/pituitary/Tr-pi_515.jpg,pituitary,Training,7aace426ed99cbee63e3f7fb55465590,test
data/Training/pituitary/Tr-pi_410.jpg,pituitary,Training,7aace426ed99cbee63e3f7fb55465590,test
data/Training/pituitary/Tr-pi_184.jpg,pituitary,Training,cd113953c61bc99872bef5aee5fdf9b7,val
data/Training/pituitary/Tr-pi_694.jpg,pituitary,Training,a685702040d1acacf901ddf700cfe0be,train
data/Training/pituitary/Tr-pi_1336.jpg,pituitary,Training,9b9dd1bed6f6b1a0adff82f41f903279,train
data/Training/pituitary/Tr-pi_134.jpg,pituitary,Training,4801836e0fc139dfc88eb517c382e887,val
data/Training/pituitary/Tr-pi_730.jpg,pituitary,Training,b272199810b609e5bcd02c691e5fd4ea,train
data/Training/pituitary/Tr-pi_699.jpg,pituitary,Training,62d58706b1eb9aac46d6a395b524b578,train
data/Training/pituitary/Tr-pi_992.jpg,pituitary,Training,be4aae1069b73825aaf4922cb3a6a2c4,test
data/Training/pituitary/Tr-pi_715.jpg,pituitary,Training,c4c50b302fa2842bdd8a9ff7e92923c0,train
data/Training/pituitary/Tr-pi_1342.jpg,pituitary,Training,55a8c9d4ab5ff2bea1966f8b0357bb35,train
data/Training/pituitary/Tr-pi_437.jpg,pituitary,Training,1d411f129b60552c5bf66240b2619a32,test
data/Training/pituitary/Tr-pi_759.jpg,pituitary,Training,dcd64c030193c4b3a8a69460e4906807,val
data/Training/pituitary/Tr-pi_168.jpg,pituitary,Training,a5a784533eafd8af1bb42d671c3bd6e3,train
data/Training/pituitary/Tr-pi_1233.jpg,pituitary,Training,43129e4c872fec2fe1ff07dba13871c6,val
data/Training/pituitary/Tr-pi_119.jpg,pituitary,Training,351dc1b885e6e67b349337610ec4a157,train
data/Training/pituitary/Tr-pi_255.jpg,pituitary,Training,f85fea652832722669a4001b3e1b3530,train
data/Training/pituitary/Tr-pi_165.jpg,pituitary,Training,4852ebe462e32456dc4fe65790c3ddd5,train
data/Training/pituitary/Tr-pi_890.jpg,pituitary,Training,5d3ff446597f7bf96f8da8b82d456718,train
data/Training/pituitary/Tr-pi_191.jpg,pituitary,Training,6cd02777a78d0ff23df9ea3dbd27e642,val
data/Training/pituitary/Tr-pi_1190.jpg,pituitary,Training,630cffa2128731e97198108bdc1e7e71,train
data/Training/pituitary/Tr-pi_318.jpg,pituitary,Training,676fb3efc8f4a9472f9aede115c8b538,test
data/Training/pituitary/Tr-pi_679.jpg,pituitary,Training,625d78224c3ae0e101d261b70959a3f5,train
data/Training/pituitary/Tr-pi_166.jpg,pituitary,Training,fdb3d2d867ab584f541859b8266cc5d8,val
data/Training/pituitary/Tr-pi_356.jpg,pituitary,Training,dcd64c030193c4b3a8a69460e4906807,val
data/Training/pituitary/Tr-pi_711.jpg,pituitary,Training,d9ae384bfdb1572a0e8c0b152d765054,val
data/Training/pituitary/Tr-pi_193.jpg,pituitary,Training,99e0890275f773a6baa17d02fc0bdefb,train
data/Training/pituitary/Tr-pi_425.jpg,pituitary,Training,6eae37d62de2dbc1c21cedc568282675,train
data/Training/pituitary/Tr-pi_284.jpg,pituitary,Training,fb778b1f8fa81aaf4bb44141737b0e0b,train
data/Training/pituitary/Tr-pi_1034.jpg,pituitary,Training,f888797ab6904155c47794514b298aae,train
data/Training/pituitary/Tr-pi_407.jpg,pituitary,Training,98af88570c881b595e95b9ecdd3969d3,train
data/Training/pituitary/Tr-pi_1390.jpg,pituitary,Training,6fde83aa40a3f10dfc3e511b79590b73,train
data/Training/pituitary/Tr-pi_953.jpg,pituitary,Training,26cdd3df55d0f47c79dd221ff90845f0,train
data/Training/pituitary/Tr-pi_812.jpg,pituitary,Training,99e0890275f773a6baa17d02fc0bdefb,train
data/Training/pituitary/Tr-pi_283.jpg,pituitary,Training,5021eb8edaa58bb3aa7fd1f08ab04fd4,train
data/Training/pituitary/Tr-pi_649.jpg,pituitary,Training,42018f75704d12a4ba020fa402a17cc9,test
data/Training/pituitary/Tr-pi_555.jpg,pituitary,Training,96a992e25e9950960b91b95bb5b3afbf,val
data/Training/pituitary/Tr-pi_351.jpg,pituitary,Training,b03bd38df7469f640868cf621b407f48,train
data/Training/pituitary/Tr-pi_701.jpg,pituitary,Training,e28a54ecbf0e916f52f6aae22f9067e4,train
data/Training/pituitary/Tr-pi_1262.jpg,pituitary,Training,327bf2dcaa285539452a75d80564ee75,test
data/Training/pituitary/Tr-pi_741.jpg,pituitary,Training,f95950292a15ec52aa26852abf81ab36,test
data/Training/pituitary/Tr-pi_177.jpg,pituitary,Training,da05759c504c0d354f4f3d06d6e85192,train
data/Training/pituitary/Tr-pi_62.jpg,pituitary,Training,ec6c95789bd838f8ab1864d334e054b6,train
data/Training/pituitary/Tr-pi_174.jpg,pituitary,Training,f51fd32a639e76675fb263baa707f79b,val
data/Training/pituitary/Tr-pi_39.jpg,pituitary,Training,7cc334cf9c150fe0785001dc3c3f55c1,train
data/Training/pituitary/Tr-pi_1073.jpg,pituitary,Training,08422ec00b1f2e307ef241a22759b882,val
data/Training/pituitary/Tr-pi_1088.jpg,pituitary,Training,ab9bbf958e3698d8b2b741b86eb9ea20,train
data/Training/pituitary/Tr-pi_945.jpg,pituitary,Training,6f10ba383c67cd3f981686277a2cc7f3,train
data/Training/pituitary/Tr-pi_894.jpg,pituitary,Training,1e99acd21424e62266c188ba357fdb43,val
data/Training/pituitary/Tr-pi_1319.jpg,pituitary,Training,8b2dabb463b2346f294a15c4562bdc42,train
data/Training/pituitary/Tr-pi_414.jpg,pituitary,Training,bfde2523e356b05bb1597d7e4ba82327,train
data/Training/pituitary/Tr-pi_988.jpg,pituitary,Training,0bbc973743de7da1b2d5b3a2614fb52f,train
data/Training/pituitary/Tr-pi_628.jpg,pituitary,Training,dfafe7819500520c7d5045fde841b1e4,val
data/Training/pituitary/Tr-pi_219.jpg,pituitary,Training,aed3ca36e8986f68f4c8ea486decc347,val
data/Training/pituitary/Tr-pi_213.jpg,pituitary,Training,2870bee0393c325b74405add48cb9661,train
data/Training/pituitary/Tr-pi_1389.jpg,pituitary,Training,139a60b82c99af927f2f320ba850843a,test
data/Training/pituitary/Tr-pi_923.jpg,pituitary,Training,1d5ae7e1693091766d7d87034efa0113,val
data/Training/pituitary/Tr-pi_49.jpg,pituitary,Training,f6dc2ae8af4a8f61996d62b30bbbceca,train
data/Training/pituitary/Tr-pi_1320.jpg,pituitary,Training,f99ec13fecab7561f5c978e964db0554,val
data/Training/pituitary/Tr-pi_236.jpg,pituitary,Training,5170ff4b94fa1de6ab2616b84e1eb86d,val
data/Training/pituitary/Tr-pi_1359.jpg,pituitary,Training,a4e46b53be4d39342dee5dea38066ae8,val
data/Training/pituitary/Tr-pi_725.jpg,pituitary,Training,ccff1fd0c73e09ac1274ad04f7c8bc87,train
data/Training/pituitary/Tr-pi_107.jpg,pituitary,Training,7ec62e0140d76cf6be5e2981c41246f6,train
data/Training/pituitary/Tr-pi_1132.jpg,pituitary,Training,468c0abe37fb84651cd7c35817f7c3e4,test
data/Training/pituitary/Tr-pi_817.jpg,pituitary,Training,1d13eced905137ef5045ca425e46049d,train
data/Training/pituitary/Tr-pi_43.jpg,pituitary,Training,3fce56aa035c634f41971ba6ecdbad1e,train
data/Training/pituitary/Tr-pi_156.jpg,pituitary,Training,e14e47aaaf3a94fd5dfa4fc6709e6457,train
data/Training/pituitary/Tr-pi_528.jpg,pituitary,Training,72767d52cc2aad37a5cfb24ff23bb06a,train
data/Training/pituitary/Tr-pi_417.jpg,pituitary,Training,028f30c754523f36d0b1b4504386ccab,train
data/Training/pituitary/Tr-pi_841.jpg,pituitary,Training,4fa76c88fe58ef7f171cc483c46621ad,train
data/Training/pituitary/Tr-pi_520.jpg,pituitary,Training,63f80896150bb3d0db7341d0794cf3c7,test
data/Training/pituitary/Tr-pi_955.jpg,pituitary,Training,3152dac756505391188bf6cfb2bbda07,train
data/Training/pituitary/Tr-pi_846.jpg,pituitary,Training,bb99bf7a671251b5d7502bc19f1d5c77,val
data/Training/pituitary/Tr-pi_934.jpg,pituitary,Training,a16d10cfe6a2858eb3485545c5f4738b,test
data/Training/pituitary/Tr-pi_130.jpg,pituitary,Training,db4f41ea41a7de6047a1cc56f424e0a5,train
data/Training/pituitary/Tr-pi_1287.jpg,pituitary,Training,eb79fba46e299c42cf7b973a373e368c,val
data/Training/pituitary/Tr-pi_240.jpg,pituitary,Training,50f4a22c43e940062b34ff2b7c170ca7,train
data/Training/pituitary/Tr-pi_983.jpg,pituitary,Training,ec4f8bc59e14e9f5b907118e0c9e08b5,train
data/Training/pituitary/Tr-pi_115.jpg,pituitary,Training,efe89af75745d6a4e08db76e719b1e26,test
data/Training/pituitary/Tr-pi_131.jpg,pituitary,Training,ba9c0fe1cd8afe414b9ebdbc8630f571,train
data/Training/pituitary/Tr-pi_1063.jpg,pituitary,Training,61f1e9cb51889b296e6fea08867bc5d4,train
data/Training/pituitary/Tr-pi_1065.jpg,pituitary,Training,c179dcbe93bfafaa5a902876fbae3496,val
data/Training/pituitary/Tr-pi_1260.jpg,pituitary,Training,03d537784140cda8db92d2151070635a,train
data/Training/pituitary/Tr-pi_554.jpg,pituitary,Training,51dc770efab8a29b3d05b2c6cba2e8f7,train
data/Training/pituitary/Tr-pi_523.jpg,pituitary,Training,7480536c73ce33f8ec4fc0b34f03cf03,train
data/Training/pituitary/Tr-pi_60.jpg,pituitary,Training,fd67c390f62d5e2e78581729f888d7db,train
data/Training/pituitary/Tr-pi_313.jpg,pituitary,Training,403e886f2160e7135ab63eca2234bb96,train
data/Training/pituitary/Tr-pi_324.jpg,pituitary,Training,bd7480361cbe469999a69a302818659c,test
data/Training/pituitary/Tr-pi_266.jpg,pituitary,Training,9172fb00e914d8d4ec09aeb13aafb978,train
data/Training/pituitary/Tr-pi_1251.jpg,pituitary,Training,871cd88213f65c9768691a350a31d3ed,train
data/Training/pituitary/Tr-pi_12.jpg,pituitary,Training,7479a359845f522f2de3cb17bbde33ed,train
data/Training/pituitary/Tr-pi_1234.jpg,pituitary,Training,b8c85b14132cc6bb74a4202a5a31e84e,train
data/Training/pituitary/Tr-pi_334.jpg,pituitary,Training,d1c66e90caffc0a6e64c8c6b76a113b5,train
data/Training/pituitary/Tr-pi_1399.jpg,pituitary,Training,58e47a3e12d09d40c54a8672b481c175,train
data/Training/pituitary/Tr-pi_811.jpg,pituitary,Training,80ee348cf9536e5715d02ecbb51d7927,train
data/Training/pituitary/Tr-pi_1227.jpg,pituitary,Training,774c8e7d4deabb3ad1c7447443bc924a,train
data/Training/pituitary/Tr-pi_153.jpg,pituitary,Training,e4efa26ccfe0ea42339b637fd0e339f8,train
data/Training/pituitary/Tr-pi_1279.jpg,pituitary,Training,d26bc14a6fd4b3c5846ebdf142f66968,train
data/Training/pituitary/Tr-pi_391.jpg,pituitary,Training,e004a4fe5b219a898cd6fa61d9c8706d,train
data/Training/pituitary/Tr-pi_406.jpg,pituitary,Training,59eeebf67b34cfeb18967ac5c23de12e,train
data/Training/pituitary/Tr-pi_1002.jpg,pituitary,Training,d1bca4f26d65864b0c86d77955e9f7b4,test
data/Training/pituitary/Tr-pi_596.jpg,pituitary,Training,2a0be686156fdb85ed7ed09c1e461d54,train
data/Training/pituitary/Tr-pi_1292.jpg,pituitary,Training,325c2c587d159e54a0f3cf21f80c3772,train
data/Training/pituitary/Tr-pi_950.jpg,pituitary,Training,0010727efcd278c61306172ec0ca5a3f,train
data/Training/pituitary/Tr-pi_615.jpg,pituitary,Training,3d9aad2ddf5eef8bbc1dfa939d221ff3,val
data/Training/pituitary/Tr-pi_291.jpg,pituitary,Training,36cfb3430d88d059f78823c4668f150d,train
data/Training/pituitary/Tr-pi_768.jpg,pituitary,Training,0bfcc92650201519e8e1f3c3ec42c9fe,test
data/Training/pituitary/Tr-pi_298.jpg,pituitary,Training,803ea5ee7c42a5adfb82037b4e4e08c2,test
data/Training/pituitary/Tr-pi_268.jpg,pituitary,Training,ae57965ae35d605c7aed8995e5577630,train
data/Training/pituitary/Tr-pi_676.jpg,pituitary,Training,a56b1412b28b6e5e5ae673836c2d743c,train
data/Training/pituitary/Tr-pi_1381.jpg,pituitary,Training,37457510060f921594eef92f068f2dc9,val
data/Training/pituitary/Tr-pi_227.jpg,pituitary,Training,14967d80278064a72ae1747de6b53364,train
data/Training/pituitary/Tr-pi_519.jpg,pituitary,Training,3a9253a9d62489698604dd5b93656977,val
data/Training/pituitary/Tr-pi_886.jpg,pituitary,Training,b24fed598dd81e7f83dab8de4cebe7d7,train
data/Training/pituitary/Tr-pi_118.jpg,pituitary,Training,945f2bc04f0fee91a1072debb3ba2430,test
data/Training/pituitary/Tr-pi_105.jpg,pituitary,Training,ddea8f41dc07c7ec8722295c25904535,val
data/Training/pituitary/Tr-pi_884.jpg,pituitary,Training,7066bac798b9db495aeeeb32bae5d0f8,train
data/Training/pituitary/Tr-pi_1177.jpg,pituitary,Training,4a747b7ffdf0ade0b5d70e52263e8962,train
data/Training/pituitary/Tr-pi_630.jpg,pituitary,Training,5d35e615af8b4de0ba4095997254527d,train
data/Training/pituitary/Tr-pi_1185.jpg,pituitary,Training,b5a55ba1154201418c72615ac364865d,train
data/Training/pituitary/Tr-pi_357.jpg,pituitary,Training,afd66b044a883a9d979bdcdcbc597071,train
data/Training/pituitary/Tr-pi_917.jpg,pituitary,Training,5a1cece0dadcf0d5438962cf12279151,train
data/Training/pituitary/Tr-pi_747.jpg,pituitary,Training,db991a14f61622b085ef5c539b48893d,train
data/Training/pituitary/Tr-pi_188.jpg,pituitary,Training,5979cd3f1bce547d2b82993bfc77b7c6,train
data/Training/pituitary/Tr-pi_766.jpg,pituitary,Training,747b115a06d9ef39d8b7ec762816bcec,train
data/Training/pituitary/Tr-pi_151.jpg,pituitary,Training,7f8938c3034fde4dad6dbfb75a5dde64,train
data/Training/pituitary/Tr-pi_67.jpg,pituitary,Training,029e4a5b2143cd0a5b680c08d4d2a60a,test
data/Training/pituitary/Tr-pi_1045.jpg,pituitary,Training,c956f6e9720055f8673665414be2eed5,train
data/Training/pituitary/Tr-pi_1286.jpg,pituitary,Training,4443ac30ac570870839686639c04a826,val
data/Training/pituitary/Tr-pi_1084.jpg,pituitary,Training,87ced3e26238e02906dcab79b994ec88,test
data/Training/pituitary/Tr-pi_1041.jpg,pituitary,Training,1e42dcef2fdbe33f2c937508bf11b88d,train
data/Training/pituitary/Tr-pi_1167.jpg,pituitary,Training,45587ea3aba61eed50a07b81acf021ed,train
data/Training/pituitary/Tr-pi_1069.jpg,pituitary,Training,8edd7c1e42fbec99ecf6b434bdf38ca9,train
data/Training/pituitary/Tr-pi_1257.jpg,pituitary,Training,8a46d6e74f880a82df895e9b14758e21,train
data/Training/pituitary/Tr-pi_733.jpg,pituitary,Training,f46d95e3b47b861da13083937c7f4301,train
data/Training/pituitary/Tr-pi_647.jpg,pituitary,Training,393c107f547e23169c1337d539c63b32,test
data/Training/pituitary/Tr-pi_726.jpg,pituitary,Training,2264e899b9545392d726cc309cb5fafd,test
data/Training/pituitary/Tr-pi_1309.jpg,pituitary,Training,b6276f725b9a3661ea24de2d01adf881,train
data/Training/pituitary/Tr-pi_196.jpg,pituitary,Training,b612dcd3013b4c3eaa58f75d9bab10a6,test
data/Training/pituitary/Tr-pi_599.jpg,pituitary,Training,46c5ddafff10cab02da2a456b0cc6f16,train
data/Training/pituitary/Tr-pi_536.jpg,pituitary,Training,286ee4dc6ff9c7881afc0f0988c183a0,train
data/Training/pituitary/Tr-pi_1120.jpg,pituitary,Training,1404fba6327f6ddfb03d80dfe2a2d838,train
data/Training/pituitary/Tr-pi_818.jpg,pituitary,Training,2953c0901ee2ca5cac6783f90625611a,train
data/Training/pituitary/Tr-pi_248.jpg,pituitary,Training,c27674cd26e0b87c48e9c103bb68f3c8,train
data/Training/pituitary/Tr-pi_396.jpg,pituitary,Training,4e5a8e1b13dce709484145eb0ac3ce70,train
data/Training/pituitary/Tr-pi_1324.jpg,pituitary,Training,70a2740360e80ede53783e7c66995956,train
data/Training/pituitary/Tr-pi_1000.jpg,pituitary,Training,6999098147b3d86a9968a2f24aa1f9b5,train
data/Training/pituitary/Tr-pi_500.jpg,pituitary,Training,a5dd8597978378052383ea8f25042e18,train
data/Training/pituitary/Tr-pi_1202.jpg,pituitary,Training,b24b5a97d95fc7b34bbf73682304899f,train
data/Training/pituitary/Tr-pi_513.jpg,pituitary,Training,bf781f522dc1487620afeba19817e978,train
data/Training/pituitary/Tr-pi_257.jpg,pituitary,Training,a1a4da2064d72997e1817bfbe38c13f9,train
data/Training/pituitary/Tr-pi_1104.jpg,pituitary,Training,ae03d6d8b5e790a74e2795bc0efb78e8,train
data/Training/pituitary/Tr-pi_45.jpg,pituitary,Training,d4bc576a7fe43d6b2b7a0455167eddec,train
data/Training/pituitary/Tr-pi_850.jpg,pituitary,Training,2a30ca3c77be0e4841ffd2965816f8a5,train
data/Training/pituitary/Tr-pi_1269.jpg,pituitary,Training,b904b62ca41ebf3ddaa816e6089c418a,train
data/Training/pituitary/Tr-pi_1255.jpg,pituitary,Training,b980897dd4138c128b7687d11ae4dcd9,train
data/Training/pituitary/Tr-pi_211.jpg,pituitary,Training,28d97a80494c388966a0fc9c8ffdb666,train
data/Training/pituitary/Tr-pi_968.jpg,pituitary,Training,19fdc04fc5c6b76f4ce19becf66821d4,train
data/Training/pituitary/Tr-pi_1197.jpg,pituitary,Training,f7761ff0fe6aa7b47a1d8632cd6c5f26,train
data/Training/pituitary/Tr-pi_1253.jpg,pituitary,Training,79c133f966313498cd57b4c9fef24400,train
data/Training/pituitary/Tr-pi_1030.jpg,pituitary,Training,6fcb104c3fc708070386eddc78cf50fa,train
data/Training/pituitary/Tr-pi_308.jpg,pituitary,Training,9a12c0679ca50511da9612b19a6db6bc,train
data/Training/pituitary/Tr-pi_913.jpg,pituitary,Training,6ea1621c669c09b594422b4566671d37,train
data/Training/pituitary/Tr-pi_78.jpg,pituitary,Training,a066670ee401692cad80f534bc982768,train
data/Training/pituitary/Tr-pi_400.jpg,pituitary,Training,9ec20e5ee0f071b0702b656bb03d36f4,test
data/Training/pituitary/Tr-pi_765.jpg,pituitary,Training,5d98b421f1cc23a423ac49614501cdd7,val
data/Training/pituitary/Tr-pi_462.jpg,pituitary,Training,c23e57c690500fecc9485ff1acdd4cff,val
data/Training/pituitary/Tr-pi_87.jpg,pituitary,Training,527e7d0222ba61716779d8f4b9b1592f,train
data/Training/pituitary/Tr-pi_455.jpg,pituitary,Training,b5f43421c0d11360432e4179b5f7d72d,val
data/Training/pituitary/Tr-pi_353.jpg,pituitary,Training,19bfac67d38578d25a5130872c01e642,train
data/Training/pituitary/Tr-pi_549.jpg,pituitary,Training,3f8c114461eed8ebefde2800bdd8c387,train
data/Training/pituitary/Tr-pi_1058.jpg,pituitary,Training,f5e594cc2693e2688e2c38b841c108d2,val
data/Training/pituitary/Tr-pi_1010.jpg,pituitary,Training,9df78b6c780898a0ce89e72d6d9366a3,train
data/Training/pituitary/Tr-pi_189.jpg,pituitary,Training,328e91b1b605bb7473496107d895c5ee,train
data/Training/pituitary/Tr-pi_749.jpg,pituitary,Training,604e7132fd5f74aa827cadb7986b0055,train
data/Training/pituitary/Tr-pi_59.jpg,pituitary,Training,55e0c97b894a17db541bd7e21044e8ed,train
data/Training/pituitary/Tr-pi_807.jpg,pituitary,Training,45e7163805ea7c15f2ae7636ad954570,train
data/Training/pituitary/Tr-pi_402.jpg,pituitary,Training,247181bf6bd786e639d98be324a34b84,val
data/Training/pituitary/Tr-pi_170.jpg,pituitary,Training,75081f84a810a1b211dc0042cf625184,train
data/Training/pituitary/Tr-pi_1365.jpg,pituitary,Training,5068077c05604774c1e16d993e556932,train
data/Training/pituitary/Tr-pi_10.jpg,pituitary,Training,a03f98eb817ef46f69ea31aab19ec630,train
data/Training/pituitary/Tr-pi_799.jpg,pituitary,Training,fb8459524a0b3de96b24c1ab51dc82fe,train
data/Training/pituitary/Tr-pi_1087.jpg,pituitary,Training,6581dfad9934bb01dd1729322d179e5f,train
data/Training/pituitary/Tr-pi_858.jpg,pituitary,Training,5633c25f9f7ce50314424ab38dad11c1,train
data/Training/pituitary/Tr-pi_1308.jpg,pituitary,Training,aab42d47c92e68a710b97fc8fff44f32,train
data/Training/pituitary/Tr-pi_936.jpg,pituitary,Training,efd4f6a5889ec223c48ae44cd62002e2,val
data/Training/pituitary/Tr-pi_1134.jpg,pituitary,Training,e6d2f6325690eac3122c2235be73aab5,train
data/Training/pituitary/Tr-pi_282.jpg,pituitary,Training,b2340bfd753e004f3243a538637526d0,test
data/Training/pituitary/Tr-pi_810.jpg,pituitary,Training,7ada963d0bed1422db9a051c63682bfe,test
data/Training/pituitary/Tr-pi_1398.jpg,pituitary,Training,5e1876dc6b8ee13fa3498cb73788ca5b,train
data/Training/pituitary/Tr-pi_698.jpg,pituitary,Training,b7f875bedfac719015cc81bc888151b3,val
data/Training/pituitary/Tr-pi_1044.jpg,pituitary,Training,a7d7aa01cd858fe8290ed872c4e9ba9e,train
data/Training/pituitary/Tr-pi_89.jpg,pituitary,Training,66a3675e850a18a5aa55931262282178,val
data/Training/pituitary/Tr-pi_251.jpg,pituitary,Training,5fccdf887177165040baa64c0bf22574,train
data/Training/pituitary/Tr-pi_1169.jpg,pituitary,Training,8433ff764b2ae0023306a1d73657c950,test
data/Training/pituitary/Tr-pi_1068.jpg,pituitary,Training,caf3d85410cc3d92daa324596367f564,train
data/Training/pituitary/Tr-pi_583.jpg,pituitary,Training,1009c2068f3845a0706b07eddd8eb496,val
data/Training/pituitary/Tr-pi_373.jpg,pituitary,Training,fc8851b927d78ecf30be4761022c7024,train
data/Training/pituitary/Tr-pi_556.jpg,pituitary,Training,9e804950756d94f8e80f35daa63aa2c1,train
data/Training/pituitary/Tr-pi_866.jpg,pituitary,Training,9f2a2b3225b4ec3a005fc46774764197,train
data/Training/pituitary/Tr-pi_192.jpg,pituitary,Training,9b037a42aa7158b2ae12a0e060dbd6a3,train
data/Training/pituitary/Tr-pi_938.jpg,pituitary,Training,dd14f64c433480b5121d84d0b27bc5e4,train
data/Training/pituitary/Tr-pi_910.jpg,pituitary,Training,3bf512af4d02f6ac45a425118e7025c2,val
data/Training/pituitary/Tr-pi_337.jpg,pituitary,Training,b5ff5cd00b48f1120c6260d958e0ee3e,train
data/Training/pituitary/Tr-pi_1168.jpg,pituitary,Training,94a8a892ec5a8d9f9cc3a5d49088ffde,train
data/Training/pituitary/Tr-pi_1261.jpg,pituitary,Training,eea6572c0d43fbfc6cbe7de7a803a082,train
data/Training/pituitary/Tr-pi_993.jpg,pituitary,Training,a83fda99427ba217a7df079b2a19fe26,train
data/Training/pituitary/Tr-pi_897.jpg,pituitary,Training,9889dd3254bc24b3a83bf16746ebe11c,train
data/Training/pituitary/Tr-pi_939.jpg,pituitary,Training,b48b3e6ec1ec27e3d34a84dc610d8e05,train
data/Training/pituitary/Tr-pi_643.jpg,pituitary,Training,4a1814f9f7be0d5f71ef1e7f1bcdab8a,train
data/Training/pituitary/Tr-pi_948.jpg,pituitary,Training,7710aeb753ab449239fbad4e3132652e,val
data/Training/pituitary/Tr-pi_1231.jpg,pituitary,Training,8eff79f4cbfa690ca5e0bf96c8b6928a,test
data/Training/pituitary/Tr-pi_466.jpg,pituitary,Training,fba527f88cc514d7874760130a97d1fd,train
data/Training/pituitary/Tr-pi_874.jpg,pituitary,Training,12d57e316cca16921fbad774dfd304e3,train
data/Training/pituitary/Tr-pi_1318.jpg,pituitary,Training,b9db6f5584e584c60967cc986a8a09c6,train
data/Training/pituitary/Tr-pi_431.jpg,pituitary,Training,4a0898d6a0e8bff6724122635ef55212,train
data/Training/pituitary/Tr-pi_127.jpg,pituitary,Training,f28fb68eca5667bc8d6e641b8d1b2f58,test
data/Training/pituitary/Tr-pi_918.jpg,pituitary,Training,b46d4a2aa009700927797fcb02d1adc3,train
data/Training/pituitary/Tr-pi_21.jpg,pituitary,Training,8b65e0c1349eb59e83ca06795050a8f2,val
data/Training/pituitary/Tr-pi_1176.jpg,pituitary,Training,dae956b8593298f240e2626abe856de9,train
data/Training/pituitary/Tr-pi_875.jpg,pituitary,Training,ff90bc5bbdf94733049ce3228346ba61,val
data/Training/pituitary/Tr-pi_136.jpg,pituitary,Training,61c65c6c6ae02bb607fa393508f75b34,train
data/Training/pituitary/Tr-pi_1283.jpg,pituitary,Training,c21375f8028fea272091f54e5b0535fb,train
data/Training/pituitary/Tr-pi_280.jpg,pituitary,Training,520395a83e48130d72d3f2697816be07,train
data/Training/pituitary/Tr-pi_38.jpg,pituitary,Training,0a1f08a2410cadf51da9b056e27c10c4,train
data/Training/pituitary/Tr-pi_299.jpg,pituitary,Training,8303a4afc137e15eade9ede5705a9598,test
data/Training/pituitary/Tr-pi_743.jpg,pituitary,Training,3d86ddf09ce390af3511bef74f692042,train
data/Training/pituitary/Tr-pi_642.jpg,pituitary,Training,3b1546e059ea02fdf41275a561200d2e,train
data/Training/pituitary/Tr-pi_751.jpg,pituitary,Training,5f12e685f2d315a409fd1a4579fddc57,train
data/Training/pituitary/Tr-pi_900.jpg,pituitary,Training,91b79da6cee3f8e8780b131961a62793,val
data/Training/pituitary/Tr-pi_736.jpg,pituitary,Training,e260558f049702cb5c62bcd22c1a4098,train
data/Training/pituitary/Tr-pi_949.jpg,pituitary,Training,5f9810385bfac02f768f58bebc38c8ac,train
data/Training/pituitary/Tr-pi_1274.jpg,pituitary,Training,c379e7e94f72a90c50650e7c0f711572,train
data/Training/pituitary/Tr-pi_838.jpg,pituitary,Training,9046cdaa862e3b037a5ef2a407d7a2e2,test
data/Training/pituitary/Tr-pi_218.jpg,pituitary,Training,a05ee920e6e590233c619559104b154c,train
data/Training/pituitary/Tr-pi_364.jpg,pituitary,Training,f4203b464671311c06c8a20af4803136,train
data/Training/pituitary/Tr-pi_526.jpg,pituitary,Training,d18c085cf707ab560de3cdaba68b52f0,train
data/Training/pituitary/Tr-pi_732.jpg,pituitary,Training,65ba821e87aad17fccae4adba98d66ee,train
data/Training/pituitary/Tr-pi_943.jpg,pituitary,Training,45e8c308a42e1995239b2934f71bace3,val
data/Training/pituitary/Tr-pi_1353.jpg,pituitary,Training,beeed09efa63b5ba0dba313a8a770da7,train
data/Training/pituitary/Tr-pi_370.jpg,pituitary,Training,2e202114a503f0a74deb3d5422660f8e,test
data/Training/pituitary/Tr-pi_589.jpg,pituitary,Training,3beeeb105d217b545c9b1e62b8497adf,test
data/Training/pituitary/Tr-pi_1396.jpg,pituitary,Training,32d4b28a2c8ea856660f4a9874989ab4,train
data/Training/pituitary/Tr-pi_490.jpg,pituitary,Training,ce53709b1972fbdd41aa848c39232a68,test
data/Training/pituitary/Tr-pi_609.jpg,pituitary,Training,80e8c657872c400a572791ebd38f7171,val
data/Training/pituitary/Tr-pi_793.jpg,pituitary,Training,8f4a2041d5a42da68307af0c5d74f945,test
data/Training/pituitary/Tr-pi_703.jpg,pituitary,Training,460cd7cc6eae31089f93944616f7a313,train
data/Training/pituitary/Tr-pi_632.jpg,pituitary,Training,ad7de9685edbd496e0d8ed8b319c9ec5,train
data/Training/pituitary/Tr-pi_461.jpg,pituitary,Training,72767d52cc2aad37a5cfb24ff23bb06a,train
data/Training/pituitary/Tr-pi_1186.jpg,pituitary,Training,d1df20af161a5455d721df2f14f65855,train
data/Training/pituitary/Tr-pi_129.jpg,pituitary,Training,af9908a4742f7357f20d80fc9119a8f3,train
data/Training/pituitary/Tr-pi_1355.jpg,pituitary,Training,a81d27e74c9ded89c75a3dc57eca2662,train
data/Training/pituitary/Tr-pi_383.jpg,pituitary,Training,86cdcd31643cb1743fd01e148dae25d4,test
data/Training/pituitary/Tr-pi_1299.jpg,pituitary,Training,173bec38b24f31db562066ca26388326,val
data/Training/pituitary/Tr-pi_929.jpg,pituitary,Training,142cc8f72a979ca75eb6cf79e611c8eb,test
data/Training/pituitary/Tr-pi_258.jpg,pituitary,Training,f2a4ca0ced580693a1465ea855ecbb63,train
data/Training/pituitary/Tr-pi_887.jpg,pituitary,Training,66b7439180ffc482be698b55afb15882,val
data/Training/pituitary/Tr-pi_973.jpg,pituitary,Training,ba3b7355ec918f457a796bc9fc3e972e,train
data/Training/pituitary/Tr-pi_1304.jpg,pituitary,Training,d6325d5604d3ad4e52a2dddef7966573,train
data/Training/pituitary/Tr-pi_478.jpg,pituitary,Training,743de6ffecf26357515c7e59522f6790,train
data/Training/pituitary/Tr-pi_1249.jpg,pituitary,Training,7f811fc48e26cd9dc03bce747297688d,train
data/Training/pituitary/Tr-pi_546.jpg,pituitary,Training,f57cff260c5ab9539d31ab92a1e985ff,train
data/Training/pituitary/Tr-pi_1160.jpg,pituitary,Training,cb20b50f6efb21126ae1529dd332b8d0,train
data/Training/pituitary/Tr-pi_109.jpg,pituitary,Training,27f6a058895e505130d359cd3c191d03,test
data/Training/pituitary/Tr-pi_728.jpg,pituitary,Training,a696c1a9090604d7ebf6c0e13f3d2a15,train
data/Training/pituitary/Tr-pi_525.jpg,pituitary,Training,38a9115610ab4e5377edcbfeb3974e43,train
data/Training/pituitary/Tr-pi_440.jpg,pituitary,Training,e6db19cf80b990c7ecd544943d144090,train
data/Training/pituitary/Tr-pi_997.jpg,pituitary,Training,f4d5a7e763b2668268cebb8edc64c176,train
data/Training/pituitary/Tr-pi_717.jpg,pituitary,Training,bc3990c0e899038913fae805093a8e71,test
data/Training/pituitary/Tr-pi_1183.jpg,pituitary,Training,4ca6afd1c3776498df440edf3dff33f7,train
data/Training/pituitary/Tr-pi_691.jpg,pituitary,Training,3a87f4b30e758316ebcc16360e267d14,train
data/Training/pituitary/Tr-pi_152.jpg,pituitary,Training,c1cfb0e72cb91aea3fdd8baaf1022144,train
data/Training/pituitary/Tr-pi_320.jpg,pituitary,Training,406052e058bc64ffed1f9c9e2b65687c,train
data/Training/pituitary/Tr-pi_79.jpg,pituitary,Training,25d5ad64d1dcafefccc3e3003e499774,train
data/Training/pituitary/Tr-pi_1098.jpg,pituitary,Training,0140560cc9a91abc3e62e9e1bec6c5ea,train
data/Training/pituitary/Tr-pi_182.jpg,pituitary,Training,9a15c1f3ec35e209f17c34a5b5af6340,train
data/Training/pituitary/Tr-pi_586.jpg,pituitary,Training,d47bb57c630caad3f3bfde2f1dddb068,train
data/Training/pituitary/Tr-pi_1345.jpg,pituitary,Training,e15f8386011fa2d0a71f801f1968e7e2,test
data/Training/pituitary/Tr-pi_1350.jpg,pituitary,Training,60b479046e6ea2c44753293a235e9814,train
data/Training/pituitary/Tr-pi_312.jpg,pituitary,Training,fc47a0a1a724933a6e5d40ea77cb374c,train
data/Training/pituitary/Tr-pi_702.jpg,pituitary,Training,eb0135075aecdd15eafe21e45e292081,train
data/Training/pituitary/Tr-pi_1107.jpg,pituitary,Training,e051593604f68ccbcdd7f4b23a9fcebf,train
data/Training/pituitary/Tr-pi_532.jpg,pituitary,Training,69d9ffd57d7fdbc68bc178f266ffdefc,train
data/Training/pituitary/Tr-pi_498.jpg,pituitary,Training,85b8b6b9be8e8bcab24e171e92a206aa,train
data/Training/pituitary/Tr-pi_1243.jpg,pituitary,Training,4543cd31b17521fcfa82c30d65fa2126,train
data/Training/pituitary/Tr-pi_662.jpg,pituitary,Training,80e0a6aa6a7ad38168e9b8882633b0bb,train
data/Training/pituitary/Tr-pi_1364.jpg,pituitary,Training,92095e2952e67f861e36a26260652e30,val
data/Training/pituitary/Tr-pi_81.jpg,pituitary,Training,ec22c4c408a68a8c3b62f8daddde1e49,train
data/Training/pituitary/Tr-pi_434.jpg,pituitary,Training,400b026a273252f4d3c46ce5db961ce5,train
data/Training/pituitary/Tr-pi_1033.jpg,pituitary,Training,1127d6283dd34e73e41efde3f5d5bafb,val
data/Training/pituitary/Tr-pi_445.jpg,pituitary,Training,2e1c834554bf466c0cb1b752532de538,train
data/Training/pituitary/Tr-pi_616.jpg,pituitary,Training,928025181fde6443f78bbf5e9afd7141,train
data/Training/pituitary/Tr-pi_830.jpg,pituitary,Training,ec7a14363a4256957acc86c87bd6132d,train
data/Training/pituitary/Tr-pi_473.jpg,pituitary,Training,74b7c8ec1bb6d4ae01fde0779ff4e32c,train
data/Training/pituitary/Tr-pi_386.jpg,pituitary,Training,4f53785238dfbf4c10a189d7227b2161,train
data/Training/pituitary/Tr-pi_582.jpg,pituitary,Training,5dcd06ae5a977c4c5bb4562b90cba56d,train
data/Training/pituitary/Tr-pi_1291.jpg,pituitary,Training,3a56a764e142878e8b335117faafe621,test
data/Training/pituitary/Tr-pi_1032.jpg,pituitary,Training,da376fbede56d64c60ce54240798f8b4,train
data/Training/pituitary/Tr-pi_1042.jpg,pituitary,Training,96db9d1c9fd4d343fac3223958c794a6,train
data/Training/pituitary/Tr-pi_465.jpg,pituitary,Training,f0c217c15c22f0e32b6741ff8cbf29b7,val
data/Training/pituitary/Tr-pi_965.jpg,pituitary,Training,ed61dff9a53f85a35b2b57acb2bb2468,val
data/Training/pituitary/Tr-pi_399.jpg,pituitary,Training,f5aa9697ff25fc4af5ace846abffa50e,val
data/Training/pituitary/Tr-pi_752.jpg,pituitary,Training,7a6f79982e26d54d9f993e06f8d58c12,train
data/Training/pituitary/Tr-pi_1293.jpg,pituitary,Training,95c0323de09174ae928e6a6e87a3182f,train
data/Training/pituitary/Tr-pi_72.jpg,pituitary,Training,8031fab19ad201e9f689ab982c473113,val
data/Training/pituitary/Tr-pi_1337.jpg,pituitary,Training,43de62a9201b7c1dc3d70651193f6348,train
data/Training/pituitary/Tr-pi_921.jpg,pituitary,Training,8c995b7c105da33062f4725437f6cf29,train
data/Training/pituitary/Tr-pi_723.jpg,pituitary,Training,dee5a62f9cad4e425f63acfd0d8a435a,test
data/Training/pituitary/Tr-pi_1244.jpg,pituitary,Training,c44c9682b65cdbe65a17f9e23ed301ed,train
data/Training/pituitary/Tr-pi_1062.jpg,pituitary,Training,e7967551746f7c3329bccf3f4512be87,train
data/Training/pituitary/Tr-pi_631.jpg,pituitary,Training,66474af57edbc13d1558df643f0e1f51,train
data/Training/pituitary/Tr-pi_365.jpg,pituitary,Training,c5354092578bbfd43c3a5f104bb3de3a,train
data/Training/pituitary/Tr-pi_1146.jpg,pituitary,Training,1c546d804eec4c5efe4b7da2cef8897e,train
data/Training/pituitary/Tr-pi_149.jpg,pituitary,Training,afa1e59b805fbbcb421368ad158e42df,train
data/Training/pituitary/Tr-pi_84.jpg,pituitary,Training,3acf5860ff852eed0d60c56904126e9e,val
data/Training/pituitary/Tr-pi_1093.jpg,pituitary,Training,4cd9853ade7413ad6ba61871b07746e4,val
data/Training/pituitary/Tr-pi_559.jpg,pituitary,Training,bd5053e65e788dc23bdf278cc7fc7e2f,val
data/Training/pituitary/Tr-pi_63.jpg,pituitary,Training,5be6dbd62bb1e419908dee1a1a24e5cb,train
data/Training/pituitary/Tr-pi_159.jpg,pituitary,Training,643cea3376f20f7bce463065ab243179,val
data/Training/pituitary/Tr-pi_464.jpg,pituitary,Training,9ac2bb858e51e57e9652feba3728004e,train
data/Training/pituitary/Tr-pi_1055.jpg,pituitary,Training,d84cc8568e68c28f9d3058dde9e77335,train
data/Training/pituitary/Tr-pi_1387.jpg,pituitary,Training,db1df2f24f856091b0c114bb7a495ed0,test
data/Training/pituitary/Tr-pi_1289.jpg,pituitary,Training,9dc60fda9bf2e7181526ac14d94a716f,train
data/Training/pituitary/Tr-pi_120.jpg,pituitary,Training,680022005ea0acdf17c86efc8f81b931,train
data/Training/pituitary/Tr-pi_1052.jpg,pituitary,Training,10e3c5e7bb6b4233da037056a21d199d,val
data/Training/pituitary/Tr-pi_333.jpg,pituitary,Training,3c30ac22e133b20a4754214483ed4ab3,train
data/Training/pituitary/Tr-pi_1.jpg,pituitary,Training,7a9d69e707f7c1f82bbfb4d7c6468423,val
data/Training/pituitary/Tr-pi_1298.jpg,pituitary,Training,b9d97f691af934c8631f6e44ead8f1fd,test
data/Training/pituitary/Tr-pi_172.jpg,pituitary,Training,acc3c2f5eaf8e7cbe6a6c0449d943980,test
data/Training/pituitary/Tr-pi_1266.jpg,pituitary,Training,ab239a4f4a4f39448c0d57aa75aa133b,train
data/Training/pituitary/Tr-pi_1105.jpg,pituitary,Training,e40e05421046f55200f7b45f0fb7926d,train
data/Training/pituitary/Tr-pi_47.jpg,pituitary,Training,7b3dc4ab4c74a32fca577cbd2ed40878,train
data/Training/pituitary/Tr-pi_1378.jpg,pituitary,Training,0292ddf15cbbf5bea4a02ed525a4cc6b,train
data/Training/pituitary/Tr-pi_1018.jpg,pituitary,Training,fcc6aecc4f7d6bd323c9b105b46cb9e1,train
data/Training/pituitary/Tr-pi_690.jpg,pituitary,Training,828eff8d4f4df986189ba5dda4c1ca11,test
data/Training/pituitary/Tr-pi_697.jpg,pituitary,Training,6758576c62e2ab3d7e86053336e57e2c,train
data/Training/pituitary/Tr-pi_347.jpg,pituitary,Training,af9ff04b1eeb05a9da8bdbcca1e49adf,val
data/Training/pituitary/Tr-pi_92.jpg,pituitary,Training,35c0b11fb5bb830b8de3485f74426942,train
data/Training/pituitary/Tr-pi_1004.jpg,pituitary,Training,da2d278c9f9e27628774026c36f21c0e,train
data/Training/pituitary/Tr-pi_1166.jpg,pituitary,Training,4b7c4fba560381e256b37cfb540ead73,train
data/Training/pituitary/Tr-pi_648.jpg,pituitary,Training,17d02322f8f7a90fed6a8b9d133f5851,train
data/Training/pituitary/Tr-pi_339.jpg,pituitary,Training,071da502697424be5312f4070a2d5fc7,val
data/Training/pituitary/Tr-pi_739.jpg,pituitary,Training,cf19e130f9dc82aace9a46f68dc11e92,train
data/Training/pituitary/Tr-pi_1037.jpg,pituitary,Training,901396677526fa3b86101cb95114f886,test
data/Training/pituitary/Tr-pi_623.jpg,pituitary,Training,b7ea4f2a772734a4a1e67812e549a7ad,train
data/Training/pituitary/Tr-pi_1060.jpg,pituitary,Training,adbc4627a6dcbe6881187a5f09d02179,train
data/Training/pituitary/Tr-pi_916.jpg,pituitary,Training,0de4d4694fa08aeacf1fec68c5229370,train
data/Training/pituitary/Tr-pi_558.jpg,pituitary,Training,02509e96377f390a2cb142e60cb67b6a,train
data/Training/pituitary/Tr-pi_908.jpg,pituitary,Training,219e5b058d095eb97e806d1d7a6c57f5,test
data/Training/pituitary/Tr-pi_147.jpg,pituitary,Training,2b6426976119b8b65fb5c2e74341be3a,train
data/Training/pituitary/Tr-pi_477.jpg,pituitary,Training,8b7b666492e551fbaacae5b23dc09ff2,test
data/Training/pituitary/Tr-pi_1221.jpg,pituitary,Training,30fe81c2268b8bbf2bd1bd72e156443b,train
data/Training/pituitary/Tr-pi_655.jpg,pituitary,Training,5537d3fe0dfc07184b271cc8138d98a8,train
data/Training/pituitary/Tr-pi_839.jpg,pituitary,Training,8dbfeb34bffa9d00df5e95e683325303,train
data/Training/pituitary/Tr-pi_405.jpg,pituitary,Training,37d9b2e8f32519fba8e67ef120bb343e,train
data/Training/pituitary/Tr-pi_1331.jpg,pituitary,Training,260b6e5853eb4b986ee2edf771dfc6c9,val
data/Training/pituitary/Tr-pi_256.jpg,pituitary,Training,8bc7190bf645697870696a234309124c,train
data/Training/pituitary/Tr-pi_167.jpg,pituitary,Training,1e93be41f7799cf65e4ab14798c669e8,train
data/Training/pituitary/Tr-pi_621.jpg,pituitary,Training,c9a1a731fc01cd0657aa2a5efa2ff0d3,train
data/Training/pituitary/Tr-pi_569.jpg,pituitary,Training,b1d1eabf2094c27e65e3cd551c4fbb6d,train
data/Training/pituitary/Tr-pi_301.jpg,pituitary,Training,f6414f0e2245d3c12a4270313e17b286,test
data/Training/pituitary/Tr-pi_581.jpg,pituitary,Training,d09c1bab08bc4c26c15b48160c065db9,train
data/Training/pituitary/Tr-pi_553.jpg,pituitary,Training,81ef3e6de26a504bdb2ec9826811a195,train
data/Training/pituitary/Tr-pi_1110.jpg,pituitary,Training,f0fc5434e96688af72afdfbc467bb74b,train
data/Training/pituitary/Tr-pi_20.jpg,pituitary,Training,ff328160e2a863d087d8379ab1af10f8,test
data/Training/pituitary/Tr-pi_1005.jpg,pituitary,Training,e48191f0e2b40b0c3e86fa2921b26818,train
data/Training/pituitary/Tr-pi_447.jpg,pituitary,Training,1ffff01d0c49e8e462618fe2e625cbe2,val
data/Training/pituitary/Tr-pi_959.jpg,pituitary,Training,017f495fe3897e860f28ad99eef51aa6,train
data/Training/pituitary/Tr-pi_641.jpg,pituitary,Training,f81e1ad5077ea0af1a1f0f53c93589eb,train
data/Training/pituitary/Tr-pi_588.jpg,pituitary,Training,445c5eee4171a9b75e85d42d3a2b6b1b,test
data/Training/pituitary/Tr-pi_1149.jpg,pituitary,Training,7e1b7fd5f766fe2dff2b0927fc077b6c,val
data/Training/pituitary/Tr-pi_580.jpg,pituitary,Training,986c965417bbf03a7d9f747eb3c8b02f,train
data/Training/pituitary/Tr-pi_1066.jpg,pituitary,Training,5ad94b5699e4bf777aeff977b0492098,val
data/Training/pituitary/Tr-pi_738.jpg,pituitary,Training,a55244c55e6b9b2b2cbcdcb7243892f1,train
data/Training/pituitary/Tr-pi_784.jpg,pituitary,Training,1b061a02a9a44365f4585cc6da51ee4b,train
data/Training/pituitary/Tr-pi_66.jpg,pituitary,Training,078e22638306c295de6b1d452d17cdf7,train
data/Training/pituitary/Tr-pi_976.jpg,pituitary,Training,7221447aa8910b625281d5dfc9b2bb96,train
data/Training/pituitary/Tr-pi_755.jpg,pituitary,Training,1c6dc8ee56d049fb9abdd815884353e5,train
data/Training/pituitary/Tr-pi_328.jpg,pituitary,Training,790cb427a58b2f112e686cfb9ba2a33e,test
data/Training/pituitary/Tr-pi_101.jpg,pituitary,Training,1708dbd25a65bbea322c0c8af8df3d5d,train
data/Training/pituitary/Tr-pi_680.jpg,pituitary,Training,e42b9e3c2b18a6b44d524593555152a2,train
data/Training/pituitary/Tr-pi_190.jpg,pituitary,Training,8c03f4a6096e16d6ece59b10ae822f69,val
data/Training/pituitary/Tr-pi_1265.jpg,pituitary,Training,5c1604ee24bc160b3c4c814e89054beb,train
data/Training/pituitary/Tr-pi_651.jpg,pituitary,Training,40564884ec9d864aced4f5935d3d8950,train
data/Training/pituitary/Tr-pi_1373.jpg,pituitary,Training,a729dfce4b28da333b30b7969001c474,train
data/Training/pituitary/Tr-pi_1047.jpg,pituitary,Training,12cb0aea4d0f4c93ffc3b2399eac1f7a,test
data/Training/pituitary/Tr-pi_441.jpg,pituitary,Training,3ffee433f297021ef2f8e89596a14a74,val
data/Training/pituitary/Tr-pi_19.jpg,pituitary,Training,0feb0dd26a0851cbd39a69fce8042271,test
data/Training/pituitary/Tr-pi_542.jpg,pituitary,Training,37467cc9d034a9213e185a0790a0a6b3,test
data/Training/pituitary/Tr-pi_712.jpg,pituitary,Training,5856b81714ee0d67537aa6c8981209db,val
data/Training/pituitary/Tr-pi_86.jpg,pituitary,Training,68ecbb981ea1bcae47f31424977dbbe9,train
data/Training/pituitary/Tr-pi_496.jpg,pituitary,Training,e6eb796964cefc3f26935b180f0bb06f,train
data/Training/pituitary/Tr-pi_971.jpg,pituitary,Training,b19b25501be24288dc5c82c0c80291b6,test
data/Training/pituitary/Tr-pi_937.jpg,pituitary,Training,77f4e5fd7b7cc761feaddec43bb792a1,train
data/Training/pituitary/Tr-pi_1014.jpg,pituitary,Training,3f4a12c1ccc24dc7d69f0dda3670a811,test
data/Training/pituitary/Tr-pi_460.jpg,pituitary,Training,28944eef43b770e024233f887eb22cdd,val
data/Training/pituitary/Tr-pi_958.jpg,pituitary,Training,3a883e16cfb247a869eb1f7aa0cec9f5,test
data/Training/pituitary/Tr-pi_573.jpg,pituitary,Training,193d92a43c293e9ec74c379060e47526,test
data/Training/pituitary/Tr-pi_906.jpg,pituitary,Training,5de00e5a3c614a1c16df639777f91491,val
data/Training/pituitary/Tr-pi_920.jpg,pituitary,Training,5f5816b6cf9f05df20460757b828bce1,train
data/Training/pituitary/Tr-pi_201.jpg,pituitary,Training,2e70eb8c2a3cd668c9ee302d71898b81,test
data/Training/pituitary/Tr-pi_363.jpg,pituitary,Training,fbec43531fd3f82e9570117cf7439383,train
data/Training/pituitary/Tr-pi_795.jpg,pituitary,Training,53a058116b01337cde9a8ece210da939,train
data/Training/pituitary/Tr-pi_1203.jpg,pituitary,Training,055cfb1fd574bf0a829d1bcb492af651,val
data/Testing/glioma/Te-gl_293.jpg,glioma,Testing,7e8765d46a889ee02bd4f73c3fd9116b,train
data/Testing/glioma/Te-gl_9.jpg,glioma,Testing,147c8fb312bbab5fe66bfe3698096d1b,train
data/Testing/glioma/Te-gl_139.jpg,glioma,Testing,a51b9f72e750cf21a58f4d2ae119a64a,test
data/Testing/glioma/Te-gl_207.jpg,glioma,Testing,4a9e36c8044675b53617dc5f93558ad3,val
data/Testing/glioma/Te-gl_105.jpg,glioma,Testing,f5e0d454d46e5035f023ec65c4aa9666,train
data/Testing/glioma/Te-gl_369.jpg,glioma,Testing,3e82e016de39ae3262113802e1e49106,test
data/Testing/glioma/Te-gl_339.jpg,glioma,Testing,bfc097bb015d5c9439aa89e02ca8d7d7,train
data/Testing/glioma/Te-gl_147.jpg,glioma,Testing,e56babe3bbe5308982a347f868a76bed,train
data/Testing/glioma/Te-gl_391.jpg,glioma,Testing,8e0108bb8750ce4c3ccff54b2edad6e0,train
data/Testing/glioma/Te-gl_340.jpg,glioma,Testing,ee6726ffd93f36703518892fe46a6614,train
data/Testing/glioma/Te-gl_160.jpg,glioma,Testing,fcadea0d07e28e5873fd176f3dda2e43,train
data/Testing/glioma/Te-gl_114.jpg,glioma,Testing,efc2dd3819f0b690e0193fa2af9935a0,train
data/Testing/glioma/Te-gl_191.jpg,glioma,Testing,08788816500b98d151e91417923a3a28,test
data/Testing/glioma/Te-gl_212.jpg,glioma,Testing,845ff201c07a82cd2356769078f83eae,train
data/Testing/glioma/Te-gl_177.jpg,glioma,Testing,61388b0e333fe750b3bd0c7912846625,val
data/Testing/glioma/Te-gl_357.jpg,glioma,Testing,09d063608e0da5a1f3af33767dbca914,test
data/Testing/glioma/Te-gl_69.jpg,glioma,Testing,a757ed8ce361ba28d4ffeeabb74279a4,train
data/Testing/glioma/Te-gl_80.jpg,glioma,Testing,06a9ff4441ba25bfea5e899eda8f5d2d,train
data/Testing/glioma/Te-gl_342.jpg,glioma,Testing,e41d252b317c77b8bf8576f3f9e4a9d9,train
data/Testing/glioma/Te-gl_238.jpg,glioma,Testing,cfe978f4870cfc42980c522bf749de92,train
data/Testing/glioma/Te-gl_52.jpg,glioma,Testing,8c274b0172caeb9e7d251f1a59041366,train
data/Testing/glioma/Te-gl_112.jpg,glioma,Testing,7cebf405d53382d84803f10ec52d9d32,train
data/Testing/glioma/Te-gl_380.jpg,glioma,Testing,b112725c48d44ae980f9ef51c54ff23a,train
data/Testing/glioma/Te-gl_245.jpg,glioma,Testing,128ddf38f6b50829a873dd4cd729d137,train
data/Testing/glioma/Te-gl_173.jpg,glioma,Testing,6072591165d24827ed968b78750cf591,train
data/Testing/glioma/Te-gl_205.jpg,glioma,Testing,9fad57b6409ec25083956374c11aad0d,train
data/Testing/glioma/Te-gl_154.jpg,glioma,Testing,0c3da863b072fe743af1c9a61986693a,val
data/Testing/glioma/Te-gl_233.jpg,glioma,Testing,002c76409d96a81569b533a91408a76b,test
data/Testing/glioma/Te-gl_377.jpg,glioma,Testing,11fca69a362963015a6187ff72edab19,train
data/Testing/glioma/Te-gl_169.jpg,glioma,Testing,96b61a064f56a76887c59658a8dfe9e3,train
data/Testing/glioma/Te-gl_306.jpg,glioma,Testing,3137dd0b552bd9ff0c693d70349b0611,train
data/Testing/glioma/Te-gl_88.jpg,glioma,Testing,00ff170dab2988e442309f7812c13276,val
data/Testing/glioma/Te-gl_35.jpg,glioma,Testing,e00f18f5062795a057883ec5321549cc,train
data/Testing/glioma/Te-gl_137.jpg,glioma,Testing,275c7e4df6e01caa3e751ca9edd14a18,train
data/Testing/glioma/Te-gl_28.jpg,glioma,Testing,8875a806996d0b7814531be7b1cca74e,test
data/Testing/glioma/Te-gl_344.jpg,glioma,Testing,a32fce02baf11c2d44b074716ea20bd0,train
data/Testing/glioma/Te-gl_336.jpg,glioma,Testing,b31199f1026c3407284ecf1faaa85410,train
data/Testing/glioma/Te-gl_159.jpg,glioma,Testing,357105d093b2cf3e10cd0c1fcbab5d7a,train
data/Testing/glioma/Te-gl_39.jpg,glioma,Testing,5aecc783156035febde49c4efcff8257,train
data/Testing/glioma/Te-gl_307.jpg,glioma,Testing,295c3dfff56a35e853e66bb0677d1d80,train
data/Testing/glioma/Te-gl_281.jpg,glioma,Testing,0dd70e8f4c02eb0788384cd4b5dd8c13,train
data/Testing/glioma/Te-gl_356.jpg,glioma,Testing,5d0b0de0df0ae7b8a2115d066bdeae7d,test
data/Testing/glioma/Te-gl_77.jpg,glioma,Testing,0c38783485cc794a274ba7bd77c96a12,test
data/Testing/glioma/Te-gl_209.jpg,glioma,Testing,76157e09efb57b458906d04303d77b63,train
data/Testing/glioma/Te-gl_42.jpg,glioma,Testing,b86bf4bd56b1844dcea484db63296b0f,val
data/Testing/glioma/Te-gl_116.jpg,glioma,Testing,50fb07fe1a565a5d38bed45cd6486498,train
data/Testing/glioma/Te-gl_315.jpg,glioma,Testing,1de9c37412145a31d8ac74a4be1f645a,train
data/Testing/glioma/Te-gl_346.jpg,glioma,Testing,c263ae5caa740e7390046b4fe5c300b9,test
data/Testing/glioma/Te-gl_10.jpg,glioma,Testing,e7a0e2e8123e0e4ad59760ee9f1c15cd,train
data/Testing/glioma/Te-gl_176.jpg,glioma,Testing,bf454cc5a543d8adb7310bb172983a53,train
data/Testing/glioma/Te-gl_118.jpg,glioma,Testing,2c096e214669ac5f8ad4a0c3af312ab4,train
data/Testing/glioma/Te-gl_117.jpg,glioma,Testing,6db6ecb1e1bccb4ebbddc01fb988ea7f,train
data/Testing/glioma/Te-gl_3.jpg,glioma,Testing,cc9a4c2da8ac6bb2af17be56dccf7816,train
data/Testing/glioma/Te-gl_85.jpg,glioma,Testing,8e500fc5f61d6d4787016299e1ee876f,train
data/Testing/glioma/Te-gl_149.jpg,glioma,Testing,646b74ba6baee36107cd2efe04276a97,test
data/Testing/glioma/Te-gl_44.jpg,glioma,Testing,8dd4fea97ad8cb66443edc35e6b9fa2d,train
data/Testing/glioma/Te-gl_73.jpg,glioma,Testing,a45d1ba46ce79c33ae7b269b5200974b,val
data/Testing/glioma/Te-gl_324.jpg,glioma,Testing,4075a5489d3baae0fc2f6a8760b974e5,train
data/Testing/glioma/Te-gl_390.jpg,glioma,Testing,30527730baec5df3dc0f6f3730d3c154,train
data/Testing/glioma/Te-gl_275.jpg,glioma,Testing,7b866f38996ea1280cda4cf43f79bd77,train
data/Testing/glioma/Te-gl_24.jpg,glioma,Testing,909d60a33a3ca35d2af79ecfa112e17c,train
data/Testing/glioma/Te-gl_386.jpg,glioma,Testing,1107d49b45bcf99f4bf749933bde03df,train
data/Testing/glioma/Te-gl_143.jpg,glioma,Testing,7aec05f6498b98fca1451348adec402c,train
data/Testing/glioma/Te-gl_234.jpg,glioma,Testing,84b06001fd1642751d0d44e2e4ca22e3,train
data/Testing/glioma/Te-gl_106.jpg,glioma,Testing,2905e1a353a1f5878ff4070f34f641bc,train
data/Testing/glioma/Te-gl_82.jpg,glioma,Testing,debd394a0b194c21259bda73bc88c22c,test
data/Testing/glioma/Te-gl_11.jpg,glioma,Testing,80d536251322571bd04e47e1ce914bb9,val
data/Testing/glioma/Te-gl_141.jpg,glioma,Testing,2f3eddc1e9ca97e4a152da054da04743,train
data/Testing/glioma/Te-gl_318.jpg,glioma,Testing,0ff71767b2d66e1ab73440746969b15b,val
data/Testing/glioma/Te-gl_182.jpg,glioma,Testing,f29993aef1592e06ac80783a92b09d3d,train
data/Testing/glioma/Te-gl_253.jpg,glioma,Testing,b86b2ff6e6d9c75576530c994282d281,train
data/Testing/glioma/Te-gl_243.jpg,glioma,Testing,448b4c6a66c171955d5c887e9615df6d,train
data/Testing/glioma/Te-gl_87.jpg,glioma,Testing,969a15a68d0796c3790bdf5fc15bfece,test
data/Testing/glioma/Te-gl_364.jpg,glioma,Testing,f998e6cf91b2d4ae9d464510ba184a4f,val
data/Testing/glioma/Te-gl_299.jpg,glioma,Testing,f998e6cf91b2d4ae9d464510ba184a4f,val
data/Testing/glioma/Te-gl_269.jpg,glioma,Testing,1027dde589ba789793545c9fb955c315,train
data/Testing/glioma/Te-gl_54.jpg,glioma,Testing,47e52a9116b0d56b65411ac631c002c0,val
data/Testing/glioma/Te-gl_145.jpg,glioma,Testing,4e75b82f7dcf3b5b378d6cbbebdd8407,train
data/Testing/glioma/Te-gl_277.jpg,glioma,Testing,e82be7d10eddc4a0618eafe745291c09,test
data/Testing/glioma/Te-gl_321.jpg,glioma,Testing,e489ed65bc01cb12aaf76c00a1836cff,train
data/Testing/glioma/Te-gl_295.jpg,glioma,Testing,df2d6b6946e63d5e64092855da7faa5d,train
data/Testing/glioma/Te-gl_239.jpg,glioma,Testing,72a78040c72cf55bc1857deb7ac4b877,test
data/Testing/glioma/Te-gl_158.jpg,glioma,Testing,24697b586f435ebd8e55b53db0a16eda,train
data/Testing/glioma/Te-gl_148.jpg,glioma,Testing,8baeb45430db31d9aa93523a1815e0bb,val
data/Testing/glioma/Te-gl_223.jpg,glioma,Testing,0a72b6b55ec2892ba9f0baea3f33001d,test
data/Testing/glioma/Te-gl_122.jpg,glioma,Testing,de2ab60a69b302b91b0ebd653e37a9f2,train
data/Testing/glioma/Te-gl_81.jpg,glioma,Testing,cb6099b260207cf0172f666c2636cdab,test
data/Testing/glioma/Te-gl_89.jpg,glioma,Testing,3db3cf3913a8665fb268b1d401cd7e98,train
data/Testing/glioma/Te-gl_57.jpg,glioma,Testing,2a72dabfdf737920ec108aa64330f10c,train
data/Testing/glioma/Te-gl_397.jpg,glioma,Testing,7e0bad9639785b71224a0dfa523727f0,val
data/Testing/glioma/Te-gl_97.jpg,glioma,Testing,4ba58d371951fd2a25f96a366b396975,train
data/Testing/glioma/Te-gl_326.jpg,glioma,Testing,8d5faf7075603950624bfd876a1745e9,val
data/Testing/glioma/Te-gl_96.jpg,glioma,Testing,b1cad579c25c38a79ef6831271a98793,train
data/Testing/glioma/Te-gl_376.jpg,glioma,Testing,4ff4c038b457430caea92395c2cab505,train
data/Testing/glioma/Te-gl_365.jpg,glioma,Testing,e24b41949aef311fcdc477e89b9901d8,train
data/Testing/glioma/Te-gl_58.jpg,glioma,Testing,d1d55ea45aa70dedc546a5d5468d3838,train
data/Testing/glioma/Te-gl_12.jpg,glioma,Testing,3432e0cc708f246b808726d53e7e7c0a,train
data/Testing/glioma/Te-gl_26.jpg,glioma,Testing,a23de5190883c7ad0bfc688fc958395d,val
data/Testing/glioma/Te-gl_150.jpg,glioma,Testing,c0065e697a78a4e1311c312e050added,train
data/Testing/glioma/Te-gl_291.jpg,glioma,Testing,d264afe43a698350b4d198196165daf1,train
data/Testing/glioma/Te-gl_265.jpg,glioma,Testing,8f136878ecd55e7a622bd5bdf96ee29a,train
data/Testing/glioma/Te-gl_124.jpg,glioma,Testing,ea48738a7b6c50be9b73e511290737d2,test
data/Testing/glioma/Te-gl_146.jpg,glioma,Testing,a66049bb34069aebb5cebf4416d79c2f,test
data/Testing/glioma/Te-gl_300.jpg,glioma,Testing,4e1a1d4efd489f0c1593582f74ecb756,train
data/Testing/glioma/Te-gl_153.jpg,glioma,Testing,d010bb90f7bd492060b8115380b571cf,train
data/Testing/glioma/Te-gl_22.jpg,glioma,Testing,b93d089146ea1fcfde219d12ace0c8dd,train
data/Testing/glioma/Te-gl_13.jpg,glioma,Testing,e45756abb70254b4dced93d22d7b3303,test
data/Testing/glioma/Te-gl_20.jpg,glioma,Testing,02293348a65b890cdc77cd013c163c21,train
data/Testing/glioma/Te-gl_21.jpg,glioma,Testing,b6f2e60a02044b4c7ce21556905c0858,val
data/Testing/glioma/Te-gl_78.jpg,glioma,Testing,3064ee3b4e53094e3c1c31c6f09c90c8,train
data/Testing/glioma/Te-gl_115.jpg,glioma,Testing,3935b0a1ede176b36da7ea5a0b3153d1,val
data/Testing/glioma/Te-gl_199.jpg,glioma,Testing,dc9bb002a08ab6cac357d1ab94ce9993,train
data/Testing/glioma/Te-gl_19.jpg,glioma,Testing,8ab64388a6a9f9b79c0772ec82a72ab4,train
data/Testing/glioma/Te-gl_31.jpg,glioma,Testing,34ee53ae11f1bded5d50f979352f18d6,train
data/Testing/glioma/Te-gl_345.jpg,glioma,Testing,a4d00ca0e1eef23b87d3a560fd65b8f7,train
data/Testing/glioma/Te-gl_221.jpg,glioma,Testing,9a5d91249f31adcbd1e635292dd41d28,train
data/Testing/glioma/Te-gl_32.jpg,glioma,Testing,252314e70476470af7835cdfd70bac92,test
data/Testing/glioma/Te-gl_174.jpg,glioma,Testing,6eeb9e536fa16f8f0986b05411fc8966,train
data/Testing/glioma/Te-gl_385.jpg,glioma,Testing,61a2ca28fd95ff412925f98c3d7662d7,val
data/Testing/glioma/Te-gl_210.jpg,glioma,Testing,5c847dbb868c25d52b625c85c2747602,train
data/Testing/glioma/Te-gl_359.jpg,glioma,Testing,a580d4d2740899423c48894dba58b796,val
data/Testing/glioma/Te-gl_151.jpg,glioma,Testing,ed5bb419a8e804fcf2cf33439ed08752,val
data/Testing/glioma/Te-gl_302.jpg,glioma,Testing,d9271130defc9480e9ea91de3dda82e6,train
data/Testing/glioma/Te-gl_104.jpg,glioma,Testing,b96cf0c953e1d7b25a7d0f0fbe1a7caa,train
data/Testing/glioma/Te-gl_142.jpg,glioma,Testing,e709075013a76cef21fcf43a53a20259,test
data/Testing/glioma/Te-gl_195.jpg,glioma,Testing,f5de630f2d0dcc9edf0acf41db77a27a,train
data/Testing/glioma/Te-gl_257.jpg,glioma,Testing,7004b2caad0e3c08830c938c99a21de4,test
data/Testing/glioma/Te-gl_46.jpg,glioma,Testing,3730577011d4b712e144302873498d7e,train
data/Testing/glioma/Te-gl_229.jpg,glioma,Testing,aad6ada8842d077e0ee00bd535f5e3f8,train
data/Testing/glioma/Te-gl_232.jpg,glioma,Testing,1c8eb3d78daaa877c08200bcceb5597f,train
data/Testing/glioma/Te-gl_188.jpg,glioma,Testing,eee68d9f57f15dfbd066bfb706232745,train
data/Testing/glioma/Te-gl_218.jpg,glioma,Testing,abaaac5b4133a9d5a8ab46ed0adeb1bb,train
data/Testing/glioma/Te-gl_91.jpg,glioma,Testing,3da55a2e470015320a007589cabcc8dc,train
data/Testing/glioma/Te-gl_45.jpg,glioma,Testing,5e21193cb466e5a6d19cb17ffdfdd0f6,test
data/Testing/glioma/Te-gl_79.jpg,glioma,Testing,3dcd4cf6ac61b4555bdf96438b32fad4,train
data/Testing/glioma/Te-gl_358.jpg,glioma,Testing,b2c63be97bc9f8f11e5f284993fa1f3a,train
data/Testing/glioma/Te-gl_320.jpg,glioma,Testing,9a2cfca9c0a17efc67b67d48a24c281a,val
data/Testing/glioma/Te-gl_121.jpg,glioma,Testing,c49cd3f6c529cf4288f14b98694d19f7,test
data/Testing/glioma/Te-gl_119.jpg,glioma,Testing,d8ffae552ab4492ff7681bb73e3335d6,train
data/Testing/glioma/Te-gl_220.jpg,glioma,Testing,183be20275de7582e0a9b09903863ea5,val
data/Testing/glioma/Te-gl_68.jpg,glioma,Testing,f93b87c4d3413c923703a3c6babb55a7,excluded
data/Testing/glioma/Te-gl_190.jpg,glioma,Testing,934d738a7de8917b8b22be910c210a0a,train
data/Testing/glioma/Te-gl_288.jpg,glioma,Testing,a5afa95c804682d50ea2060d70f46dde,train
data/Testing/glioma/Te-gl_373.jpg,glioma,Testing,191454a537661acd760ddb44a8a737a6,val
data/Testing/glioma/Te-gl_367.jpg,glioma,Testing,cb619724b02afa1f7fdd4c6f260aabf6,train
data/Testing/glioma/Te-gl_278.jpg,glioma,Testing,34d3fec0def3da3459c5f1596f059aef,train
data/Testing/glioma/Te-gl_133.jpg,glioma,Testing,a4ede403caf0afc561911ece64e5c2b0,test
data/Testing/glioma/Te-gl_317.jpg,glioma,Testing,90c3ef7bb901b74c7401356a3c914601,val
data/Testing/glioma/Te-gl_95.jpg,glioma,Testing,47902ab25d44391609029141ee3a60a6,train
data/Testing/glioma/Te-gl_280.jpg,glioma,Testing,f6a99b76e17585e310a2a4ac1c5e7958,val
data/Testing/glioma/Te-gl_225.jpg,glioma,Testing,b97b35cbe4dca6de78bd673133be2007,train
data/Testing/glioma/Te-gl_131.jpg,glioma,Testing,b381ba0ff497e53b49ece369490a437d,train
data/Testing/glioma/Te-gl_309.jpg,glioma,Testing,85074b7de11bf2ee057b072be7e672e2,train
data/Testing/glioma/Te-gl_268.jpg,glioma,Testing,bba0532087c8dcf2b54a600d7de8de11,train
data/Testing/glioma/Te-gl_194.jpg,glioma,Testing,93440b6708f92ffaba65e9de554e4694,train
data/Testing/glioma/Te-gl_260.jpg,glioma,Testing,9d1898f918b3b6db0b01b2b90572a9d1,train
data/Testing/glioma/Te-gl_186.jpg,glioma,Testing,f3295128f6128b8e148da45b20af2827,test
data/Testing/glioma/Te-gl_352.jpg,glioma,Testing,01f30de81f03d56971eaed35d70f9861,train
data/Testing/glioma/Te-gl_216.jpg,glioma,Testing,84bbffcf836256a4d9a8f41182d1721d,train
data/Testing/glioma/Te-gl_247.jpg,glioma,Testing,36fdafcb3e6d87e2806b13f9357d87b3,train
data/Testing/glioma/Te-gl_98.jpg,glioma,Testing,03a5c31d31800872662adb6ed007ae39,train
data/Testing/glioma/Te-gl_128.jpg,glioma,Testing,328e8df712aa5d445f4aca580e93cd28,train
data/Testing/glioma/Te-gl_162.jpg,glioma,Testing,3895bbdc5d78dbe618c83d8115abc592,val
data/Testing/glioma/Te-gl_242.jpg,glioma,Testing,a0cd1e8eb5770261288f3516c5be47f8,train
data/Testing/glioma/Te-gl_287.jpg,glioma,Testing,9404e237f9403422e589b9126f5660e6,train
data/Testing/glioma/Te-gl_267.jpg,glioma,Testing,ef8703a07d2079eb30ae39b6645eb0ac,test
data/Testing/glioma/Te-gl_184.jpg,glioma,Testing,350894952553ff064db7d56311912f8f,train
data/Testing/glioma/Te-gl_62.jpg,glioma,Testing,dcb9ea622419b123e358cea1b050b90e,train
data/Testing/glioma/Te-gl_303.jpg,glioma,Testing,ee6e22476c4f669b43d82fa9f5ab2abf,train
data/Testing/glioma/Te-gl_136.jpg,glioma,Testing,8c06c71e7e79d779f3f5ebc728707aa8,train
data/Testing/glioma/Te-gl_240.jpg,glioma,Testing,c397057a2e31d4d6977873ad73ca3e80,train
data/Testing/glioma/Te-gl_83.jpg,glioma,Testing,e65693d308fb8e7c266940efed48d9fb,test
data/Testing/glioma/Te-gl_366.jpg,glioma,Testing,344b78b2a407bd7287fceeabe8ba4961,test
data/Testing/glioma/Te-gl_33.jpg,glioma,Testing,f0682439d8e1330def2f327a7d81795a,val
data/Testing/glioma/Te-gl_290.jpg,glioma,Testing,fbbe2c7b1c3b652a4b6a1c93207e9a83,test
data/Testing/glioma/Te-gl_183.jpg,glioma,Testing,4626913505fd463d2962c53f519d1136,val
data/Testing/glioma/Te-gl_219.jpg,glioma,Testing,b1164ca7e1184a8597493f217cbe7b8a,train
data/Testing/glioma/Te-gl_36.jpg,glioma,Testing,61388b0e333fe750b3bd0c7912846625,val
data/Testing/glioma/Te-gl_165.jpg,glioma,Testing,8a84e88171423de6771c5a831cbcd34b,train
data/Testing/glioma/Te-gl_65.jpg,glioma,Testing,aa21987b8666ea6ed5f418297bf9a042,train
data/Testing/glioma/Te-gl_63.jpg,glioma,Testing,b6fee6372d0f471cf597c753a1dae3d7,train
data/Testing/glioma/Te-gl_395.jpg,glioma,Testing,e2935e3e746077eedab7e98c42513762,test
data/Testing/glioma/Te-gl_204.jpg,glioma,Testing,716882598588e4671a4cb50eadfc5b88,val
data/Testing/glioma/Te-gl_14.jpg,glioma,Testing,4def22b94eb7b6e41ebd79c1d946a2d7,train
data/Testing/glioma/Te-gl_264.jpg,glioma,Testing,8550db6ba329a2517df7f3c6b8c01ecd,train
data/Testing/glioma/Te-gl_382.jpg,glioma,Testing,0d78657d558164277f28589a59096ec5,test
data/Testing/glioma/Te-gl_282.jpg,glioma,Testing,0e667d7c9b0c74e24f648ee7cacc4042,test
data/Testing/glioma/Te-gl_255.jpg,glioma,Testing,c5c06abab944b1e6b9ae62d58b287e45,train
data/Testing/glioma/Te-gl_271.jpg,glioma,Testing,d578ebe553b12010514b821ce04f206a,train
data/Testing/glioma/Te-gl_17.jpg,glioma,Testing,f4d3fbdbfbea92c2562646b2a132fb2a,train
data/Testing/glioma/Te-gl_181.jpg,glioma,Testing,1090eca54e69eb559a6897a0aa2bd3fb,train
data/Testing/glioma/Te-gl_48.jpg,glioma,Testing,7f5edbbd10269b829c521f148ab630cc,train
data/Testing/glioma/Te-gl_201.jpg,glioma,Testing,e80c85f373f216ba1287013eafe5b91b,train
data/Testing/glioma/Te-gl_236.jpg,glioma,Testing,ec3b5140cee5730c52545d58ad3696c9,test
data/Testing/glioma/Te-gl_198.jpg,glioma,Testing,c142e1debace031d1de954e864d031cf,val
data/Testing/glioma/Te-gl_284.jpg,glioma,Testing,6778a37eb7bc80accc2c6accb0d887c6,test
data/Testing/glioma/Te-gl_332.jpg,glioma,Testing,e300108e4b9009b2556b0808315e189c,train
data/Testing/glioma/Te-gl_244.jpg,glioma,Testing,31a637e3e814383af2cb9f1a21735bdf,train
data/Testing/glioma/Te-gl_66.jpg,glioma,Testing,0f4ced3a9bf6e93ddf8ea0bf5376d100,train
data/Testing/glioma/Te-gl_161.jpg,glioma,Testing,9ef17d271a114caf69234c04e94b8954,train
data/Testing/glioma/Te-gl_347.jpg,glioma,Testing,7bd026c4253c5969436fc49e6476a873,train
data/Testing/glioma/Te-gl_134.jpg,glioma,Testing,87997437a47a13da53e2fba43c116eea,test
data/Testing/glioma/Te-gl_256.jpg,glioma,Testing,3b03ab7b259b24b77e3b89743b5f19b6,val
data/Testing/glioma/Te-gl_259.jpg,glioma,Testing,716882598588e4671a4cb50eadfc5b88,val
data/Testing/glioma/Te-gl_330.jpg,glioma,Testing,41052a69dc1af028cc32df90898e9a5a,train
data/Testing/glioma/Te-gl_305.jpg,glioma,Testing,44d1502377d09971023874623712e5c3,train
data/Testing/glioma/Te-gl_274.jpg,glioma,Testing,0e25cd3ba2dc30d28778a70516c6fbdc,train
data/Testing/glioma/Te-gl_214.jpg,glioma,Testing,d736ad7d5cfeada119ed608d73c138f9,train
data/Testing/glioma/Te-gl_34.jpg,glioma,Testing,5d6be3aa6fe9e47f09632a9c4c5be06d,train
data/Testing/glioma/Te-gl_213.jpg,glioma,Testing,1f487b8f08ecb387c487cbf6ce19d389,train
data/Testing/glioma/Te-gl_222.jpg,glioma,Testing,a8a9c3261efffefc026ebfdd0830d71f,val
data/Testing/glioma/Te-gl_262.jpg,glioma,Testing,652fc266299626991d59ec7b3e42f3ae,val
data/Testing/glioma/Te-gl_140.jpg,glioma,Testing,cfe978f4870cfc42980c522bf749de92,train
data/Testing/glioma/Te-gl_126.jpg,glioma,Testing,5999faeaf94ba688339cfb857e7e47d3,train
data/Testing/glioma/Te-gl_100.jpg,glioma,Testing,1d28762fdc43e105d35216a05125b808,train
data/Testing/glioma/Te-gl_298.jpg,glioma,Testing,9ef70b9319a89fed0ec7695c14651a7f,train
data/Testing/glioma/Te-gl_75.jpg,glioma,Testing,69f16717cd6fdc7f531423e9929ca0e0,train
data/Testing/glioma/Te-gl_185.jpg,glioma,Testing,e4ddec46fe4033291e7e03288b86e5e8,train
data/Testing/glioma/Te-gl_15.jpg,glioma,Testing,099eeeb2455b7a4a212635a1d42ddc2e,train
data/Testing/glioma/Te-gl_343.jpg,glioma,Testing,18e19f62dd15ab55a287540ccc9371ac,val
data/Testing/glioma/Te-gl_8.jpg,glioma,Testing,9f317cc1472c1609146cc4445509c2f5,val
data/Testing/glioma/Te-gl_314.jpg,glioma,Testing,1f9543faf18da8823acb1540c7210428,val
data/Testing/glioma/Te-gl_6.jpg,glioma,Testing,178292ec971ec6fbe024568d2b326272,train
data/Testing/glioma/Te-gl_127.jpg,glioma,Testing,3087e1ad087630d14708141a7e33131c,train
data/Testing/glioma/Te-gl_279.jpg,glioma,Testing,52d996f34155a2618654fca6dc068c10,train
data/Testing/glioma/Te-gl_76.jpg,glioma,Testing,0f4ec8ee4e0654b99e98ab02e8f37ea2,train
data/Testing/glioma/Te-gl_47.jpg,glioma,Testing,579e1702b8676213eb39177d16d695a5,val
data/Testing/glioma/Te-gl_71.jpg,glioma,Testing,d376602e869d9859cc6ff6afe9ea2e65,train
data/Testing/glioma/Te-gl_400.jpg,glioma,Testing,c19fc55c5716e09fc56d1ee8723794ba,val
data/Testing/glioma/Te-gl_125.jpg,glioma,Testing,d734688201409f4c16f4facca8a81dc3,val
data/Testing/glioma/Te-gl_333.jpg,glioma,Testing,ff3416cecb682f6acb541379b555df84,test
data/Testing/glioma/Te-gl_50.jpg,glioma,Testing,c0aea86b773395949902b9861afbcced,train
data/Testing/glioma/Te-gl_250.jpg,glioma,Testing,1db01faae111b70b7b6fecf3650d2e66,train
data/Testing/glioma/Te-gl_113.jpg,glioma,Testing,dc4f7ce1d91bfc44208d64757caf252d,test
data/Testing/glioma/Te-gl_378.jpg,glioma,Testing,6d117186a36d34063ec5a726e44af98d,train
data/Testing/glioma/Te-gl_313.jpg,glioma,Testing,3e3f9ba260b98891f22a4e04f987fab4,train
data/Testing/glioma/Te-gl_372.jpg,glioma,Testing,075bcfcd243c9ac48bc54d42691f0fff,train
data/Testing/glioma/Te-gl_192.jpg,glioma,Testing,875597880e4006a423a16543e14b5d61,train
data/Testing/glioma/Te-gl_312.jpg,glioma,Testing,0969337be030bbb613d386591155ee28,train
data/Testing/glioma/Te-gl_29.jpg,glioma,Testing,caab5859588132c3ebb1fbbfa853e944,val
data/Testing/glioma/Te-gl_200.jpg,glioma,Testing,c8814d03cdd37be2c9f71ec33da1b104,train
data/Testing/glioma/Te-gl_237.jpg,glioma,Testing,5f371dca072c4f341dc73635c9e95502,train
data/Testing/glioma/Te-gl_383.jpg,glioma,Testing,ae69126712867e312ac3b88d0f3900a7,train
data/Testing/glioma/Te-gl_27.jpg,glioma,Testing,a38e10a514da18d0b177a4975f186508,test
data/Testing/glioma/Te-gl_108.jpg,glioma,Testing,7ff702d989849b8e2556399629d85149,val
data/Testing/glioma/Te-gl_187.jpg,glioma,Testing,a6a0f55608284566ed843bcd87c94c29,train
data/Testing/glioma/Te-gl_350.jpg,glioma,Testing,034ab30d02c1d5137331728297d72402,train
data/Testing/glioma/Te-gl_164.jpg,glioma,Testing,3a17f92ee0190e56de199b2efbab4862,train
data/Testing/glioma/Te-gl_387.jpg,glioma,Testing,d9198933325c66906e96f7815bdde5e0,train
data/Testing/glioma/Te-gl_53.jpg,glioma,Testing,bbec4768373ae14a4df202e59af3a423,train
data/Testing/glioma/Te-gl_90.jpg,glioma,Testing,d2da74529f8660d4b0a5dbcc05fffb84,train
data/Testing/glioma/Te-gl_374.jpg,glioma,Testing,27df96f1d7c5a71502fd5cd4c84f3458,train
data/Testing/glioma/Te-gl_7.jpg,glioma,Testing,9fd73a48c8ccb99b236bcd016207853e,train
data/Testing/glioma/Te-gl_301.jpg,glioma,Testing,6afb7b416468ebf8fbf20b26255ea8b2,train
data/Testing/glioma/Te-gl_304.jpg,glioma,Testing,5010cccfc40358013c4605bb99bd2d00,test
data/Testing/glioma/Te-gl_375.jpg,glioma,Testing,a63c0caa24cc4cd6e6a29d45124c2eaa,train
data/Testing/glioma/Te-gl_252.jpg,glioma,Testing,1b6774852ed31c93e78b77ab6e1975bd,train
data/Testing/glioma/Te-gl_227.jpg,glioma,Testing,dc599f0922b149f6e16ee696d9de27ae,train
data/Testing/glioma/Te-gl_249.jpg,glioma,Testing,3e77c64db1934c9ef82252eb54bc4d87,val
data/Testing/glioma/Te-gl_363.jpg,glioma,Testing,3ce564f75e88806c7509cc712e2f8b3f,train
data/Testing/glioma/Te-gl_327.jpg,glioma,Testing,596bc5d9d171e7800c397d5b09728ec2,train
data/Testing/glioma/Te-gl_289.jpg,glioma,Testing,9a3b13f1f35f377cd97f3dafe28a0347,train
data/Testing/glioma/Te-gl_41.jpg,glioma,Testing,06583ec0a463d52664dc7f151131e4de,train
data/Testing/glioma/Te-gl_254.jpg,glioma,Testing,b24bf08ea6caf5c232d49a01706e3ff7,test
data/Testing/glioma/Te-gl_193.jpg,glioma,Testing,60fc2f1f86e6b5250f05e3ba61428c0f,test
data/Testing/glioma/Te-gl_379.jpg,glioma,Testing,55fae6b0994a45b2bc550b067c832766,test
data/Testing/glioma/Te-gl_101.jpg,glioma,Testing,1575bb71ad87fbf2541ebf5fddea18e4,train
data/Testing/glioma/Te-gl_157.jpg,glioma,Testing,6cfcf1e3a67caf5dcf1a9f1e5ce8bcec,test
data/Testing/glioma/Te-gl_156.jpg,glioma,Testing,84fff2d40c12d0d51cff424b27040f7b,val
data/Testing/glioma/Te-gl_92.jpg,glioma,Testing,37116fc0ecbdbe14d0f734246221707b,train
data/Testing/glioma/Te-gl_120.jpg,glioma,Testing,c5c70f572740342dfa0717a68ff0308b,train
data/Testing/glioma/Te-gl_170.jpg,glioma,Testing,4dc9e3b56a99b7455036ca9247c82817,train
data/Testing/glioma/Te-gl_246.jpg,glioma,Testing,bdfbd7a73c42da9d46f4897f321ec67e,test
data/Testing/glioma/Te-gl_353.jpg,glioma,Testing,e982c008b86c28c1fc51b976554ba0f8,train
data/Testing/glioma/Te-gl_272.jpg,glioma,Testing,845ff201c07a82cd2356769078f83eae,train
data/Testing/glioma/Te-gl_270.jpg,glioma,Testing,caab5859588132c3ebb1fbbfa853e944,val
data/Testing/glioma/Te-gl_202.jpg,glioma,Testing,5c286571c6ef989434e7c7cd5aa1dbed,train
data/Testing/glioma/Te-gl_355.jpg,glioma,Testing,97c0f70d94a67883b1c5639737c81f3a,train
data/Testing/glioma/Te-gl_349.jpg,glioma,Testing,666201871b387472a101141fb1c78744,train
data/Testing/glioma/Te-gl_331.jpg,glioma,Testing,26a94f09fe2624136baacdaf11db4be3,train
data/Testing/glioma/Te-gl_74.jpg,glioma,Testing,2678366cb452c265ff8d9ada74ab9e68,test
data/Testing/glioma/Te-gl_241.jpg,glioma,Testing,7201b7252f8081cf01ed186472b2b696,train
data/Testing/glioma/Te-gl_362.jpg,glioma,Testing,5b6ed6e2e682f543d33a350aae05f4ed,train
data/Testing/glioma/Te-gl_30.jpg,glioma,Testing,1ebe35db3f035c4d65dbb149596defa1,train
data/Testing/glioma/Te-gl_368.jpg,glioma,Testing,fe6de762513bdc7eeda3d3197d3216a8,train
data/Testing/glioma/Te-gl_399.jpg,glioma,Testing,acb7e8f554290f4004c973eacfd0f18c,train
data/Testing/glioma/Te-gl_175.jpg,glioma,Testing,44fa0ead7ed96ca38bde655ef7a981bb,train
data/Testing/glioma/Te-gl_335.jpg,glioma,Testing,7ed47b82d54ecda9a1a12a35ffcab327,train
data/Testing/glioma/Te-gl_155.jpg,glioma,Testing,d18da4318c3e6685218c95cb73c229a7,train
data/Testing/glioma/Te-gl_168.jpg,glioma,Testing,0f7372f95529aaed31b51f2f0d85763d,val
data/Testing/glioma/Te-gl_163.jpg,glioma,Testing,5a5bd45bee7bf9c0f3d7015817aa4e37,train
data/Testing/glioma/Te-gl_251.jpg,glioma,Testing,889f6c54ce374650f4d41c6ce9255689,train
data/Testing/glioma/Te-gl_338.jpg,glioma,Testing,845ff201c07a82cd2356769078f83eae,train
data/Testing/glioma/Te-gl_329.jpg,glioma,Testing,d9e8568bb693c906528650656ce46ced,train
data/Testing/glioma/Te-gl_130.jpg,glioma,Testing,1061017f8f24d9723205cfae60bb9294,test
data/Testing/glioma/Te-gl_23.jpg,glioma,Testing,8a4165c97177d676c0a484a2d75cc9a3,train
data/Testing/glioma/Te-gl_231.jpg,glioma,Testing,3c39e3fef7c045d313a77e5ddf91eb11,train
data/Testing/glioma/Te-gl_93.jpg,glioma,Testing,4e1300bc8538466edae503aed6b130b9,train
data/Testing/glioma/Te-gl_211.jpg,glioma,Testing,b592f7472fce547fad5cb9c3cf51c988,train
data/Testing/glioma/Te-gl_178.jpg,glioma,Testing,4dc9e3b56a99b7455036ca9247c82817,train
data/Testing/glioma/Te-gl_172.jpg,glioma,Testing,dc1ffdc43f51da099be9892ea159c3b0,test
data/Testing/glioma/Te-gl_235.jpg,glioma,Testing,71e16d374a8f946a918989247a513a7d,train
data/Testing/glioma/Te-gl_351.jpg,glioma,Testing,6d7fa2a171b97ecdb8cd414124283b66,train
data/Testing/glioma/Te-gl_67.jpg,glioma,Testing,ef51a98906f7403bbdcf652542ce3c85,train
data/Testing/glioma/Te-gl_217.jpg,glioma,Testing,bcde0b224997d382ab09cc6a7f6a2d95,train
data/Testing/glioma/Te-gl_392.jpg,glioma,Testing,1b2b326f2d609d40f590fae935eb0469,train
data/Testing/glioma/Te-gl_276.jpg,glioma,Testing,3a0ca35341c23cb6c4a9777b439c59d6,train
data/Testing/glioma/Te-gl_208.jpg,glioma,Testing,9f954a98524bf70c92119bde1c2c7bc6,train
data/Testing/glioma/Te-gl_18.jpg,glioma,Testing,9b505ab31dcb525ea9c15dfaffe1e202,train
data/Testing/glioma/Te-gl_180.jpg,glioma,Testing,94b093b92a49d1f4483093560dfc2b7b,train
data/Testing/glioma/Te-gl_138.jpg,glioma,Testing,91955c084ba4cccb87486958aca25252,train
data/Testing/glioma/Te-gl_72.jpg,glioma,Testing,7aec05f6498b98fca1451348adec402c,train
data/Testing/glioma/Te-gl_197.jpg,glioma,Testing,d0f295191ada67b44d0908e9f783f0af,train
data/Testing/glioma/Te-gl_25.jpg,glioma,Testing,ab0dca2078e174ce9b6a22b59e2245b9,train
data/Testing/glioma/Te-gl_393.jpg,glioma,Testing,dbd3c1285b585cb4981efc1d3e4724bc,train
data/Testing/glioma/Te-gl_381.jpg,glioma,Testing,6881fcff435c38c611b041b603409b70,train
data/Testing/glioma/Te-gl_226.jpg,glioma,Testing,e2316f874f87bb1b979440e316f698b7,train
data/Testing/glioma/Te-gl_111.jpg,glioma,Testing,aee3e3efc085f8b3c085af81cf86017b,val
data/Testing/glioma/Te-gl_283.jpg,glioma,Testing,24578a4a1b37e9ea9927c422c6bb3273,test
data/Testing/glioma/Te-gl_394.jpg,glioma,Testing,2c6ba60d10c0a0f87c29facb7fd5d4ad,train
data/Testing/glioma/Te-gl_398.jpg,glioma,Testing,64b84cbb92d2e2f6e196e287fb30eddd,val
data/Testing/glioma/Te-gl_294.jpg,glioma,Testing,8f16e2e710e54b5af0cc4def85a0773a,train
data/Testing/glioma/Te-gl_316.jpg,glioma,Testing,ce1d8d77d5af467dd5d71024143323a5,train
data/Testing/glioma/Te-gl_60.jpg,glioma,Testing,d73a7cae1c8c35ddeb43c2137e894e74,train
data/Testing/glioma/Te-gl_129.jpg,glioma,Testing,ee6e22476c4f669b43d82fa9f5ab2abf,train
data/Testing/glioma/Te-gl_94.jpg,glioma,Testing,78cdc69804677e4ff6aaf5102be7a807,train
data/Testing/glioma/Te-gl_297.jpg,glioma,Testing,1582d8c97176024fd0d3673f20641ce8,train
data/Testing/glioma/Te-gl_4.jpg,glioma,Testing,0b786470af03374d059f91eba8afb6d6,train
data/Testing/glioma/Te-gl_319.jpg,glioma,Testing,2a1d642a4f37f4c3540f8c2fbdd6cef7,train
data/Testing/glioma/Te-gl_189.jpg,glioma,Testing,4475c25811700ae6f49e9779c8a75302,train
data/Testing/glioma/Te-gl_354.jpg,glioma,Testing,e091bb96f203a39ab6997a37d82eab3a,train
data/Testing/glioma/Te-gl_348.jpg,glioma,Testing,e4d351ee306fec052941c3619785230e,test
data/Testing/glioma/Te-gl_230.jpg,glioma,Testing,35bb04a1f5cec11d1ac8998cc4ef0a7d,train
data/Testing/glioma/Te-gl_49.jpg,glioma,Testing,8762f53c7cb5e6d501c9b60b51fe6d3a,train
data/Testing/glioma/Te-gl_196.jpg,glioma,Testing,58dc07845636e4ac8e44bc03b22a4e92,val
data/Testing/glioma/Te-gl_135.jpg,glioma,Testing,12c983b4214fb6140d69fa85a1244962,train
data/Testing/glioma/Te-gl_38.jpg,glioma,Testing,e092393aba9dcad7e260485c01bd34bd,test
data/Testing/glioma/Te-gl_384.jpg,glioma,Testing,f20582d51698ce32afbb9fd9198fd87c,train
data/Testing/glioma/Te-gl_132.jpg,glioma,Testing,c07df06025067613e379cc2b2da8558d,train
data/Testing/glioma/Te-gl_166.jpg,glioma,Testing,34d3fec0def3da3459c5f1596f059aef,train
data/Testing/glioma/Te-gl_248.jpg,glioma,Testing,383773bfbd8144f8a3003feef9df777c,val
data/Testing/glioma/Te-gl_388.jpg,glioma,Testing,19973a628d277abfd0c92531f43d92f5,train
data/Testing/glioma/Te-gl_273.jpg,glioma,Testing,ff913a08262ea74d247e0dd9c6f7f9e9,train
data/Testing/glioma/Te-gl_337.jpg,glioma,Testing,9e6670dd4498056cdd8714f1d3dd6f78,train
data/Testing/glioma/Te-gl_167.jpg,glioma,Testing,39e81d2dae5e76f96aa515cc82e13ef1,val
data/Testing/glioma/Te-gl_308.jpg,glioma,Testing,71d92678b623635cb8e873c5f21258be,test
data/Testing/glioma/Te-gl_2.jpg,glioma,Testing,3179945941e199119c9ffe8e45d5e49e,val
data/Testing/glioma/Te-gl_109.jpg,glioma,Testing,824ae9c10e72c1c5ce47b73eddb1be43,train
data/Testing/glioma/Te-gl_371.jpg,glioma,Testing,d9808d972cfddfad3d4cc9472e855d95,train
data/Testing/glioma/Te-gl_261.jpg,glioma,Testing,d992ef32d267c06d19d635ef083a508a,train
data/Testing/glioma/Te-gl_285.jpg,glioma,Testing,4d18fc7957e4f2372f137f934f336da6,train
data/Testing/glioma/Te-gl_152.jpg,glioma,Testing,ce6a12077625a3841a8fdb0d404c9cae,val
data/Testing/glioma/Te-gl_334.jpg,glioma,Testing,15fb9413964c0f43bca5cab8cf8d7ef1,test
data/Testing/glioma/Te-gl_310.jpg,glioma,Testing,b7c134a702c2a5c11bc7b72966198de6,test
data/Testing/glioma/Te-gl_144.jpg,glioma,Testing,557074c0f2215c6453fd61461aafc59a,train
data/Testing/glioma/Te-gl_258.jpg,glioma,Testing,b6a6c8c22f6648aa19089d04b07a5cb3,train
data/Testing/glioma/Te-gl_389.jpg,glioma,Testing,252314e70476470af7835cdfd70bac92,test
data/Testing/glioma/Te-gl_55.jpg,glioma,Testing,ecb5d5578dc0076e71470b7073bcf713,val
data/Testing/glioma/Te-gl_37.jpg,glioma,Testing,e93684f5ee192d964ccd5643b699427c,train
data/Testing/glioma/Te-gl_263.jpg,glioma,Testing,486adcee179e05b703896595f223d9fb,train
data/Testing/glioma/Te-gl_86.jpg,glioma,Testing,8dd205bf374632b6dfe1bf962e599194,train
data/Testing/glioma/Te-gl_70.jpg,glioma,Testing,792ad41aa66969c24f378ef0d18c9851,train
data/Testing/glioma/Te-gl_328.jpg,glioma,Testing,e5fcbfebbe0ebc21458ac409c7acc4da,test
data/Testing/glioma/Te-gl_286.jpg,glioma,Testing,1b92c296b65b9e566e16278cef271fc2,train
data/Testing/glioma/Te-gl_396.jpg,glioma,Testing,5dac84ca35c6dbe96e9bedbe2a36f3a6,train
data/Testing/glioma/Te-gl_206.jpg,glioma,Testing,d67f32fc14d6db8dd3d49f0ec878825a,test
data/Testing/glioma/Te-gl_323.jpg,glioma,Testing,9987caf29bb299a8f1b61a9da9f9e085,train
data/Testing/glioma/Te-gl_370.jpg,glioma,Testing,a929043ea0e9910490c5961ba757e232,train
data/Testing/glioma/Te-gl_360.jpg,glioma,Testing,348ca99d16027fc75fe9bdce53d7fe75,train
data/Testing/glioma/Te-gl_292.jpg,glioma,Testing,5e0ace7934bad8d30e0acd14e6aaf8aa,test
data/Testing/glioma/Te-gl_103.jpg,glioma,Testing,cd50d3ca8b93f50d6e8f0c31f3500c70,train
data/Testing/glioma/Te-gl_322.jpg,glioma,Testing,41b3081e212f1982f6d1ae35447fca9c,test
data/Testing/glioma/Te-gl_325.jpg,glioma,Testing,c583a4c47d95eee09195709ce3bad3b3,test
data/Testing/glioma/Te-gl_224.jpg,glioma,Testing,b7836ac633bb76a7127b6cc87640498f,train
data/Testing/glioma/Te-gl_59.jpg,glioma,Testing,557074c0f2215c6453fd61461aafc59a,train
data/Testing/glioma/Te-gl_296.jpg,glioma,Testing,cb079febbebef78a5ca9431e24e3237d,train
data/Testing/glioma/Te-gl_203.jpg,glioma,Testing,9de2b66fa5197ca0389f435c32d016f3,train
data/Testing/glioma/Te-gl_56.jpg,glioma,Testing,51a658b2bd7e4e5ec500d3d7b1627b11,test
data/Testing/glioma/Te-gl_215.jpg,glioma,Testing,1f7ace355d92a842fcb866e874c863ee,train
data/Testing/glioma/Te-gl_64.jpg,glioma,Testing,74d574d90715c9c826bdde2c4f0d84c2,val
data/Testing/glioma/Te-gl_5.jpg,glioma,Testing,e93a1646ac21e3522cad66e198b6338a,train
data/Testing/glioma/Te-gl_40.jpg,glioma,Testing,9ab8cedcdf0e6f80ae27ac8a7a76f974,test
data/Testing/glioma/Te-gl_84.jpg,glioma,Testing,83989a329ba1dda76b9355e46b0ba93b,test
data/Testing/glioma/Te-gl_179.jpg,glioma,Testing,8b2b46fc6af43d99346844bf64b86caf,train
data/Testing/glioma/Te-gl_107.jpg,glioma,Testing,105bd16648cef8ab25f1778ace3710fe,train
data/Testing/glioma/Te-gl_110.jpg,glioma,Testing,daabdb4c5a01385db0fefad0380242b1,test
data/Testing/glioma/Te-gl_43.jpg,glioma,Testing,cfbb6819b163a17ffbae9c5159cc786a,train
data/Testing/glioma/Te-gl_102.jpg,glioma,Testing,a66b44e2daf158a94443a5d54a60ba02,train
data/Testing/glioma/Te-gl_361.jpg,glioma,Testing,def3683eef4b7b0f177c6f3edbeb8ba0,test
data/Testing/glioma/Te-gl_61.jpg,glioma,Testing,1ef6fb68be9a706d552aabf337888f1a,train
data/Testing/glioma/Te-gl_341.jpg,glioma,Testing,c2895010375143b49b30f0a234dc41ca,test
data/Testing/glioma/Te-gl_1.jpg,glioma,Testing,5aae5fc48e326885ec0f62347fc1e522,train
data/Testing/glioma/Te-gl_123.jpg,glioma,Testing,4eeb514743bb4166245adcd4d3f482f8,test
data/Testing/glioma/Te-gl_171.jpg,glioma,Testing,270039de9ae75d069b6360f6b23c0b8b,train
data/Testing/glioma/Te-gl_311.jpg,glioma,Testing,6bd05c5c16987375379183c11f5b7a3c,train
data/Testing/glioma/Te-gl_266.jpg,glioma,Testing,8b36c9c02915fb61c02620f0b6ee2fc0,train
data/Testing/glioma/Te-gl_228.jpg,glioma,Testing,270039de9ae75d069b6360f6b23c0b8b,train
data/Testing/glioma/Te-gl_16.jpg,glioma,Testing,d5bc5ab9cbb72e54af8f887f8f6a72f6,train
data/Testing/glioma/Te-gl_99.jpg,glioma,Testing,51a17e33c4e2931cde3b780759752cdb,test
data/Testing/glioma/Te-gl_51.jpg,glioma,Testing,017db06f75d30838999bb7feff0fc85b,train
data/Testing/meningioma/Te-me_106.jpg,meningioma,Testing,6606a1b808f88ab51c00c44d8299d138,test
data/Testing/meningioma/Te-me_26.jpg,meningioma,Testing,acf196902b66e660682571d9c5400a56,val
data/Testing/meningioma/Te-me_100.jpg,meningioma,Testing,3c2fe9233eff5a046f135b3868a947c3,train
data/Testing/meningioma/Te-me_246.jpg,meningioma,Testing,e62badf1a272b7f04818ff0878168e93,train
data/Testing/meningioma/Te-aug-me_59.jpg,meningioma,Testing,f5632c01e42611aff03533ee7c4f1e1a,train
data/Testing/meningioma/Te-aug-me_15.jpg,meningioma,Testing,2d1c25fa7fda57467a448c3db7816d44,train
data/Testing/meningioma/Te-aug-me_25.jpg,meningioma,Testing,5ad32ee8959bc889dc712c442ccddeda,train
data/Testing/meningioma/Te-me_162.jpg,meningioma,Testing,bb22285c41c42ca513a966485c355120,val
data/Testing/meningioma/Te-me_72.jpg,meningioma,Testing,0732ef7d252fcf6a2352c1d2c62c1505,val
data/Testing/meningioma/Te-me_103.jpg,meningioma,Testing,0cbe54f275d74b62542f4ed8565ba746,train
data/Testing/meningioma/Te-me_83.jpg,meningioma,Testing,ac5559fec237f9622fc183a6b4ac7ba2,train
data/Testing/meningioma/Te-me_199.jpg,meningioma,Testing,d0727c91bb46cc7ad6bec594f8d5a54c,train
data/Testing/meningioma/Te-me_168.jpg,meningioma,Testing,805ccbd561eb159e8d151e45bed0a3ca,train
data/Testing/meningioma/Te-me_15.jpg,meningioma,Testing,ddc5b44bb9c2b8b9dc92975d799d6cbc,val
data/Testing/meningioma/Te-aug-me_12.jpg,meningioma,Testing,fc2e384c8ff9c3619a7af1f2fa78e2b9,train
data/Testing/meningioma/Te-me_235.jpg,meningioma,Testing,698ac9e379771e54f2dd985b1d58f8dd,train
data/Testing/meningioma/Te-aug-me_29.jpg,meningioma,Testing,0a26df2d9def67d1d2fbb684299717d2,test
data/Testing/meningioma/Te-me_214.jpg,meningioma,Testing,a5fbd03f56c3e172fbcc79d574387447,test
data/Testing/meningioma/Te-aug-me_8.jpg,meningioma,Testing,e7fe0650f2f81e59aefba40b638e2e0a,train
data/Testing/meningioma/Te-me_124.jpg,meningioma,Testing,c10b07ccf1da51d171f975a5d785a530,train
data/Testing/meningioma/Te-me_155.jpg,meningioma,Testing,e15e89d5ba56a440c342edd8ae85b503,train
data/Testing/meningioma/Te-me_14.jpg,meningioma,Testing,40311a1723ed0844b55a1248077204e0,test
data/Testing/meningioma/Te-me_194.jpg,meningioma,Testing,a03d26b0295f85fca4a5b08f1bdc4f26,train
data/Testing/meningioma/Te-me_96.jpg,meningioma,Testing,5a38672458dcff92ab3d416cf9dd4982,excluded
data/Testing/meningioma/Te-aug-me_98.jpg,meningioma,Testing,d5b10bc35d236007e306411dca1431ad,train
data/Testing/meningioma/Te-aug-me_20.jpg,meningioma,Testing,3e5ea42ed5e35838e4d78035322b390f,train
data/Testing/meningioma/Te-aug-me_103.jpg,meningioma,Testing,f510cc58f40002f75fca112d3d2c7359,train
data/Testing/meningioma/Te-me_163.jpg,meningioma,Testing,442468ba5f52d4dbcdb4a158813c1615,val
data/Testing/meningioma/Te-aug-me_6.jpg,meningioma,Testing,16f7f5ef9551cd89d2996bb0a6e44eea,train
data/Testing/meningioma/Te-me_76.jpg,meningioma,Testing,41c55664870195838541e08ade0c32b6,train
data/Testing/meningioma/Te-aug-me_13.jpg,meningioma,Testing,a5eab7d252582c4b435bd69b97108b29,train
data/Testing/meningioma/Te-me_175.jpg,meningioma,Testing,18ffabcc9d1d708bf05c3ecde21a3597,train
data/Testing/meningioma/Te-me_3.jpg,meningioma,Testing,8cbd63f43bc28864de6b2bf80116c45f,val
data/Testing/meningioma/Te-me_145.jpg,meningioma,Testing,b7ff9558094a0119b6f000f3838ddc95,train
data/Testing/meningioma/Te-me_256.jpg,meningioma,Testing,e8466fe3c369d1cd243af9b821064285,train
data/Testing/meningioma/Te-me_78.jpg,meningioma,Testing,d676e5354726abce4f22a596ccf1bd66,train
data/Testing/meningioma/Te-aug-me_80.jpg,meningioma,Testing,94205ed249851298d36e0c1d88314833,test
data/Testing/meningioma/Te-me_18.jpg,meningioma,Testing,fd981cc35eafec2277740fe730c5c58b,train
data/Testing/meningioma/Te-me_221.jpg,meningioma,Testing,390c38b7860c2df6ee26159b56e0f1af,test
data/Testing/meningioma/Te-me_47.jpg,meningioma,Testing,53b4c1f39cfceb286b9d6eccf6cf17d0,train
data/Testing/meningioma/Te-aug-me_85.jpg,meningioma,Testing,d8858fcd829a580480ce940ac44e4339,train
data/Testing/meningioma/Te-me_135.jpg,meningioma,Testing,7a9ca28229880adea41fb813a0318b88,train
data/Testing/meningioma/Te-me_51.jpg,meningioma,Testing,5b7a348e85c38fc8979fe1d99b0f6866,train
data/Testing/meningioma/Te-me_228.jpg,meningioma,Testing,51ca86d12f8494b755d94249d1223c37,train
data/Testing/meningioma/Te-me_280.jpg,meningioma,Testing,cbb2a0b8d732307329d690fc1e255ece,val
data/Testing/meningioma/Te-aug-me_55.jpg,meningioma,Testing,6e5889d8e597e7619a6de11afde7edba,train
data/Testing/meningioma/Te-me_211.jpg,meningioma,Testing,e6e63ee25e8bf9cb45c4e0883c76e8a8,train
data/Testing/meningioma/Te-me_227.jpg,meningioma,Testing,25abb6ff727d0f42babb4044f2e7fb4f,train
data/Testing/meningioma/Te-me_167.jpg,meningioma,Testing,a604b2f3f97ab3aa259545402887dc26,train
data/Testing/meningioma/Te-me_9.jpg,meningioma,Testing,a43cfb410c4933e515ba9a424db3768a,train
data/Testing/meningioma/Te-aug-me_57.jpg,meningioma,Testing,a379321634b64b0ac17873276a3328f3,val
data/Testing/meningioma/Te-me_68.jpg,meningioma,Testing,ac30bec9f7484daaa312de66507111ff,train
data/Testing/meningioma/Te-aug-me_21.jpg,meningioma,Testing,f9913e64e27fb484dd0182c81792c18c,train
data/Testing/meningioma/Te-aug-me_101.jpg,meningioma,Testing,a4d2b454f033d02b85821a7fc36ad8c3,train
data/Testing/meningioma/Te-me_229.jpg,meningioma,Testing,8ef56f582907c69e4501827678a6bd1c,val
data/Testing/meningioma/Te-me_4.jpg,meningioma,Testing,32ba7a49f37e07b292b83a380daa18d2,val
data/Testing/meningioma/Te-me_285.jpg,meningioma,Testing,ec7a666f27fe1b7a979405010447309f,train
data/Testing/meningioma/Te-me_225.jpg,meningioma,Testing,17305b6816d1cb5454c4cf85885a3494,train
data/Testing/meningioma/Te-aug-me_64.jpg,meningioma,Testing,e18c441ecc059bc6dc5c7d2147af73cd,train
data/Testing/meningioma/Te-me_95.jpg,meningioma,Testing,c3a583f2373a49b9845c19a936148800,train
data/Testing/meningioma/Te-aug-me_84.jpg,meningioma,Testing,d0fab450249c5ec1d615dd67086e96be,train
data/Testing/meningioma/Te-me_288.jpg,meningioma,Testing,d137cc89053fd2772a2055ca07bff809,test
data/Testing/meningioma/Te-me_75.jpg,meningioma,Testing,aeb91bb91dcb1dd98d5d04ecb96eaff4,train
data/Testing/meningioma/Te-me_30.jpg,meningioma,Testing,5beb3f5b4e35da1b2508733dd3c43f38,train
data/Testing/meningioma/Te-me_137.jpg,meningioma,Testing,ade941ac3c22fbf1f857af45afc950c0,test
data/Testing/meningioma/Te-me_113.jpg,meningioma,Testing,169df254b7ad1a18a562485fc4f64eaf,train
data/Testing/meningioma/Te-aug-me_41.jpg,meningioma,Testing,342a394fb4d464d120237e5fc0b17bb6,test
data/Testing/meningioma/Te-me_206.jpg,meningioma,Testing,3df93ca8db58b7d26900188fd229715d,train
data/Testing/meningioma/Te-me_272.jpg,meningioma,Testing,5658f2b2d610d7b49a822deac2fc8162,train
data/Testing/meningioma/Te-me_48.jpg,meningioma,Testing,00069b314d25620a7683a60d84e3f695,train
data/Testing/meningioma/Te-aug-me_74.jpg,meningioma,Testing,7ed3addddb4fcf965df4fb8c6b769c79,train
data/Testing/meningioma/Te-aug-me_38.jpg,meningioma,Testing,fa33f9de8d1c74be174a82d92e9fccd1,train
data/Testing/meningioma/Te-me_35.jpg,meningioma,Testing,69ed4710b1ade126fbb9593dbd193c0c,train
data/Testing/meningioma/Te-me_19.jpg,meningioma,Testing,b6992e8163d1f767fbd69b56d2409cb4,train
data/Testing/meningioma/Te-aug-me_93.jpg,meningioma,Testing,348bb2e935a1b8c068faeb6e17932d65,test
data/Testing/meningioma/Te-me_88.jpg,meningioma,Testing,b7e4e193e6025e0a7920268b40021fae,test
data/Testing/meningioma/Te-me_121.jpg,meningioma,Testing,b8b8939baceeeb98e037cbbd1c95eef9,train
data/Testing/meningioma/Te-me_79.jpg,meningioma,Testing,2207817846642cffb7fbb580401f2466,val
data/Testing/meningioma/Te-me_1.jpg,meningioma,Testing,c4d331c89213716051a472919d4853c7,val
data/Testing/meningioma/Te-me_281.jpg,meningioma,Testing,b3578fc1e8abd206052719dba0f9aa26,train
data/Testing/meningioma/Te-me_189.jpg,meningioma,Testing,a6162c3080985d2facb932f6c35085df,val
data/Testing/meningioma/Te-me_197.jpg,meningioma,Testing,f201b24df75f7b6ffddc3b281deca220,train
data/Testing/meningioma/Te-aug-me_70.jpg,meningioma,Testing,bafa9dfc5bf76d254f643eea1dc5612b,train
data/Testing/meningioma/Te-me_40.jpg,meningioma,Testing,d329ab4b97e9d4053f52ec36626c6770,test
data/Testing/meningioma/Te-me_126.jpg,meningioma,Testing,20c1850fe4120ddb9fab62b827983520,val
data/Testing/meningioma/Te-me_130.jpg,meningioma,Testing,7983e247139b0735f0af1b4e9a203f5a,train
data/Testing/meningioma/Te-me_205.jpg,meningioma,Testing,dac1c8ccaabc09c4f46399ea3b86d7e9,train
data/Testing/meningioma/Te-aug-me_69.jpg,meningioma,Testing,41f3fe0df178bcad59c01c585ce34548,train
data/Testing/meningioma/Te-me_243.jpg,meningioma,Testing,d716d2ecb500712720e0543a99e1dab6,train
data/Testing/meningioma/Te-me_250.jpg,meningioma,Testing,8ce1af910dc3febedf4d14cee455e8ba,train
data/Testing/meningioma/Te-me_198.jpg,meningioma,Testing,784114ee48882bf1b8b7b92a559da83d,test
data/Testing/meningioma/Te-me_244.jpg,meningioma,Testing,a1f46cb9caf5a930be0c22a227988fb6,train
data/Testing/meningioma/Te-me_213.jpg,meningioma,Testing,27cb4f4301cf6492ebc4a222941c56cc,train
data/Testing/meningioma/Te-me_190.jpg,meningioma,Testing,959b90c3dba0a0b76f670771b7c06407,test
data/Testing/meningioma/Te-me_11.jpg,meningioma,Testing,371333097e45d462b0bec5849772c836,train
data/Testing/meningioma/Te-me_154.jpg,meningioma,Testing,27cdf23df6203088e63f3d15eb2b0329,train
data/Testing/meningioma/Te-me_112.jpg,meningioma,Testing,c5fd82bfcda6e3bff49f20a44701237b,train
data/Testing/meningioma/Te-me_264.jpg,meningioma,Testing,2276a6a5249a57a019336854da5e05f5,train
data/Testing/meningioma/Te-me_158.jpg,meningioma,Testing,045daebe7b27c1e9f232488729611e94,val
data/Testing/meningioma/Te-me_128.jpg,meningioma,Testing,d1f0c7ec9129c33fa186bf774bfda95b,test
data/Testing/meningioma/Te-me_127.jpg,meningioma,Testing,cc0b9529dab778b0b2b9c05fc62d269e,train
data/Testing/meningioma/Te-me_164.jpg,meningioma,Testing,127ed9f4f41d1ef2f7449c6a8ccd9549,train
data/Testing/meningioma/Te-me_16.jpg,meningioma,Testing,72bef722ac68ad5264de6f00e7ff4819,train
data/Testing/meningioma/Te-me_263.jpg,meningioma,Testing,81f714b40f29ab80b8da4695f34d36cd,train
data/Testing/meningioma/Te-me_138.jpg,meningioma,Testing,5389ba5fcde6ddb37b1b779e771ff7e4,test
data/Testing/meningioma/Te-aug-me_19.jpg,meningioma,Testing,c8b05d37d0735fada265e89ad87bf300,test
data/Testing/meningioma/Te-me_179.jpg,meningioma,Testing,784114ee48882bf1b8b7b92a559da83d,test
data/Testing/meningioma/Te-me_42.jpg,meningioma,Testing,eb18a5fc3247036b45d78a653fb69416,train
data/Testing/meningioma/Te-me_111.jpg,meningioma,Testing,ae2ca1bc1c2ba66561a7db9473d10e6f,train
data/Testing/meningioma/Te-me_52.jpg,meningioma,Testing,a4e82ea59005aac574de4c43eac68e17,train
data/Testing/meningioma/Te-me_97.jpg,meningioma,Testing,5625d76e2f360a702222b476b50a9bbc,val
data/Testing/meningioma/Te-me_115.jpg,meningioma,Testing,d9c71ff74c3b13f6b927f55bd032e0ae,train
data/Testing/meningioma/Te-me_102.jpg,meningioma,Testing,78472b59cdc7f9965defe2f2db587c2b,train
data/Testing/meningioma/Te-aug-me_54.jpg,meningioma,Testing,90d5bf753833ae2f27c5532a61be6701,train
data/Testing/meningioma/Te-me_81.jpg,meningioma,Testing,b3ceadb20cb7e53195ba39e9e7c5c1f4,val
data/Testing/meningioma/Te-aug-me_26.jpg,meningioma,Testing,a7290a39eb2a10a2fd16b9bde7beedf6,val
data/Testing/meningioma/Te-aug-me_3.jpg,meningioma,Testing,afa2443cac7587f3d1d1d1eb376bdebd,train
data/Testing/meningioma/Te-aug-me_66.jpg,meningioma,Testing,9e0020d5d944f4a9301768bba3a8025e,test
data/Testing/meningioma/Te-me_176.jpg,meningioma,Testing,37388dc12eb1cc068d0b445997bd1068,train
data/Testing/meningioma/Te-aug-me_95.jpg,meningioma,Testing,2972d0699edbdacbe956d38cb7cf09c5,train
data/Testing/meningioma/Te-me_147.jpg,meningioma,Testing,cdde69fa61cd3e026a90905c776f603e,train
data/Testing/meningioma/Te-me_10.jpg,meningioma,Testing,2600739ac1cf8f2468e293c6de80c8cb,val
data/Testing/meningioma/Te-aug-me_96.jpg,meningioma,Testing,d0933c35c4a4a4c4718d59012ddffd47,test
data/Testing/meningioma/Te-me_165.jpg,meningioma,Testing,2722174027dad9bf77bb7404d7b3a202,test
data/Testing/meningioma/Te-me_131.jpg,meningioma,Testing,2341e0a01e8e81dc866dcbf8d072ada6,test
data/Testing/meningioma/Te-me_7.jpg,meningioma,Testing,0b29f13dd36a395affa11e32e16b9837,train
data/Testing/meningioma/Te-aug-me_31.jpg,meningioma,Testing,a67b050d13b111a58c1697d9af17180e,train
data/Testing/meningioma/Te-me_44.jpg,meningioma,Testing,2e01288333a07b7c23ba86a2cb315ebd,test
data/Testing/meningioma/Te-me_265.jpg,meningioma,Testing,dd452006a5031789caa5d535362fc5c3,train
data/Testing/meningioma/Te-me_34.jpg,meningioma,Testing,2ec457655d8804b187510d81f22ba2f8,train
data/Testing/meningioma/Te-me_287.jpg,meningioma,Testing,b557e94e06e1300381409f77c5130e92,train
data/Testing/meningioma/Te-aug-me_44.jpg,meningioma,Testing,68397433b1fcebeb35313f36a71fa3a0,test
data/Testing/meningioma/Te-me_65.jpg,meningioma,Testing,398efcc5097ff5327cf502139d815794,train
data/Testing/meningioma/Te-me_172.jpg,meningioma,Testing,c62dfb00bf514ffcff7a22e2c2ba0702,train
data/Testing/meningioma/Te-me_286.jpg,meningioma,Testing,eae72b7484675ed56c6bb27e86badfcc,train
data/Testing/meningioma/Te-me_177.jpg,meningioma,Testing,f00068cb2470145f1fefc66e22c0e053,val
data/Testing/meningioma/Te-me_59.jpg,meningioma,Testing,62c6f5354f6b5f6f42bfbd78b0d40974,train
data/Testing/meningioma/Te-me_108.jpg,meningioma,Testing,5675e8cbe18e70d3ee9945d1b1bdef70,train
data/Testing/meningioma/Te-aug-me_18.jpg,meningioma,Testing,dab98e63a30a8ab327301544c6c502ce,val
data/Testing/meningioma/Te-me_110.jpg,meningioma,Testing,54d2cf429cae4530b59b60de5b106489,test
data/Testing/meningioma/Te-me_266.jpg,meningioma,Testing,c7f1fd0acea2454b8129cbd24d51df4a,train
data/Testing/meningioma/Te-me_120.jpg,meningioma,Testing,0605ad8c54286cc5a50acb302bab54bd,train
data/Testing/meningioma/Te-aug-me_77.jpg,meningioma,Testing,6fda67de3d75498ecde9f6cc925cbfcf,test
data/Testing/meningioma/Te-me_144.jpg,meningioma,Testing,cf2a8cf69d87a3c050b029106de94c02,train
data/Testing/meningioma/Te-me_259.jpg,meningioma,Testing,4c67e36324652f87288c193bab9f4ab3,val
data/Testing/meningioma/Te-aug-me_40.jpg,meningioma,Testing,b4fc39806c66662bd7771e458b8e2778,val
data/Testing/meningioma/Te-me_5.jpg,meningioma,Testing,0534a001aafb4e76ab89a6aa6c1d102a,train
data/Testing/meningioma/Te-me_247.jpg,meningioma,Testing,f1ebd77cdff753e93d0e8c27069f7962,test
data/Testing/meningioma/Te-me_133.jpg,meningioma,Testing,91f5c25dfd8bdf12688cddd61ab30c1d,val
data/Testing/meningioma/Te-me_117.jpg,meningioma,Testing,a3973a629b0fd85b0154aff3a1b6bd64,val
data/Testing/meningioma/Te-me_181.jpg,meningioma,Testing,092d01363b402a82a562644ab0277e53,val
data/Testing/meningioma/Te-me_201.jpg,meningioma,Testing,aad0748bf97a9c8d522300e6e8698d14,val
data/Testing/meningioma/Te-aug-me_97.jpg,meningioma,Testing,5790fda361f3968fedb24f63b61285ef,train
data/Testing/meningioma/Te-me_242.jpg,meningioma,Testing,94e59cd387824b3b1081e9e43089551e,test
data/Testing/meningioma/Te-me_207.jpg,meningioma,Testing,aef138178c9d6f2ffac6afbdaece6b45,train
data/Testing/meningioma/Te-me_12.jpg,meningioma,Testing,f2dde2ec95b92af3977374fb7b0113fa,test
data/Testing/meningioma/Te-me_27.jpg,meningioma,Testing,a83e382c29b43ee71b64cbfed7977481,train
data/Testing/meningioma/Te-me_38.jpg,meningioma,Testing,206ae76dee6c50a55fea727c27715a10,train
data/Testing/meningioma/Te-aug-me_81.jpg,meningioma,Testing,8079c23eb537237ffd2c1125819f48a7,train
data/Testing/meningioma/Te-me_226.jpg,meningioma,Testing,6621eb07cfb95a33cb7d977cbc33e34e,train
data/Testing/meningioma/Te-me_161.jpg,meningioma,Testing,1a8332f0b5574539a6492b0afdb9dd7f,train
data/Testing/meningioma/Te-me_2.jpg,meningioma,Testing,7c34c80d6b461dcae7ff08efa557bb94,train
data/Testing/meningioma/Te-me_91.jpg,meningioma,Testing,d8a815bf42fec982c7ea475ab08f0d65,val
data/Testing/meningioma/Te-me_274.jpg,meningioma,Testing,8cc3b9ebd30f8cdbacb183b34a0969a1,train
data/Testing/meningioma/Te-me_200.jpg,meningioma,Testing,3f3e0d31e4266e721e307481006f227b,test
data/Testing/meningioma/Te-aug-me_53.jpg,meningioma,Testing,3640defbc99dfe92096630789b17e205,train
data/Testing/meningioma/Te-me_188.jpg,meningioma,Testing,98a9b80635de521f29035af5a67ec44e,train
data/Testing/meningioma/Te-me_140.jpg,meningioma,Testing,0196ecac44116396ed72936661a80982,val
data/Testing/meningioma/Te-me_60.jpg,meningioma,Testing,8a27d1e1347419a1a99e5e99923c0e0d,train
data/Testing/meningioma/Te-me_240.jpg,meningioma,Testing,54c15c34c2a09686fa4d14bd3db8c4c9,train
data/Testing/meningioma/Te-me_251.jpg,meningioma,Testing,9ee3b8c7b91fb305d13ad59e373b1beb,train
data/Testing/meningioma/Te-aug-me_75.jpg,meningioma,Testing,13c724d09770bc9d9af30b48c87fcf4d,train
data/Testing/meningioma/Te-me_295.jpg,meningioma,Testing,731e05a0bab32f2ba3f699627f2f5c7e,train
data/Testing/meningioma/Te-aug-me_16.jpg,meningioma,Testing,eb317008de056d6fa3d6b5fbeaa29cfe,test
data/Testing/meningioma/Te-aug-me_43.jpg,meningioma,Testing,86e1ba2b5d7e86a7d740b5469254236d,train
data/Testing/meningioma/Te-me_90.jpg,meningioma,Testing,54e0392bfd8920a6632a19b74abf4d4f,train
data/Testing/meningioma/Te-aug-me_30.jpg,meningioma,Testing,2aa10c2e7e23cc132a568d259f6caa6e,train
data/Testing/meningioma/Te-aug-me_82.jpg,meningioma,Testing,493ba30492d7a423f444d48f10756bf6,train
data/Testing/meningioma/Te-me_87.jpg,meningioma,Testing,eedd323307264e66a9512575368da79f,train
data/Testing/meningioma/Te-me_21.jpg,meningioma,Testing,5b568e18904f1d7c6724dde0ebda97ca,train
data/Testing/meningioma/Te-me_234.jpg,meningioma,Testing,af3b8492373b16b0e8b588a0dce1251d,test
data/Testing/meningioma/Te-me_212.jpg,meningioma,Testing,ec53df0cdc6b970a78f8dc17dcbf116f,train
data/Testing/meningioma/Te-me_293.jpg,meningioma,Testing,0f26de79b70825491dbee38f846274fd,val
data/Testing/meningioma/Te-me_253.jpg,meningioma,Testing,0dcc02bf2fb5ade6be4b72a0435c41f1,train
data/Testing/meningioma/Te-aug-me_47.jpg,meningioma,Testing,bc9577e224d93120ea2a41ff5fafdd2e,train
data/Testing/meningioma/Te-aug-me_49.jpg,meningioma,Testing,1be7d3c47442ae0b29f9edc89930992d,train
data/Testing/meningioma/Te-me_238.jpg,meningioma,Testing,ae1e051ae98f802c9e173581179a2b5a,train
data/Testing/meningioma/Te-aug-me_45.jpg,meningioma,Testing,b92e12ecee314488ae7d46017af535d4,train
data/Testing/meningioma/Te-me_191.jpg,meningioma,Testing,4cbee60044bd85141fedabe089994e1e,train
data/Testing/meningioma/Te-me_278.jpg,meningioma,Testing,18f6a0abfb7659f5dc8906581dc6dd80,train
data/Testing/meningioma/Te-me_279.jpg,meningioma,Testing,6543089edbf0e3d276cbf2fcc9ba9d01,train
data/Testing/meningioma/Te-me_82.jpg,meningioma,Testing,58a46c881aeeeb5f7e3b1433e9712df3,train
data/Testing/meningioma/Te-me_74.jpg,meningioma,Testing,e47ee4a9dd1982c8a15f22b765578446,train
data/Testing/meningioma/Te-me_203.jpg,meningioma,Testing,d9e4fb1d4d1f8b23dc300ab846cff7dc,train
data/Testing/meningioma/Te-aug-me_11.jpg,meningioma,Testing,f17584a12d1cad5837a825fd9cced1b0,test
data/Testing/meningioma/Te-me_291.jpg,meningioma,Testing,b5bcc70f15633cbeb176f82922c75eeb,test
data/Testing/meningioma/Te-aug-me_1.jpg,meningioma,Testing,26f10c9f13020ecf73d4943940094ff2,val
data/Testing/meningioma/Te-me_239.jpg,meningioma,Testing,ee5b5033e97ed35ee6ed688ff94eb532,val
data/Testing/meningioma/Te-me_195.jpg,meningioma,Testing,0a27d241249189b8f192f4b6c212e3e9,train
data/Testing/meningioma/Te-me_174.jpg,meningioma,Testing,9b906bc8208252d9ec41963b95dc7608,train
data/Testing/meningioma/Te-me_257.jpg,meningioma,Testing,825479d06b59b10cfa9619316e130f48,train
data/Testing/meningioma/Te-me_56.jpg,meningioma,Testing,3c7b45f533cd11c1ea53300bfaef2993,train
data/Testing/meningioma/Te-me_267.jpg,meningioma,Testing,b6d17b1223825b8afb51d277ccabfa68,train
data/Testing/meningioma/Te-me_173.jpg,meningioma,Testing,a9574ef582dabd7fe765d874d73fedb5,val
data/Testing/meningioma/Te-me_215.jpg,meningioma,Testing,b9319da362e02fc8bf77d1c19632b3b4,train
data/Testing/meningioma/Te-me_114.jpg,meningioma,Testing,9a0b4d6452a82815c032988f385fb802,train
data/Testing/meningioma/Te-aug-me_102.jpg,meningioma,Testing,3854d262bfd3d1069edb779e56faa081,train
data/Testing/meningioma/Te-me_192.jpg,meningioma,Testing,f50429d507ade0024abaaafdec9be3c3,train
data/Testing/meningioma/Te-me_22.jpg,meningioma,Testing,2ac4b6c2fdf26922bd181e97369ea170,train
data/Testing/meningioma/Te-aug-me_71.jpg,meningioma,Testing,a313a3505d13691f17b66a125ae1c40a,train
data/Testing/meningioma/Te-aug-me_14.jpg,meningioma,Testing,d599925e6a224442cae6bcaa37e4408f,train
data/Testing/meningioma/Te-me_258.jpg,meningioma,Testing,fc2b786b8ab434cfaa3e5c17e72248b2,val
data/Testing/meningioma/Te-me_132.jpg,meningioma,Testing,6208068a7b2fd245f215a111589512a1,train
data/Testing/meningioma/Te-me_224.jpg,meningioma,Testing,e1144e2888f019d23dc4be3df9e65d51,train
data/Testing/meningioma/Te-me_116.jpg,meningioma,Testing,698ac9e379771e54f2dd985b1d58f8dd,train
data/Testing/meningioma/Te-me_32.jpg,meningioma,Testing,1a313589bc6dab247063dce04c5f24d7,train
data/Testing/meningioma/Te-me_231.jpg,meningioma,Testing,0136984b127d6f451c97a1c715d0246b,train
data/Testing/meningioma/Te-me_58.jpg,meningioma,Testing,2df8eb7999954f12f39f9c2abbfe1052,train
data/Testing/meningioma/Te-aug-me_72.jpg,meningioma,Testing,db9b73027cdf3ddd00488425215115d8,train
data/Testing/meningioma/Te-me_134.jpg,meningioma,Testing,95e0e412245cd2c822f8027da35608ee,train
data/Testing/meningioma/Te-me_146.jpg,meningioma,Testing,af13ba9a4dbef9086a53ac88f7fbab25,test
data/Testing/meningioma/Te-aug-me_17.jpg,meningioma,Testing,db3399e3fb893f472229307e877973e8,train
data/Testing/meningioma/Te-aug-me_2.jpg,meningioma,Testing,c184174bd90310e62d2e045983f8c057,train
data/Testing/meningioma/Te-aug-me_42.jpg,meningioma,Testing,5bbc16a31ad959f37342afa117e9cff3,train
data/Testing/meningioma/Te-me_41.jpg,meningioma,Testing,47fd3bea75c015e610f1acadb7fe9734,train
data/Testing/meningioma/Te-aug-me_86.jpg,meningioma,Testing,f2abb59380c78e1793b6fb616dca4af8,train
data/Testing/meningioma/Te-aug-me_32.jpg,meningioma,Testing,05699082c27f2654e682b625263e9763,train
data/Testing/meningioma/Te-aug-me_65.jpg,meningioma,Testing,5a9da9c7951c0e8bfeb9541a9fe22ed9,test
data/Testing/meningioma/Te-aug-me_63.jpg,meningioma,Testing,7d470a187a18cda2690d1327ab8632a7,train
data/Testing/meningioma/Te-me_80.jpg,meningioma,Testing,fc2e69c2f4a1b55ed409a552a5c2be55,train
data/Testing/meningioma/Te-aug-me_73.jpg,meningioma,Testing,a57f65d33c85f7213d49945b82b096ed,train
data/Testing/meningioma/Te-me_255.jpg,meningioma,Testing,6d70d19354ed8f613828290bbe1d12c2,val
data/Testing/meningioma/Te-me_186.jpg,meningioma,Testing,972648666ca7aa511e22c1e1b0f6599a,train
data/Testing/meningioma/Te-aug-me_88.jpg,meningioma,Testing,6b30cf9a8ad5df005524ee7f14ff4c0d,train
data/Testing/meningioma/Te-me_23.jpg,meningioma,Testing,618b6696c0f6c0cd625fee8ddc1567ba,train
data/Testing/meningioma/Te-me_142.jpg,meningioma,Testing,a72ec02e208d181ec9722c706bdcc48d,train
data/Testing/meningioma/Te-me_36.jpg,meningioma,Testing,4f1ce2ab263221ce08b65f4051b13c04,train
data/Testing/meningioma/Te-me_50.jpg,meningioma,Testing,799fb19ff1a3e59118b5bc49e58fb5ce,train
data/Testing/meningioma/Te-aug-me_99.jpg,meningioma,Testing,3f6b9521ea56ed414517b6c452e9e9d2,train
data/Testing/meningioma/Te-me_260.jpg,meningioma,Testing,6af12a03bdaa2d749dfa170bff46c5cc,train
data/Testing/meningioma/Te-me_241.jpg,meningioma,Testing,770772e6c518d518fc0c73b0a97cb425,test
data/Testing/meningioma/Te-aug-me_9.jpg,meningioma,Testing,b812df57b43baddf927415d71f732502,val
data/Testing/meningioma/Te-me_284.jpg,meningioma,Testing,838413df979141eeb13956a6e96f7598,train
data/Testing/meningioma/Te-me_43.jpg,meningioma,Testing,15498664913078924a9bd70cad4428b5,train
data/Testing/meningioma/Te-me_270.jpg,meningioma,Testing,ec15943878197cdeab13e9417bead5cf,test
data/Testing/meningioma/Te-me_289.jpg,meningioma,Testing,bee2027833fddbcb8f5c4365a545018a,train
data/Testing/meningioma/Te-me_223.jpg,meningioma,Testing,4935e943a00e5a3e92279825ffbc67ab,test
data/Testing/meningioma/Te-me_262.jpg,meningioma,Testing,75bd377d32c720c13faaf976ed26f0eb,test
data/Testing/meningioma/Te-me_136.jpg,meningioma,Testing,51cb08f062d359171b374960405d6d3f,train
data/Testing/meningioma/Te-aug-me_34.jpg,meningioma,Testing,d80d1fb72aee5acbe4e5c91d1445bd28,train
data/Testing/meningioma/Te-me_24.jpg,meningioma,Testing,32413ecd4a49730b545980cab1893e59,train
data/Testing/meningioma/Te-me_71.jpg,meningioma,Testing,96ac987bd37f7db4655ce8c3db0fbed1,train
data/Testing/meningioma/Te-aug-me_4.jpg,meningioma,Testing,ff241b7b5761880cba92b2848eb04fd3,train
data/Testing/meningioma/Te-me_218.jpg,meningioma,Testing,4511fa054fe9b605d3d8425db586eac4,train
data/Testing/meningioma/Te-aug-me_27.jpg,meningioma,Testing,304b9ce586279ee6f599f6fde4aec436,test
data/Testing/meningioma/Te-aug-me_76.jpg,meningioma,Testing,3440f191cc66597fcf8c41b31d40a1fe,val
data/Testing/meningioma/Te-me_6.jpg,meningioma,Testing,ad831ad6257f07805545b6e7bbc12240,train
data/Testing/meningioma/Te-aug-me_35.jpg,meningioma,Testing,016b484892cddc0b955a50f91a183913,test
data/Testing/meningioma/Te-me_45.jpg,meningioma,Testing,6d6c9585464724be8ab0183e2c069635,val
data/Testing/meningioma/Te-me_233.jpg,meningioma,Testing,5bc44774aff18a7e3233adc3549e82fc,train
data/Testing/meningioma/Te-me_54.jpg,meningioma,Testing,120b95f9440df0c22deddca026d2e3c3,val
data/Testing/meningioma/Te-me_149.jpg,meningioma,Testing,97a796f73a374f89e520bf5c48cc1134,train
data/Testing/meningioma/Te-me_70.jpg,meningioma,Testing,1db456ea3c66dc2f1856226065b601e6,train
data/Testing/meningioma/Te-me_236.jpg,meningioma,Testing,7c6b37c6ad1d7605ad5d2d080658f6b2,train
data/Testing/meningioma/Te-me_123.jpg,meningioma,Testing,18f356d84470261dd0e21a9dcbf4aced,train
data/Testing/meningioma/Te-aug-me_23.jpg,meningioma,Testing,21f64ff30f6b3647a96239836b2bc60c,test
data/Testing/meningioma/Te-me_109.jpg,meningioma,Testing,a846583cd8dcb5b03d33354264fc7fa2,train
data/Testing/meningioma/Te-aug-me_39.jpg,meningioma,Testing,d2f5f5ca3c4b6560e72717d8ff126b6d,test
data/Testing/meningioma/Te-me_159.jpg,meningioma,Testing,81769c8837f28cf28cf2ff338a0694fb,train
data/Testing/meningioma/Te-aug-me_62.jpg,meningioma,Testing,0932329c59f5f7a04d405647183e1926,train
data/Testing/meningioma/Te-me_61.jpg,meningioma,Testing,8417c2f0f4eab1abd06eb4ad05fa366f,train
data/Testing/meningioma/Te-aug-me_89.jpg,meningioma,Testing,b44dc9f9958006b5a7ba54bf67c8f336,val
data/Testing/meningioma/Te-me_93.jpg,meningioma,Testing,c4c46b505a3367f58d121728114bf5ac,test
data/Testing/meningioma/Te-me_85.jpg,meningioma,Testing,f4268a57902569931009056a303c3fd7,train
data/Testing/meningioma/Te-aug-me_68.jpg,meningioma,Testing,c752099ceade4f61993b582a47160a34,test
data/Testing/meningioma/Te-me_171.jpg,meningioma,Testing,cd7a527c0ff647e58da7f40721c5225d,train
data/Testing/meningioma/Te-me_139.jpg,meningioma,Testing,93ec5a9519784fb2e49a5c5d8eae27e0,val
data/Testing/meningioma/Te-me_187.jpg,meningioma,Testing,073f7bbbd11d3bb3da8c1f61c1b9a3b4,train
data/Testing/meningioma/Te-me_49.jpg,meningioma,Testing,08163fcac04a6486aaa11dc51a6be9ec,train
data/Testing/meningioma/Te-me_55.jpg,meningioma,Testing,5d21662c80c8601ebb06f51d8eb4ee7c,train
data/Testing/meningioma/Te-me_232.jpg,meningioma,Testing,444c5b8b396413d517370bef070f4f27,test
data/Testing/meningioma/Te-me_105.jpg,meningioma,Testing,75d4688fafa7d9c98e51f8f699d2c821,train
data/Testing/meningioma/Te-aug-me_5.jpg,meningioma,Testing,bdf9ead9aad98e041aed4b415e5e7b91,train
data/Testing/meningioma/Te-me_29.jpg,meningioma,Testing,f3ba1217a76a44d1004221ca39b5359d,test
data/Testing/meningioma/Te-me_66.jpg,meningioma,Testing,89aedfdaf29cdb2140125a18c968fab8,train
data/Testing/meningioma/Te-aug-me_78.jpg,meningioma,Testing,3e7495deb4bc89ed8c844eb59831254c,test
data/Testing/meningioma/Te-me_261.jpg,meningioma,Testing,46d52527679789ba9af3f22a8999e498,test
data/Testing/meningioma/Te-me_184.jpg,meningioma,Testing,cc65264e5bf20c42e117fd1faa9dc60d,val
data/Testing/meningioma/Te-me_208.jpg,meningioma,Testing,b8d8905e2f5f4e6615f4544f2de268d2,train
data/Testing/meningioma/Te-aug-me_33.jpg,meningioma,Testing,b7b2ab09eb1fd52cf452aef9357bbdf7,train
data/Testing/meningioma/Te-me_217.jpg,meningioma,Testing,512af359ba9dbf3a78cd1fa9a9d09d9e,train
data/Testing/meningioma/Te-me_62.jpg,meningioma,Testing,5330e7aae0a6daa2ffdc6460e9cd5a80,train
data/Testing/meningioma/Te-me_148.jpg,meningioma,Testing,8f7120fb2be1bb842cc4241e53e43d0b,test
data/Testing/meningioma/Te-me_249.jpg,meningioma,Testing,bea090ebec41130b9a45f637bf29d21d,train
data/Testing/meningioma/Te-me_53.jpg,meningioma,Testing,e35bbd6102893c8e18c779365d10cc2c,val
data/Testing/meningioma/Te-me_185.jpg,meningioma,Testing,f171eef662099d2807a1cf017eb2eef7,test
data/Testing/meningioma/Te-me_151.jpg,meningioma,Testing,23df2e36338f507a4f02d5cf46f0e7e1,train
data/Testing/meningioma/Te-aug-me_48.jpg,meningioma,Testing,5d468c61203d4b68deaececa40122817,train
data/Testing/meningioma/Te-me_25.jpg,meningioma,Testing,85d5643128ef0dffcf159cc560ca5097,train
data/Testing/meningioma/Te-me_92.jpg,meningioma,Testing,0b352097c1877c77f03eaeffb9ad515b,val
data/Testing/meningioma/Te-me_129.jpg,meningioma,Testing,e7f1a539df2e31242e1fc94c5203d361,test
data/Testing/meningioma/Te-me_202.jpg,meningioma,Testing,fda352e653c09a39684498afc911bdbd,train
data/Testing/meningioma/Te-me_57.jpg,meningioma,Testing,bfe876f0801fe08fc7c7018523161180,train
data/Testing/meningioma/Te-me_237.jpg,meningioma,Testing,11cbc43b4c39fa341a9f0be0f29538da,val
data/Testing/meningioma/Te-me_118.jpg,meningioma,Testing,8170d38af5de15575584a57d35100db3,train
data/Testing/meningioma/Te-me_296.jpg,meningioma,Testing,1b41a074438c1691ea8fccffece6858d,train
data/Testing/meningioma/Te-me_219.jpg,meningioma,Testing,9f8642ada59033429668c701b17b04aa,train
data/Testing/meningioma/Te-me_220.jpg,meningioma,Testing,10b2be779c73a28d177cccdaf6835e45,train
data/Testing/meningioma/Te-aug-me_90.jpg,meningioma,Testing,d93c1524211be3d0536b43a3d2d5a9a5,train
data/Testing/meningioma/Te-aug-me_58.jpg,meningioma,Testing,16a78e6b091a63669cc1d49fabe19bbd,train
data/Testing/meningioma/Te-me_73.jpg,meningioma,Testing,61b5f6df57471dd3ce6f98e83248ff27,train
data/Testing/meningioma/Te-me_157.jpg,meningioma,Testing,40e9c971c6b61e35d2babd756231721f,train
data/Testing/meningioma/Te-me_122.jpg,meningioma,Testing,2c902aedae1cd9d9fdce1ea4abc221ea,train
data/Testing/meningioma/Te-aug-me_92.jpg,meningioma,Testing,00657af3e9cf9f038cfa9aef55e8e453,val
data/Testing/meningioma/Te-aug-me_79.jpg,meningioma,Testing,6230a8f827ecd20b4c41273cc591c7ed,train
data/Testing/meningioma/Te-me_166.jpg,meningioma,Testing,0b7ef2f12d829317e126426bfa5f1e18,train
data/Testing/meningioma/Te-me_13.jpg,meningioma,Testing,eb0c03c782cdd3ff0ac2dd5818957f64,train
data/Testing/meningioma/Te-me_141.jpg,meningioma,Testing,a9e7f5831ad5b3812c8e1130125d84e6,train
data/Testing/meningioma/Te-me_152.jpg,meningioma,Testing,af52eb2639ea52806698014be8019abb,train
data/Testing/meningioma/Te-aug-me_50.jpg,meningioma,Testing,baad9bf6980c14c64443c7c70c6a36f3,train
data/Testing/meningioma/Te-me_125.jpg,meningioma,Testing,d82026ce4e94b96cfa7d39fd6bbb928a,test
data/Testing/meningioma/Te-me_209.jpg,meningioma,Testing,331f73f01ab2b242ab2db3a055aeabba,train
data/Testing/meningioma/Te-me_275.jpg,meningioma,Testing,81649ccbb42d043848c18ca869688c92,train
data/Testing/meningioma/Te-me_119.jpg,meningioma,Testing,0cff8faaf70273b0199a81690dede112,train
data/Testing/meningioma/Te-aug-me_22.jpg,meningioma,Testing,c75100fb28384d4cfc22dbf64fb68d78,train
data/Testing/meningioma/Te-aug-me_61.jpg,meningioma,Testing,19654cd44e444e5d878f7030e2f98c70,train
data/Testing/meningioma/Te-me_204.jpg,meningioma,Testing,23ba8e6ad97f792bd49752d8f0808ca2,train
data/Testing/meningioma/Te-aug-me_46.jpg,meningioma,Testing,5890f35b4eef037d22d0c40ce9b9a397,train
data/Testing/meningioma/Te-me_37.jpg,meningioma,Testing,2031c3c22938cfb34f0d30579c076baf,train
data/Testing/meningioma/Te-me_170.jpg,meningioma,Testing,7c505cc4f59a6f1e88ffd442c652556c,test
data/Testing/meningioma/Te-me_178.jpg,meningioma,Testing,758a10c01dec3e84cb258c5f2ad5d777,train
data/Testing/meningioma/Te-me_222.jpg,meningioma,Testing,cb146c652ccc84e95679fba5f5a099d7,test
data/Testing/meningioma/Te-aug-me_37.jpg,meningioma,Testing,3af247fb22f96f6b5fcaae7f17e98537,val
data/Testing/meningioma/Te-aug-me_24.jpg,meningioma,Testing,d9e71d1cb935799f9699af4104f0ffac,train
data/Testing/meningioma/Te-aug-me_67.jpg,meningioma,Testing,427affa1cfa7dc7b8bb10851db4f394a,train
data/Testing/meningioma/Te-me_169.jpg,meningioma,Testing,5f2a073b883f4945549a85300fce9bf7,test
data/Testing/meningioma/Te-me_143.jpg,meningioma,Testing,f4b922cc4027c0f3903d2bbe4e92bede,train
data/Testing/meningioma/Te-me_294.jpg,meningioma,Testing,6f1df61d932b4ff03dacaec4d925ae7f,train
data/Testing/meningioma/Te-me_160.jpg,meningioma,Testing,c8263aff9a16e57d60e723e50be34001,test
data/Testing/meningioma/Te-me_210.jpg,meningioma,Testing,e584adc3018b562b35748516f95e1654,test
data/Testing/meningioma/Te-aug-me_10.jpg,meningioma,Testing,4dd1bb1c2f227dda030c8474c79c1c14,train
data/Testing/meningioma/Te-me_150.jpg,meningioma,Testing,f0baa5dd478fce7d8da17f4d394c4b44,train
data/Testing/meningioma/Te-me_297.jpg,meningioma,Testing,4d9682135a9091f0e46710846b0e739d,val
data/Testing/meningioma/Te-me_98.jpg,meningioma,Testing,ad77da976589f3266cc95090bd6d6725,train
data/Testing/meningioma/Te-me_63.jpg,meningioma,Testing,d2867131b0f2852470d4ae39949bb15b,train
data/Testing/meningioma/Te-me_28.jpg,meningioma,Testing,201bf66f12534eb4fffb29a445c44d6b,train
data/Testing/meningioma/Te-me_69.jpg,meningioma,Testing,e5833478093b36b371d38ce1230c55b9,val
data/Testing/meningioma/Te-me_292.jpg,meningioma,Testing,e7d2d5b100e6bf037d19ac3c601f39f9,val
data/Testing/meningioma/Te-me_99.jpg,meningioma,Testing,b278dcf714a4e3b12761486a923c4da1,train
data/Testing/meningioma/Te-me_77.jpg,meningioma,Testing,f07743dc0af78afc9d34854314a4b6d3,train
data/Testing/meningioma/Te-me_196.jpg,meningioma,Testing,5c34d3eeda52c5cbc72141a511ba161a,train
data/Testing/meningioma/Te-me_67.jpg,meningioma,Testing,dc8a2c49fa085dcebe2cd3b8c01067a6,val
data/Testing/meningioma/Te-me_8.jpg,meningioma,Testing,2576171aacea0dd809125a0b2514e1f1,train
data/Testing/meningioma/Te-me_248.jpg,meningioma,Testing,ea6c5f6c778375c51f39b1aeac47fdcd,test
data/Testing/meningioma/Te-me_268.jpg,meningioma,Testing,012f96bc1709df841a7870fd18e1a442,train
data/Testing/meningioma/Te-me_282.jpg,meningioma,Testing,4ff6fb51c156b4be2b16b4d91ca63838,val
data/Testing/meningioma/Te-aug-me_56.jpg,meningioma,Testing,cd391f6c48d24854098551f4dc165620,train
data/Testing/meningioma/Te-aug-me_7.jpg,meningioma,Testing,c7eb8f855d434f29c8253b49c94ab6ea,train
data/Testing/meningioma/Te-me_46.jpg,meningioma,Testing,0676505f97717bf144972eb1224582cf,train
data/Testing/meningioma/Te-me_86.jpg,meningioma,Testing,74c64f712a0dd6ac508946ce2679ee8c,train
data/Testing/meningioma/Te-me_107.jpg,meningioma,Testing,69af1feff6a1fee339abe180a60520ce,train
data/Testing/meningioma/Te-me_245.jpg,meningioma,Testing,7eb2ad5cc72684f84ca57f1d48a53056,train
data/Testing/meningioma/Te-me_283.jpg,meningioma,Testing,540fd832de383d810910fd39d5a4d75b,train
data/Testing/meningioma/Te-me_254.jpg,meningioma,Testing,53deeef3904be53cd8e6b853a3adac8e,test
data/Testing/meningioma/Te-me_180.jpg,meningioma,Testing,cf968a5cb24ff463610a1c4d65206f70,test
data/Testing/meningioma/Te-aug-me_51.jpg,meningioma,Testing,090d6f7b422ff6bfcb23105feef7942b,train
data/Testing/meningioma/Te-me_290.jpg,meningioma,Testing,b3fb2d5d531a658a4b2b8cb174420d99,val
data/Testing/meningioma/Te-me_183.jpg,meningioma,Testing,b228ac36783562674dd3576f85bc3b28,train
data/Testing/meningioma/Te-me_104.jpg,meningioma,Testing,9fd8a6e107cd64d8624acb7659f550ee,train
data/Testing/meningioma/Te-me_101.jpg,meningioma,Testing,eb40381e0195cb12ab74038cb49d2a00,test
data/Testing/meningioma/Te-aug-me_91.jpg,meningioma,Testing,ed13386d06bd6c75643bb4d0517fdf98,test
data/Testing/meningioma/Te-aug-me_60.jpg,meningioma,Testing,84e0c24afa19d03ef835c5715fd47cdf,train
data/Testing/meningioma/Te-me_17.jpg,meningioma,Testing,971f259493ae1b05993aeeb80d213f7d,val
data/Testing/meningioma/Te-me_193.jpg,meningioma,Testing,7a1cc730f2171ea6b87ea285c4b81923,train
data/Testing/meningioma/Te-me_31.jpg,meningioma,Testing,0d2a156b417ad63fcdf241902ce6ff08,train
data/Testing/meningioma/Te-aug-me_52.jpg,meningioma,Testing,45af20bbf38a52ade5e5c190e19d93e5,train
data/Testing/meningioma/Te-aug-me_100.jpg,meningioma,Testing,4a710ed586667d8a4ef4a79a8f5eb1c2,train
data/Testing/meningioma/Te-aug-me_87.jpg,meningioma,Testing,d045b1bacf22a8b1e6e3236bc265f7fd,train
data/Testing/meningioma/Te-me_84.jpg,meningioma,Testing,94d174385819092fbca7f63682039ab8,val
data/Testing/meningioma/Te-me_89.jpg,meningioma,Testing,a258600fedb2bf186fabd68345a9ed75,train
data/Testing/meningioma/Te-me_277.jpg,meningioma,Testing,547a39e07fa9106ad457297f585757ca,val
data/Testing/meningioma/Te-me_153.jpg,meningioma,Testing,7f1ea37a291602ddaf787de1d39718fb,train
data/Testing/meningioma/Te-me_230.jpg,meningioma,Testing,1ddae239d4ceca1deb3fb3faf826d931,train
data/Testing/meningioma/Te-aug-me_36.jpg,meningioma,Testing,a9a17affeaec098a8d4e1b28e512f61a,val
data/Testing/meningioma/Te-me_273.jpg,meningioma,Testing,fc0f405e974e458327368053864c83d6,train
data/Testing/meningioma/Te-me_94.jpg,meningioma,Testing,62b97a5456e77e07af3d431061baf922,train
data/Testing/meningioma/Te-me_39.jpg,meningioma,Testing,37839bc77d5fdbccd6af4dbcc0b7941c,test
data/Testing/meningioma/Te-aug-me_83.jpg,meningioma,Testing,acd352f1e1c2c102acb2eb23cad4140b,train
data/Testing/meningioma/Te-me_64.jpg,meningioma,Testing,95060a6ec2ef8e87037ad1e9fafbe4e0,val
data/Testing/meningioma/Te-me_182.jpg,meningioma,Testing,8f954e10bb9cf2b5027d9da1a8509f81,val
data/Testing/meningioma/Te-me_156.jpg,meningioma,Testing,dea2cd6ac6bdac387165e8ed45e7b865,train
data/Testing/meningioma/Te-me_269.jpg,meningioma,Testing,1a45468c64a3ada7ec628df185051a22,train
data/Testing/meningioma/Te-aug-me_94.jpg,meningioma,Testing,1a08e9852922dfb857fed83a8b869a2f,train
data/Testing/meningioma/Te-me_33.jpg,meningioma,Testing,9c84bb5fa075f1615e9627d095e07622,val
data/Testing/meningioma/Te-me_20.jpg,meningioma,Testing,25fcbb0c5a060b02ceac6877d28287ce,test
data/Testing/meningioma/Te-me_271.jpg,meningioma,Testing,84df430bb5b48dc568fc27fb971596cb,train
data/Testing/meningioma/Te-me_216.jpg,meningioma,Testing,1deb3cdef5cb3c00e565d74372a7cf44,val
data/Testing/meningioma/Te-aug-me_28.jpg,meningioma,Testing,a9f59bbdc4f9b0bb9326b82873ad8604,train
data/Testing/meningioma/Te-me_276.jpg,meningioma,Testing,e7f8b153d32ec0d002ef801f38708b4c,train
data/Testing/meningioma/Te-me_252.jpg,meningioma,Testing,6d474f1026ba5b0ed45e03d6e3901ec0,train
data/Testing/notumor/Te-no_9.jpg,notumor,Testing,f6413f8a15c11082d9d1d67a2643c6d8,train
data/Testing/notumor/Te-no_288.jpg,notumor,Testing,9d99ba510d3438f6eda840b1dfaf3dac,val
data/Testing/notumor/Te-no_213.jpg,notumor,Testing,1ddeee7e546dfa3003255a800a489d63,train
data/Testing/notumor/Te-no_392.jpg,notumor,Testing,37093c43fe483f747604245cbc29e69c,test
data/Testing/notumor/Te-no_104.jpg,notumor,Testing,4e1876e6dff89de8205aa7e0eccdf21d,train
data/Testing/notumor/Te-no_6.jpg,notumor,Testing,ba2bf29637bb0f154275738a36e82218,train
data/Testing/notumor/Te-no_148.jpg,notumor,Testing,51dc74e66c8a101dab6129780216e65c,val
data/Testing/notumor/Te-no_28.jpg,notumor,Testing,75876c212e0be42d92eaa62568a40032,train
data/Testing/notumor/Te-no_359.jpg,notumor,Testing,a63ac9a31d3f25a8ba1506f9cbbc027e,test
data/Testing/notumor/Te-no_180.jpg,notumor,Testing,0403829ce77f78b963d6b644f9bd0a9d,train
data/Testing/notumor/Te-no_97.jpg,notumor,Testing,22585444511f94a755842dc081293ab5,val
data/Testing/notumor/Te-no_27.jpg,notumor,Testing,7b91c39b9dad5edfc81871dc4daf4068,train
data/Testing/notumor/Te-no_26.jpg,notumor,Testing,7f96089f52715e573674d5c08964feee,train
data/Testing/notumor/Te-no_77.jpg,notumor,Testing,91d6d24a1a59351d45c0080930062574,train
data/Testing/notumor/Te-no_70.jpg,notumor,Testing,6ae86ffc17074023178758827fa0c8f1,train
data/Testing/notumor/Te-no_165.jpg,notumor,Testing,4821c544b0e50f66e207e20672030b33,train
data/Testing/notumor/Te-no_199.jpg,notumor,Testing,a53d23be867fbfa4509087d31820c14e,train
data/Testing/notumor/Te-no_368.jpg,notumor,Testing,1873622a744c055655c961251ebb9694,train
data/Testing/notumor/Te-no_251.jpg,notumor,Testing,60dec7adda3ca9d328ab428349604576,val
data/Testing/notumor/Te-no_125.jpg,notumor,Testing,688e7c76335a3fe059afbf86c636f2d0,train
data/Testing/notumor/Te-no_156.jpg,notumor,Testing,400fd96d00fc4d5fb4e0d7a8db9f6fbb,val
data/Testing/notumor/Te-no_101.jpg,notumor,Testing,ba19e6ed946fcde76ddbe2cb73275fc2,train
data/Testing/notumor/Te-no_265.jpg,notumor,Testing,9d2db0d280ef098c73ae9e421b862d00,train
data/Testing/notumor/Te-no_74.jpg,notumor,Testing,7944fbb7dd13e851b687b90e230a2976,train
data/Testing/notumor/Te-no_371.jpg,notumor,Testing,5aa6cabab77a9c8ab1b1bf53b4cce6f3,train
data/Testing/notumor/Te-no_193.jpg,notumor,Testing,ee9dc312848f67650ec3f20ba1cb2058,train
data/Testing/notumor/Te-no_291.jpg,notumor,Testing,192ca3501f1adda8e10d06a17b2b4a86,train
data/Testing/notumor/Te-no_42.jpg,notumor,Testing,fd9de4c6f6a7a3e835819ed355758328,val
data/Testing/notumor/Te-no_294.jpg,notumor,Testing,5fed330cbdc0fab890a431995c01e4ec,train
data/Testing/notumor/Te-no_229.jpg,notumor,Testing,b555477c9362d4f3ca33a90a22c7618d,train
data/Testing/notumor/Te-no_303.jpg,notumor,Testing,e03db20d5df487d520223d6a4c1b5d00,train
data/Testing/notumor/Te-no_369.jpg,notumor,Testing,5f5ee3bafde2d405383ac5139468f5f2,train
data/Testing/notumor/Te-no_116.jpg,notumor,Testing,8e4f0086f906bec7f33b690117b56330,train
data/Testing/notumor/Te-no_321.jpg,notumor,Testing,d2287f359692e784685872b2d444f367,train
data/Testing/notumor/Te-no_276.jpg,notumor,Testing,77eeda09a8046c004c960b9ab7021a83,train
data/Testing/notumor/Te-no_341.jpg,notumor,Testing,902c019c63fff4b9c921455ca19c1297,train
data/Testing/notumor/Te-no_367.jpg,notumor,Testing,bc8bac09dc50487854c0fb64a6e04e78,train
data/Testing/notumor/Te-no_388.jpg,notumor,Testing,31b011827c127f074cc0c3e6ee9d7851,test
data/Testing/notumor/Te-no_355.jpg,notumor,Testing,d7cf8d341776113158f564d7194aa3b1,train
data/Testing/notumor/Te-no_279.jpg,notumor,Testing,44f82f71b39981d4af631029e58b9c84,train
data/Testing/notumor/Te-no_239.jpg,notumor,Testing,b6fde06125916629e6db66b5b9678c01,train
data/Testing/notumor/Te-no_284.jpg,notumor,Testing,2f463ff1aee696458ca62edf8111d4c7,train
data/Testing/notumor/Te-no_13.jpg,notumor,Testing,4f073e5096637b5a7f8e9deb05151be4,train
data/Testing/notumor/Te-no_393.jpg,notumor,Testing,260e23c50bad1475349801b8fe6d7a74,train
data/Testing/notumor/Te-no_21.jpg,notumor,Testing,31e0ec1fb819a391d8575c399fc27f95,train
data/Testing/notumor/Te-no_45.jpg,notumor,Testing,ee0bd7f554952f12a5150ab18723ee7e,train
data/Testing/notumor/Te-no_96.jpg,notumor,Testing,b00cf1a49702ae4ed32a4d858e5935c2,train
data/Testing/notumor/Te-no_209.jpg,notumor,Testing,12e3942687e7bc174f7544b6780bb5ed,train
data/Testing/notumor/Te-no_48.jpg,notumor,Testing,45d74521f842013c8d898d6cc3305ec0,train
data/Testing/notumor/Te-no_333.jpg,notumor,Testing,825ca1e20999b4c7a8261214613e9d63,test
data/Testing/notumor/Te-no_197.jpg,notumor,Testing,a893c58146e9b9b4540c903ed03c236a,train
data/Testing/notumor/Te-no_337.jpg,notumor,Testing,602189fef9334f61bdc31615b021d466,train
data/Testing/notumor/Te-no_113.jpg,notumor,Testing,884825af8c26b94cc2aac6950e441b4f,train
data/Testing/notumor/Te-no_90.jpg,notumor,Testing,ff3aefe42df9fb333f8c2ce0b17e27a5,train
data/Testing/notumor/Te-no_72.jpg,notumor,Testing,401d57697c78a5cca6aacb664acd5640,train
data/Testing/notumor/Te-no_296.jpg,notumor,Testing,424bb26cbc0c7a9df6cf42b901cba732,train
data/Testing/notumor/Te-no_240.jpg,notumor,Testing,c934276b7ca3276ac8db7cefa6446d19,train
data/Testing/notumor/Te-no_95.jpg,notumor,Testing,1ea5582430513379203070b07ce90b81,train
data/Testing/notumor/Te-no_224.jpg,notumor,Testing,53c9a743da19e08f7bd5f0c39d8596ce,val
data/Testing/notumor/Te-no_326.jpg,notumor,Testing,3f11b4a966682a5b0d99696a5750fc80,val
data/Testing/notumor/Te-no_134.jpg,notumor,Testing,0f23f6683b937c4383092569fa16ddf9,val
data/Testing/notumor/Te-no_140.jpg,notumor,Testing,76a8071e71aa0fe903924fef1dfa8348,train
data/Testing/notumor/Te-no_231.jpg,notumor,Testing,99a7ee37a8e64129a5f8700f7d1ea9af,train
data/Testing/notumor/Te-no_298.jpg,notumor,Testing,3e80f229c024466ce6442750d921fb35,train
data/Testing/notumor/Te-no_221.jpg,notumor,Testing,a25221bc74fbe6d012a516dc6f6553f1,val
data/Testing/notumor/Te-no_196.jpg,notumor,Testing,7f4e64b51077c89fa0d0043f3bc54acd,train
data/Testing/notumor/Te-no_313.jpg,notumor,Testing,cabaf9584eaefeb7e4958025cdaef828,test
data/Testing/notumor/Te-no_152.jpg,notumor,Testing,810a5bf08e877efb933daf79356f6591,train
data/Testing/notumor/Te-no_385.jpg,notumor,Testing,5819cde96124d65fc5536cff43dfbe69,train
data/Testing/notumor/Te-no_124.jpg,notumor,Testing,cffe474ffd726ef0c18518a152f28d17,test
data/Testing/notumor/Te-no_397.jpg,notumor,Testing,e051344fb60ad03aea52097c9ce0eecf,train
data/Testing/notumor/Te-no_75.jpg,notumor,Testing,6a0ca2e365a7d69ca0c9aea15a82e65f,train
data/Testing/notumor/Te-no_32.jpg,notumor,Testing,b052093b3142325b6c8f2aca969a6fbc,train
data/Testing/notumor/Te-no_147.jpg,notumor,Testing,aeaa627b54fc2294c022574da69ac638,train
data/Testing/notumor/Te-no_1.jpg,notumor,Testing,2042832b5b485a4aff45bcdc4da97779,train
data/Testing/notumor/Te-no_278.jpg,notumor,Testing,1a139439e0ffa04691902f26a61222c3,train
data/Testing/notumor/Te-no_247.jpg,notumor,Testing,5202aa0e6bfe151af63c3e3e9d0b31ff,train
data/Testing/notumor/Te-no_161.jpg,notumor,Testing,69503761278654f6717c1f52dad8266d,val
data/Testing/notumor/Te-no_88.jpg,notumor,Testing,301cd1d3804b5f5668366e645ad0f17b,train
data/Testing/notumor/Te-no_130.jpg,notumor,Testing,10d27b1fb66a83c851c03eebd4bca89d,val
data/Testing/notumor/Te-no_79.jpg,notumor,Testing,5a9fd4d5402135f7b076edcf8758cc04,train
data/Testing/notumor/Te-no_44.jpg,notumor,Testing,601b706311864e5da18ec6c3fad933f9,train
data/Testing/notumor/Te-no_207.jpg,notumor,Testing,50a754556503b383b3218919204230f3,train
data/Testing/notumor/Te-no_81.jpg,notumor,Testing,997daa1a6cc946ef9bdbb04667bbad26,train
data/Testing/notumor/Te-no_264.jpg,notumor,Testing,ab2d5acfa60f4557dcf35ba0a9976b01,train
data/Testing/notumor/Te-no_17.jpg,notumor,Testing,257f798750c63471a460a86c9b1f9f9f,train
data/Testing/notumor/Te-no_376.jpg,notumor,Testing,7c7d49d6d5625a862e13ad2b32ac2986,train
data/Testing/notumor/Te-no_175.jpg,notumor,Testing,95fdbba7e8af96b58abdda2029e4a4f2,train
data/Testing/notumor/Te-no_292.jpg,notumor,Testing,a1332dc1c7263c4c47c94cca1a2e3a11,train
data/Testing/notumor/Te-no_73.jpg,notumor,Testing,a457b1d46fcf6d08c8779304f2ec5f76,train
data/Testing/notumor/Te-no_41.jpg,notumor,Testing,c431d818c590db15720136d501a20112,train
data/Testing/notumor/Te-no_290.jpg,notumor,Testing,96317639fb01658fe6317fe244d56614,train
data/Testing/notumor/Te-no_114.jpg,notumor,Testing,5583e6f5b2e75b694e8dae7a693705fa,val
data/Testing/notumor/Te-no_345.jpg,notumor,Testing,1d1d690ae2a7d950e3e6ff5accb0cc19,train
data/Testing/notumor/Te-no_55.jpg,notumor,Testing,362a0eec7ad6aac064e247ee1d25c28e,train
data/Testing/notumor/Te-no_185.jpg,notumor,Testing,76193fdd074756c19a8e3d8629e417a7,train
data/Testing/notumor/Te-no_363.jpg,notumor,Testing,64f9aa8ade741831a1658b2914c19c19,train
data/Testing/notumor/Te-no_301.jpg,notumor,Testing,77991d8d0fa5c64b6fd2f555e45112e2,train
data/Testing/notumor/Te-no_166.jpg,notumor,Testing,5eca9c793e51c7d5644fffb29481a78b,train
data/Testing/notumor/Te-no_30.jpg,notumor,Testing,c63171b97ebdc8fddb2369ed4e0f108e,train
data/Testing/notumor/Te-no_351.jpg,notumor,Testing,e6ef7d7e5bbcaccbbac069facb211d28,val
data/Testing/notumor/Te-no_64.jpg,notumor,Testing,6f1f2d8025598b75f2b3302030b6e0de,train
data/Testing/notumor/Te-no_107.jpg,notumor,Testing,036f9b148f98cd956d2b632b475c3db2,val
data/Testing/notumor/Te-no_218.jpg,notumor,Testing,a24258e69bcf1bbbbc58a70ea7fcbe0e,train
data/Testing/notumor/Te-no_34.jpg,notumor,Testing,53e160d8dfd284743286127636d78068,train
data/Testing/notumor/Te-no_285.jpg,notumor,Testing,32708b1590ac46d85856257c7ca3c50f,train
data/Testing/notumor/Te-no_149.jpg,notumor,Testing,093b3b34c384e7d870d8d39d142a55c9,train
data/Testing/notumor/Te-no_228.jpg,notumor,Testing,77f9ff2acf02f0c527924d941f6d9b74,train
data/Testing/notumor/Te-no_349.jpg,notumor,Testing,c89721074c17bb093329351d9f0463d3,train
data/Testing/notumor/Te-no_378.jpg,notumor,Testing,ef20b56a08d099c96091a85b7403fbf2,val
data/Testing/notumor/Te-no_261.jpg,notumor,Testing,1c4f026757df66e0442aa1589a5fe424,train
data/Testing/notumor/Te-no_183.jpg,notumor,Testing,927b10a53cd58434435c7cb0442f7bc1,train
data/Testing/notumor/Te-no_383.jpg,notumor,Testing,33db3edcd8744888895c0ae5b7f79c79,val
data/Testing/notumor/Te-no_398.jpg,notumor,Testing,93205f9f8772c90916153c243390be61,train
data/Testing/notumor/Te-no_2.jpg,notumor,Testing,271fc119aec6ff45efd4e942b8fb93c9,val
data/Testing/notumor/Te-no_168.jpg,notumor,Testing,722920a8ba3075aaab1850c67bd5dd83,train
data/Testing/notumor/Te-no_374.jpg,notumor,Testing,36a2e14fe1c73f7eb2ead5501377cad0,test
data/Testing/notumor/Te-no_215.jpg,notumor,Testing,e53c1890fa72bfcf22cd9252d5be4334,val
data/Testing/notumor/Te-no_322.jpg,notumor,Testing,b64b855f9b08863368cf1de7e6f3f01c,train
data/Testing/notumor/Te-no_132.jpg,notumor,Testing,6a31b328e5ee2e766abd5759ac82d208,train
data/Testing/notumor/Te-no_257.jpg,notumor,Testing,a2c9b3c85b06bdfdf8d2945af96925bd,train
data/Testing/notumor/Te-no_400.jpg,notumor,Testing,eae2c593c8e485563b5f2b5b416e07a4,train
data/Testing/notumor/Te-no_344.jpg,notumor,Testing,ec5f5f4d513a3803eafc8436d0ffb988,train
data/Testing/notumor/Te-no_391.jpg,notumor,Testing,15e3be54b956a62fc9559bdbcfaed75b,train
data/Testing/notumor/Te-no_189.jpg,notumor,Testing,4c6b572abdba1355ce343486819af079,train
data/Testing/notumor/Te-no_36.jpg,notumor,Testing,5d7cc6fd2e69bc5943b31c8ef7346fa5,train
data/Testing/notumor/Te-no_234.jpg,notumor,Testing,a582ea641fe855ba06c61d706ade4479,train
data/Testing/notumor/Te-no_7.jpg,notumor,Testing,8358721eda6be5431b9c877bcc23861b,test
data/Testing/notumor/Te-no_275.jpg,notumor,Testing,f22c2ab34c4c31533be89a379ba42227,val
data/Testing/notumor/Te-no_23.jpg,notumor,Testing,4be887c4526854146d8acf7ed10711ee,train
data/Testing/notumor/Te-no_253.jpg,notumor,Testing,e012842d5bbbb3fc8782013662334d45,train
data/Testing/notumor/Te-no_173.jpg,notumor,Testing,452f101b79c45042fe485f73655d2c02,train
data/Testing/notumor/Te-no_269.jpg,notumor,Testing,a8cd00add32b5ce72d0cdf7dc2fee275,train
data/Testing/notumor/Te-no_396.jpg,notumor,Testing,f3658e1fb7408254336fed1150bab528,test
data/Testing/notumor/Te-no_249.jpg,notumor,Testing,293874a7364d32d1d5c86e75984cdcef,train
data/Testing/notumor/Te-no_122.jpg,notumor,Testing,afd65e8e7bcafb8f62459c10b553f8a0,train
data/Testing/notumor/Te-no_390.jpg,notumor,Testing,7ce94731a86ec8f14a9ffd6286982fe6,train
data/Testing/notumor/Te-no_16.jpg,notumor,Testing,1a1e6b620b32162b71f2154fe06297be,train
data/Testing/notumor/Te-no_10.jpg,notumor,Testing,0f0881b1eca15cb4235ef8a6efd5fb32,train
data/Testing/notumor/Te-no_67.jpg,notumor,Testing,3e1cc603519a4a9da1ef43ec0472204e,train
data/Testing/notumor/Te-no_110.jpg,notumor,Testing,5f281bed65fc63ebdaa7f2c7f2043bf8,test
data/Testing/notumor/Te-no_29.jpg,notumor,Testing,90fcd42d3a837f32e56ff239e3dc868b,train
data/Testing/notumor/Te-no_246.jpg,notumor,Testing,aa6da115b688a8ac8b208dc91d89776a,train
data/Testing/notumor/Te-no_39.jpg,notumor,Testing,eb6c20896a20a37db3ff1129cba76517,test
data/Testing/notumor/Te-no_164.jpg,notumor,Testing,d729b3ae5f823eca325a44282bfa86e6,train
data/Testing/notumor/Te-no_330.jpg,notumor,Testing,9da1d306cc6ce693011b088cf05aad1a,train
data/Testing/notumor/Te-no_214.jpg,notumor,Testing,4b0b2425057ff2bd1e3e40cdf66f6a1b,train
data/Testing/notumor/Te-no_82.jpg,notumor,Testing,b9892aec5d33df27ad7449fb2020322f,train
data/Testing/notumor/Te-no_84.jpg,notumor,Testing,ed664114053bf250e74531079a30359d,train
data/Testing/notumor/Te-no_194.jpg,notumor,Testing,6c04ffe5eb7ca3e5fe6a3618f03f8925,train
data/Testing/notumor/Te-no_56.jpg,notumor,Testing,3207ab6a24bda5a4799bc6c754bf9479,train
data/Testing/notumor/Te-no_108.jpg,notumor,Testing,597fb27f0146a5b98727bbff60402604,train
data/Testing/notumor/Te-no_325.jpg,notumor,Testing,793a873f7004ef17e612dcc0001eef83,val
data/Testing/notumor/Te-no_266.jpg,notumor,Testing,2d0bd78365eef52b5132fef868e57362,test
data/Testing/notumor/Te-no_111.jpg,notumor,Testing,8f132d6b40b4e84a456f6407107a65a0,train
data/Testing/notumor/Te-no_200.jpg,notumor,Testing,d6fb109759c3439156abd876ed9675b1,train
data/Testing/notumor/Te-no_190.jpg,notumor,Testing,69f55137cf16f6a7710b3013d52ba4ba,train
data/Testing/notumor/Te-no_205.jpg,notumor,Testing,0b668248e3bee4060194089811f1166d,train
data/Testing/notumor/Te-no_181.jpg,notumor,Testing,e80c418611d194833d121aea7a423bc1,train
data/Testing/notumor/Te-no_51.jpg,notumor,Testing,db3f1d56aba0672693b5519771fef394,val
data/Testing/notumor/Te-no_252.jpg,notumor,Testing,41b4f65fd85deb967817cf5a5a15355e,test
data/Testing/notumor/Te-no_384.jpg,notumor,Testing,bb54d485ac68461366392c13d8a7e3dd,train
data/Testing/notumor/Te-no_262.jpg,notumor,Testing,19367f7c669c639e18ab14257ab61d23,train
data/Testing/notumor/Te-no_354.jpg,notumor,Testing,bf134f48020426a8b725c2b6e8d832d9,train
data/Testing/notumor/Te-no_282.jpg,notumor,Testing,181903128aaf7ed59dadefdec591bafa,train
data/Testing/notumor/Te-no_356.jpg,notumor,Testing,4a80a5d85befd67d3fe65f5e1a415d3d,train
data/Testing/notumor/Te-no_307.jpg,notumor,Testing,35974ccd7c3691a1256ddaa46eb71538,val
data/Testing/notumor/Te-no_43.jpg,notumor,Testing,cda155da819704627c5b56273a2934ac,train
data/Testing/notumor/Te-no_233.jpg,notumor,Testing,ae6093bd71f56e20374a8ca280216ce7,val
data/Testing/notumor/Te-no_211.jpg,notumor,Testing,2d094f7ae366d85c7f994e75f27a10e4,train
data/Testing/notumor/Te-no_387.jpg,notumor,Testing,1a0975b8a2f38499b32a068f0d1f6acd,val
data/Testing/notumor/Te-no_248.jpg,notumor,Testing,8e3e7c2cb60053515fab12bd6720ef0a,test
data/Testing/notumor/Te-no_11.jpg,notumor,Testing,6953b881bdfd92f814a3ce12c3149e37,test
data/Testing/notumor/Te-no_62.jpg,notumor,Testing,11ddd61c54cd6eb95967d4a87d172932,train
data/Testing/notumor/Te-no_159.jpg,notumor,Testing,dd9251c72a68ddc78a9c18e0c1135e6d,val
data/Testing/notumor/Te-no_274.jpg,notumor,Testing,27a0f32ecb31a5c7221b31d4bcd5e1bf,train
data/Testing/notumor/Te-no_286.jpg,notumor,Testing,579471478aa28e928392b7176f15a7f2,test
data/Testing/notumor/Te-no_289.jpg,notumor,Testing,71c96a400964d0a6816ac7787019bf5c,train
data/Testing/notumor/Te-no_4.jpg,notumor,Testing,e05e440b4e32a76d80eebfe95a27926f,test
data/Testing/notumor/Te-no_171.jpg,notumor,Testing,046d5492f4d9f344cdf95aac9ecd94d3,train
data/Testing/notumor/Te-no_227.jpg,notumor,Testing,14f6efe08d3b9ad4d94f6b04e2bca7b3,train
data/Testing/notumor/Te-no_293.jpg,notumor,Testing,53c30adbc5ba86d98baee051f00e3b18,train
data/Testing/notumor/Te-no_120.jpg,notumor,Testing,a223a7bb7bf659de8b1e54741ba91f53,val
data/Testing/notumor/Te-no_76.jpg,notumor,Testing,f63774ac0a08ecd609e1109381dcb407,train
data/Testing/notumor/Te-no_238.jpg,notumor,Testing,fe5c01e28966296d5a4f1d01496ffb69,train
data/Testing/notumor/Te-no_57.jpg,notumor,Testing,289c253a59fb9c6be6dc5b2284f5e28a,val
data/Testing/notumor/Te-no_142.jpg,notumor,Testing,5a2211287d27dbef023f47f87a79f087,train
data/Testing/notumor/Te-no_372.jpg,notumor,Testing,22c050252442286ffba7618e42863453,train
data/Testing/notumor/Te-no_361.jpg,notumor,Testing,57ee32ae9425c74d760e6799f981c110,train
data/Testing/notumor/Te-no_318.jpg,notumor,Testing,dd8ca43babe5f9ce0b5c9303fdaeb14c,val
data/Testing/notumor/Te-no_24.jpg,notumor,Testing,05a396ae1d56301398bceac817614cfb,test
data/Testing/notumor/Te-no_18.jpg,notumor,Testing,18679d17b65dc1b6a71d7d642d9c4322,train
data/Testing/notumor/Te-no_352.jpg,notumor,Testing,d1a4082eccd0eb7f37aac12ea759b73a,test
data/Testing/notumor/Te-no_338.jpg,notumor,Testing,a9f8abb969de54e2908d44023505ed80,val
data/Testing/notumor/Te-no_336.jpg,notumor,Testing,1f949d4c1669edccb9133487b629ae5e,train
data/Testing/notumor/Te-no_323.jpg,notumor,Testing,321ba409133b50c2d4822547af160a0b,train
data/Testing/notumor/Te-no_225.jpg,notumor,Testing,f88d0fa3ff45a8980af53bf252a19af2,train
data/Testing/notumor/Te-no_230.jpg,notumor,Testing,2ead675cef596cea4daf77f62dfa710a,val
data/Testing/notumor/Te-no_92.jpg,notumor,Testing,452575a847b9814148933342f47a4a90,train
data/Testing/notumor/Te-no_138.jpg,notumor,Testing,7e703efd4174a8af860e4486c54b7ff7,test
data/Testing/notumor/Te-no_153.jpg,notumor,Testing,c40b264047366ec614e6823e451fc0be,train
data/Testing/notumor/Te-no_136.jpg,notumor,Testing,1dfb1c81a572ba7c7f4623b8b0183525,train
data/Testing/notumor/Te-no_146.jpg,notumor,Testing,a8bcbab1653cfac4b51672392fd1fcba,train
data/Testing/notumor/Te-no_334.jpg,notumor,Testing,77a2812ec4098efe517db78e91f440de,train
data/Testing/notumor/Te-no_52.jpg,notumor,Testing,342a164cea95748cb5452234337bec36,train
data/Testing/notumor/Te-no_174.jpg,notumor,Testing,17b671d3adb4a102487c1479e148f666,train
data/Testing/notumor/Te-no_69.jpg,notumor,Testing,f0e8c203237c89a4c18f758b6699d0a3,train
data/Testing/notumor/Te-no_143.jpg,notumor,Testing,7c4df10c24595daacfb992893d642f07,train
data/Testing/notumor/Te-no_109.jpg,notumor,Testing,78bc1f2c3edeca4211fe82dc7af3ac4a,train
data/Testing/notumor/Te-no_31.jpg,notumor,Testing,9d8929d799a4c05c7060c11e132aec2a,train
data/Testing/notumor/Te-no_235.jpg,notumor,Testing,faa8d99cf064de1f4fc3abb4b312f244,train
data/Testing/notumor/Te-no_117.jpg,notumor,Testing,8e84ba447f725ccd8fd1bf23f84e6746,test
data/Testing/notumor/Te-no_102.jpg,notumor,Testing,d6adcf7a85a1d5d670cea2f77f4b56e6,train
data/Testing/notumor/Te-no_217.jpg,notumor,Testing,59733eeb4ccf1f045d6256367a33affb,train
data/Testing/notumor/Te-no_121.jpg,notumor,Testing,a27782854a8b969e863c7e2f6fcc9fd0,test
data/Testing/notumor/Te-no_144.jpg,notumor,Testing,f1fb0628a550b34d18bf6055b24e63a9,train
data/Testing/notumor/Te-no_22.jpg,notumor,Testing,9986b9ebe8b394bff641df66877e3401,train
data/Testing/notumor/Te-no_158.jpg,notumor,Testing,efb6f31c6c85e359d6adb8df6b54cb62,train
data/Testing/notumor/Te-no_163.jpg,notumor,Testing,84ed0911b87d5deb9ee1856a1d7bc6ff,train
data/Testing/notumor/Te-no_137.jpg,notumor,Testing,ff64b368abbb6ffb822ca51d0d4e0ab5,train
data/Testing/notumor/Te-no_244.jpg,notumor,Testing,8979c0f91b4b28f4492712fab9e995bc,train
data/Testing/notumor/Te-no_60.jpg,notumor,Testing,f501dfbad5aef84739d981fb635a296e,train
data/Testing/notumor/Te-no_198.jpg,notumor,Testing,02e80027e6b31a4cb623385a6c80fee1,train
data/Testing/notumor/Te-no_85.jpg,notumor,Testing,7c7ac657140316c93e71b01396fb6b3a,train
data/Testing/notumor/Te-no_184.jpg,notumor,Testing,807ad9979619332658c608e97fde4079,test
data/Testing/notumor/Te-no_126.jpg,notumor,Testing,2323fed4f1cadbf7947c41a6e2a4d9bc,train
data/Testing/notumor/Te-no_206.jpg,notumor,Testing,5a8ba4099b7d1d9cd736c760daf5bf7c,train
data/Testing/notumor/Te-no_319.jpg,notumor,Testing,bd74ef77b5a77ddddd5fe2f7c4b5683c,test
data/Testing/notumor/Te-no_119.jpg,notumor,Testing,eba359d49796d5ae0500f9ba8c9288cb,train
data/Testing/notumor/Te-no_105.jpg,notumor,Testing,3a51142363109be6719682de63e0479a,train
data/Testing/notumor/Te-no_169.jpg,notumor,Testing,77954413718ac88c4ff55ff684d661aa,train
data/Testing/notumor/Te-no_25.jpg,notumor,Testing,88cfa1b405e0072469601186b25e90fd,train
data/Testing/notumor/Te-no_3.jpg,notumor,Testing,da478b975a00ffef5546997494117463,test
data/Testing/notumor/Te-no_243.jpg,notumor,Testing,789860409296564d02f27b5653b1fac6,test
data/Testing/notumor/Te-no_127.jpg,notumor,Testing,c28927058a5925354625eb9d3245a829,train
data/Testing/notumor/Te-no_306.jpg,notumor,Testing,d83c7132cad32abadf99dd914c4d020a,train
data/Testing/notumor/Te-no_381.jpg,notumor,Testing,b55a4315c1b7b6756a6c21f1d205b988,test
data/Testing/notumor/Te-no_12.jpg,notumor,Testing,fb5a53e61e87e7d284355d5afa157b9f,train
data/Testing/notumor/Te-no_38.jpg,notumor,Testing,ec2ffd80cb4c73034f428aa035b8e3c0,train
data/Testing/notumor/Te-no_237.jpg,notumor,Testing,7ab4dce4445ab9e4ab98175e639be57b,train
data/Testing/notumor/Te-no_226.jpg,notumor,Testing,364bd6a0e1a073675a121bcaa7a2ef78,test
data/Testing/notumor/Te-no_260.jpg,notumor,Testing,8942572b970227ab4e416d6d39168459,val
data/Testing/notumor/Te-no_305.jpg,notumor,Testing,8052f5b49b4de2ef3b164db163b328df,test
data/Testing/notumor/Te-no_68.jpg,notumor,Testing,0024f3b93b100e6e322989276150906c,train
data/Testing/notumor/Te-no_320.jpg,notumor,Testing,882a67e16c64ce8b66ca667138537843,test
data/Testing/notumor/Te-no_332.jpg,notumor,Testing,dda6130b780e92b11817de3cee29404d,train
data/Testing/notumor/Te-no_151.jpg,notumor,Testing,9e630e2842e3c476af3321095639534c,train
data/Testing/notumor/Te-no_157.jpg,notumor,Testing,ddf81b54dba8aea98fc2dbbd0e14ed58,val
data/Testing/notumor/Te-no_297.jpg,notumor,Testing,f348fdfc7366c2374c1118959f076288,val
data/Testing/notumor/Te-no_277.jpg,notumor,Testing,447e1c550e97ea74fa43d3649f10d619,train
data/Testing/notumor/Te-no_129.jpg,notumor,Testing,11cedb9945428095ca752be6b30bdd6e,train
data/Testing/notumor/Te-no_340.jpg,notumor,Testing,e36e0cb0906a39cdc4986a23c8deb8fc,test
data/Testing/notumor/Te-no_280.jpg,notumor,Testing,36e99f6c0cd1c3987fd7a04da793e757,train
data/Testing/notumor/Te-no_366.jpg,notumor,Testing,21544a89d2e3bdb6c7561dab4645f23c,train
data/Testing/notumor/Te-no_220.jpg,notumor,Testing,66111495c49b65911b1f4b4a811d9f6a,train
data/Testing/notumor/Te-no_219.jpg,notumor,Testing,56c7f7efeca7648c0c36a5c3f303bed6,train
data/Testing/notumor/Te-no_15.jpg,notumor,Testing,f407389c1a0e11d831f946887149982f,test
data/Testing/notumor/Te-no_350.jpg,notumor,Testing,4512165784b5e088acb2227bbec2ec2b,train
data/Testing/notumor/Te-no_201.jpg,notumor,Testing,3df6098c68e6a6d8ecf1ece3170dcc8c,test
data/Testing/notumor/Te-no_242.jpg,notumor,Testing,ab55fa6719ea8e056bf2e60463897e42,train
data/Testing/notumor/Te-no_172.jpg,notumor,Testing,e85b8e1a9e1596be9d1de191ecb54297,train
data/Testing/notumor/Te-no_186.jpg,notumor,Testing,d98abeb9709375612c4a97c3594bc926,train
data/Testing/notumor/Te-no_331.jpg,notumor,Testing,c9c0854bf1f73dcb577d3b05cba38609,train
data/Testing/notumor/Te-no_139.jpg,notumor,Testing,eb29d52b3d9c7209b78da38555921d07,train
data/Testing/notumor/Te-no_135.jpg,notumor,Testing,d7cc6888cb82d1e67d6934bb3be7b387,train
data/Testing/notumor/Te-no_20.jpg,notumor,Testing,ca909ed620cf2797e695d7b71b34fe84,train
data/Testing/notumor/Te-no_254.jpg,notumor,Testing,b38ad0d8cf2c46f9ff6b0fc491c5a786,train
data/Testing/notumor/Te-no_316.jpg,notumor,Testing,d94b1884c1770e7218ec26f167e82683,train
data/Testing/notumor/Te-no_87.jpg,notumor,Testing,5a04fed3ebafc103918e2144c20c03ea,train
data/Testing/notumor/Te-no_394.jpg,notumor,Testing,1563f06a8d31132002402ef97ddd8c28,test
data/Testing/notumor/Te-no_145.jpg,notumor,Testing,895068dffbc93fed6babf4efa1e946fe,val
data/Testing/notumor/Te-no_58.jpg,notumor,Testing,c20c8440c94831de12643cd0407e4552,val
data/Testing/notumor/Te-no_300.jpg,notumor,Testing,3ff0ff2fe639f61540713d24834eb8c1,train
data/Testing/notumor/Te-no_327.jpg,notumor,Testing,3d27efca6b0e8aac3b04c19c8a8dd7af,train
data/Testing/notumor/Te-no_236.jpg,notumor,Testing,24e9fd121e9244e57a7d4f5933304b7f,train
data/Testing/notumor/Te-no_273.jpg,notumor,Testing,6df3b2f5749cfab6a480fe39876b9fe2,train
data/Testing/notumor/Te-no_115.jpg,notumor,Testing,3bf189d9ce6e9cc4980e6bc5dcd6a731,train
data/Testing/notumor/Te-no_223.jpg,notumor,Testing,adf705dd8d0a87d5d756683601bf6dff,val
data/Testing/notumor/Te-no_83.jpg,notumor,Testing,160ccf3ec3f133b4a627bdc40ab5067e,train
data/Testing/notumor/Te-no_395.jpg,notumor,Testing,9196508eb4743f8c5dd7a9b41ba8fef7,train
data/Testing/notumor/Te-no_362.jpg,notumor,Testing,6e8101776a26a739f7a91e151205502f,train
data/Testing/notumor/Te-no_304.jpg,notumor,Testing,d42afe27bf77aa2dbb4bd9fcbfa6e7d4,val
data/Testing/notumor/Te-no_141.jpg,notumor,Testing,431c4c4feacf0069d2437d438e3cddb8,val
data/Testing/notumor/Te-no_271.jpg,notumor,Testing,8edaaea0078f0511fd48696d4983a09f,val
data/Testing/notumor/Te-no_33.jpg,notumor,Testing,9b5d9d7d1bfa2e8417d7c7d6bc78bc00,train
data/Testing/notumor/Te-no_91.jpg,notumor,Testing,89575389489241d6181d21c0436efca8,train
data/Testing/notumor/Te-no_162.jpg,notumor,Testing,f0f30fd6421e85883d3c572e48f38b19,val
data/Testing/notumor/Te-no_348.jpg,notumor,Testing,2fbcac3304662994d71bec1ec41b5a31,train
data/Testing/notumor/Te-no_170.jpg,notumor,Testing,3c93781bb71169e89b19d3aac73db99d,val
data/Testing/notumor/Te-no_112.jpg,notumor,Testing,868351fb75f602e4613106913be869df,train
data/Testing/notumor/Te-no_386.jpg,notumor,Testing,add51c610a02a4a73f2f40e7d75fc78d,val
data/Testing/notumor/Te-no_103.jpg,notumor,Testing,4c47b2401c76339c30a05d73aa630dbc,val
data/Testing/notumor/Te-no_212.jpg,notumor,Testing,d74b59dcc3418699270b3169ff824145,train
data/Testing/notumor/Te-no_106.jpg,notumor,Testing,288df0396dae58adb51c65937da4f845,train
data/Testing/notumor/Te-no_155.jpg,notumor,Testing,0b1592de988dbc0fc1d9e085eeb887d5,train
data/Testing/notumor/Te-no_99.jpg,notumor,Testing,774ed316f67cf0dab1d3aa6709d74926,train
data/Testing/notumor/Te-no_373.jpg,notumor,Testing,d56919f70cd881345bc0221a487eb78e,train
data/Testing/notumor/Te-no_347.jpg,notumor,Testing,fd35749ebbfebb85ef04e2514eff3c0f,test
data/Testing/notumor/Te-no_315.jpg,notumor,Testing,91f231be028a4fbf0e246fdba57ea727,test
data/Testing/notumor/Te-no_222.jpg,notumor,Testing,055fef60413800ae281f419ff64a5fa2,train
data/Testing/notumor/Te-no_389.jpg,notumor,Testing,e352d2343897b0ac66ff7d000b1d3646,train
data/Testing/notumor/Te-no_188.jpg,notumor,Testing,0741671357bbd3ae800b8812e0780209,train
data/Testing/notumor/Te-no_78.jpg,notumor,Testing,501b9a2d7d3c59adc53dabf321733dd8,train
data/Testing/notumor/Te-no_360.jpg,notumor,Testing,ddc2a8023409cc1ea1183d7ab4c2abd6,train
data/Testing/notumor/Te-no_232.jpg,notumor,Testing,959e9820d8b70bc28e6fa929d5dcaea0,test
data/Testing/notumor/Te-no_46.jpg,notumor,Testing,16675ee8858186475e7be1124e152080,train
data/Testing/notumor/Te-no_287.jpg,notumor,Testing,bb9479d8dc09976c5d9d5964a87d95ac,test
data/Testing/notumor/Te-no_167.jpg,notumor,Testing,f6a66c84d44375a05fb458bc0b450fe8,train
data/Testing/notumor/Te-no_245.jpg,notumor,Testing,03c72d7bab78c70418230106684f1ce5,test
data/Testing/notumor/Te-no_268.jpg,notumor,Testing,194a399bd77eba4cd2e7acef5d03654b,train
data/Testing/notumor/Te-no_154.jpg,notumor,Testing,86f281a7d8116b508c5b7b6ab1f7b62f,train
data/Testing/notumor/Te-no_375.jpg,notumor,Testing,f8a6de26a77dec86b6437970dd4ba335,train
data/Testing/notumor/Te-no_71.jpg,notumor,Testing,3b5379023a89901373b66bbf8acf6160,val
data/Testing/notumor/Te-no_281.jpg,notumor,Testing,e5680290c89bd57406e32962c7022432,train
data/Testing/notumor/Te-no_61.jpg,notumor,Testing,be0d17bda868f6b6e6e09820590b51b5,train
data/Testing/notumor/Te-no_192.jpg,notumor,Testing,c050f68e2a6305217a455c66704ac5b1,train
data/Testing/notumor/Te-no_302.jpg,notumor,Testing,a2fbdb1c68768c0d97d0b1b18ff6dc2d,train
data/Testing/notumor/Te-no_210.jpg,notumor,Testing,b0655e97be2fb5181eb43a1c9e1596eb,train
data/Testing/notumor/Te-no_299.jpg,notumor,Testing,5be90e7a728eae19ddb597dd4e2f467b,test
data/Testing/notumor/Te-no_195.jpg,notumor,Testing,f59856b583408cc49831f901871a5a2f,train
data/Testing/notumor/Te-no_329.jpg,notumor,Testing,720615130a7529578897212ee665b053,val
data/Testing/notumor/Te-no_380.jpg,notumor,Testing,c23f32eb398023363eabc5dad3a45e05,train
data/Testing/notumor/Te-no_370.jpg,notumor,Testing,bf3baa247db216aedca63c2dbd1b3999,train
data/Testing/notumor/Te-no_272.jpg,notumor,Testing,656e51cb5713aa5e5dc44c65b5e787e0,train
data/Testing/notumor/Te-no_160.jpg,notumor,Testing,571b27a80412a4618a91b42af05d06d5,train
data/Testing/notumor/Te-no_342.jpg,notumor,Testing,6b5e451e5f1ed86b0607ccdd07140082,test
data/Testing/notumor/Te-no_324.jpg,notumor,Testing,4669e4e9a3f2b1e119656b1251fde0bd,train
data/Testing/notumor/Te-no_335.jpg,notumor,Testing,4d1abcd1d2db4eae2d61c9924393ba3e,train
data/Testing/notumor/Te-no_14.jpg,notumor,Testing,70810b450d4571cabffd1ac38ac4ca09,val
data/Testing/notumor/Te-no_150.jpg,notumor,Testing,f512297aa5f5b355eca18914f4fd7100,train
data/Testing/notumor/Te-no_343.jpg,notumor,Testing,d8615b07ec3b8281d016a1354f0f3280,train
data/Testing/notumor/Te-no_65.jpg,notumor,Testing,b3b4670287b410a0acfac2fe139d9562,train
data/Testing/notumor/Te-no_178.jpg,notumor,Testing,25256204c5ce82f2081e7e20db962102,train
data/Testing/notumor/Te-no_353.jpg,notumor,Testing,e5c66b576c153abacc99cd3a736e1eda,train
data/Testing/notumor/Te-no_182.jpg,notumor,Testing,f21be8a602b3c452302e3819116013e1,train
data/Testing/notumor/Te-no_255.jpg,notumor,Testing,e52c672c2ff7b3c701bde8a8e9cc804d,train
data/Testing/notumor/Te-no_259.jpg,notumor,Testing,5b7b6ffd74329ddaf2bbfb92c425f5e4,train
data/Testing/notumor/Te-no_267.jpg,notumor,Testing,59c81b7ba29b994e5b855d7f2bfc3bb5,train
data/Testing/notumor/Te-no_50.jpg,notumor,Testing,51cb9a93ee2bc8e05884c4b05b522e87,train
data/Testing/notumor/Te-no_308.jpg,notumor,Testing,5306bc99aa7e67441ff55a59cedd07a5,train
data/Testing/notumor/Te-no_216.jpg,notumor,Testing,f95a401781ac799b2f9d7d024b536c9d,train
data/Testing/notumor/Te-no_177.jpg,notumor,Testing,31435d297a1df56024c4033a3fb27400,train
data/Testing/notumor/Te-no_208.jpg,notumor,Testing,ea6446c04cbc5ece204f24ca7181c3ea,train
data/Testing/notumor/Te-no_314.jpg,notumor,Testing,36b20f02394e67b930802b8d3f99cf0a,train
data/Testing/notumor/Te-no_187.jpg,notumor,Testing,b50f940af0b040e6766554de855683a3,test
data/Testing/notumor/Te-no_202.jpg,notumor,Testing,166328f05d1fbcf37b69bf0aec339bba,test
data/Testing/notumor/Te-no_311.jpg,notumor,Testing,a71b1bff3f25d0374c0e4c6ad03333cd,train
data/Testing/notumor/Te-no_310.jpg,notumor,Testing,29cb422336a76cd92f949be508c4dc72,val
data/Testing/notumor/Te-no_89.jpg,notumor,Testing,1610f15947ba4e14b8ac322877d5637c,train
data/Testing/notumor/Te-no_131.jpg,notumor,Testing,9038af0459ab0c6d3ff6bb2f74b42f17,train
data/Testing/notumor/Te-no_357.jpg,notumor,Testing,7b512ae15e893fbc4935f2631f052b8a,train
data/Testing/notumor/Te-no_47.jpg,notumor,Testing,6d556e699110e6c6f56f7ea5bef9ad75,val
data/Testing/notumor/Te-no_80.jpg,notumor,Testing,fce1bd4720398fe26c9b653790262067,train
data/Testing/notumor/Te-no_241.jpg,notumor,Testing,67ab62e5a4ec65134bb929c16bc2bcad,train
data/Testing/notumor/Te-no_179.jpg,notumor,Testing,78564bdb73a5226fb6a651a2efa04a87,test
data/Testing/notumor/Te-no_364.jpg,notumor,Testing,8a1010ecb6249dddb33d610e5d3ae41d,train
data/Testing/notumor/Te-no_346.jpg,notumor,Testing,9e23d347322bfa53a609d1c659dcedac,test
data/Testing/notumor/Te-no_93.jpg,notumor,Testing,5422880f6901bb8cfcd9b6f61fa995e4,test
data/Testing/notumor/Te-no_123.jpg,notumor,Testing,67c1c523e5d4a983face67496b99debb,train
data/Testing/notumor/Te-no_63.jpg,notumor,Testing,104b9786487274e5598f1061b5d49eea,train
data/Testing/notumor/Te-no_98.jpg,notumor,Testing,5458772da45542ac291734bd637b444f,val
data/Testing/notumor/Te-no_176.jpg,notumor,Testing,6da271e8ccda2d7957b38b3ffbdad341,val
data/Testing/notumor/Te-no_309.jpg,notumor,Testing,b6c434e3ac10aff8e2eb511c990bb227,train
data/Testing/notumor/Te-no_377.jpg,notumor,Testing,33959e0a1d434cb2e8e7460bf34861b5,train
data/Testing/notumor/Te-no_203.jpg,notumor,Testing,54d0d0f1929a7f06eca204e44035c32a,test
data/Testing/notumor/Te-no_283.jpg,notumor,Testing,3891725dec8d2288e221dc909bcbfead,test
data/Testing/notumor/Te-no_191.jpg,notumor,Testing,ffaf452c2b180e3e92505c0ad5b40b5f,train
data/Testing/notumor/Te-no_382.jpg,notumor,Testing,f5da905ea09ceb8602918982b3288a75,train
data/Testing/notumor/Te-no_339.jpg,notumor,Testing,ff912bb0c3dc7bb4696df91906b8c11b,test
data/Testing/notumor/Te-no_128.jpg,notumor,Testing,508edb55ce8c4170a75b875bc25d1923,train
data/Testing/notumor/Te-no_133.jpg,notumor,Testing,34a8005fce80d9490c1c1bf169008a9b,train
data/Testing/notumor/Te-no_204.jpg,notumor,Testing,7da28622205508b79ffd2edf649f82c2,test
data/Testing/notumor/Te-no_59.jpg,notumor,Testing,419c0d5a4b827d4302b4206f8d93c70f,val
data/Testing/notumor/Te-no_250.jpg,notumor,Testing,bc1dc6695f5e54cf9a61b4edf8203376,val
data/Testing/notumor/Te-no_40.jpg,notumor,Testing,221f54464e4e24083b95bde0e1ffae56,train
data/Testing/notumor/Te-no_317.jpg,notumor,Testing,99018718469d3b5bb5a349befb6fb9d4,val
data/Testing/notumor/Te-no_53.jpg,notumor,Testing,2cadbc87a6a215ed64aa969820d73002,train
data/Testing/notumor/Te-no_312.jpg,notumor,Testing,597f9f9757570809c016f3d8a459dffc,test
data/Testing/notumor/Te-no_263.jpg,notumor,Testing,ba6e7501ab38c4d0f551b0abf2a3bfd6,val
data/Testing/notumor/Te-no_258.jpg,notumor,Testing,45edfc28378d730f7a1dddb63424bb44,test
data/Testing/notumor/Te-no_8.jpg,notumor,Testing,26795e0b1653202deba6f2685a0e9c45,test
data/Testing/notumor/Te-no_94.jpg,notumor,Testing,70fae62f9fe55188ea842cb8eaf35830,train
data/Testing/notumor/Te-no_328.jpg,notumor,Testing,eeab1e7013fdb78e17ce9090c409d429,train
data/Testing/notumor/Te-no_256.jpg,notumor,Testing,f2623e246fd1e1f5808f026b369549ab,train
data/Testing/notumor/Te-no_86.jpg,notumor,Testing,06f45b13ad2b776f95d1f659af31e895,train
data/Testing/notumor/Te-no_379.jpg,notumor,Testing,b2aa473c68f6162961f970171594530f,train
data/Testing/notumor/Te-no_35.jpg,notumor,Testing,6f08bbc48bfbf5533cf94ccd6c386ea8,val
data/Testing/notumor/Te-no_37.jpg,notumor,Testing,d792ef10b28b662d7ccb250119abc4ac,train
data/Testing/notumor/Te-no_365.jpg,notumor,Testing,ea51c1673cf167e8a4013683f4733b52,test
data/Testing/notumor/Te-no_295.jpg,notumor,Testing,b2db7c514c34d9351f31a63c5d6f062a,train
data/Testing/notumor/Te-no_19.jpg,notumor,Testing,1706aa5c5f0c9d2dedfe59a62be046cc,train
data/Testing/notumor/Te-no_399.jpg,notumor,Testing,e8ac157f9dc8b433b60a93e038831276,train
data/Testing/notumor/Te-no_49.jpg,notumor,Testing,1b89505b8c8468c49bf54cc7c649cd89,train
data/Testing/notumor/Te-no_66.jpg,notumor,Testing,98aec4f381b4d8c940d9f3a223312f88,train
data/Testing/notumor/Te-no_118.jpg,notumor,Testing,8d9112356bed79e0395c01742860190d,train
data/Testing/notumor/Te-no_270.jpg,notumor,Testing,8ed5b1ff12a8ea493cce61d5e0cbe6f5,train
data/Testing/notumor/Te-no_358.jpg,notumor,Testing,750d24e9f377aa76af8ecd0a09146ae1,test
data/Testing/notumor/Te-no_100.jpg,notumor,Testing,c48656252ade4398b218c5db87b9b726,train
data/Testing/notumor/Te-no_5.jpg,notumor,Testing,11c02b86d9947217ab47b8b5bc3b2ee7,train
data/Testing/notumor/Te-no_54.jpg,notumor,Testing,7f2614fe6c118d8bf7d3c6e04ac452af,train
data/Testing/pituitary/Te-pi_399.jpg,pituitary,Testing,a4f8f2e6e04d7c2797eeefb21e1a5331,train
data/Testing/pituitary/Te-pi_132.jpg,pituitary,Testing,9d77dc725f62f2d261c9a6df5c7bc2d5,train
data/Testing/pituitary/Te-pi_74.jpg,pituitary,Testing,cf5e2dc5e2ce2231ab6db04b8ad4a027,test
data/Testing/pituitary/Te-pi_183.jpg,pituitary,Testing,2cc4916a8a712390d6b3624ecfe3c267,train
data/Testing/pituitary/Te-pi_205.jpg,pituitary,Testing,61392aa2649c58ccecec16220fae3ddd,train
data/Testing/pituitary/Te-pi_337.jpg,pituitary,Testing,b2c1b9dcb00ba84789f0510eda17d980,test
data/Testing/pituitary/Te-pi_52.jpg,pituitary,Testing,92133c0c999aed664bdd47ab51611046,test
data/Testing/pituitary/Te-pi_368.jpg,pituitary,Testing,2325a02c31eebda43f1596fc04fa2e78,train
data/Testing/pituitary/Te-pi_126.jpg,pituitary,Testing,87a8e71b43f68dfd559ad8128a53daef,val
data/Testing/pituitary/Te-pi_21.jpg,pituitary,Testing,446245f7c288dfe74b89d38e483016a8,train
data/Testing/pituitary/Te-pi_269.jpg,pituitary,Testing,bb22ec53522184a1069da721984e6b57,train
data/Testing/pituitary/Te-pi_91.jpg,pituitary,Testing,d521e81271e5d58f3e66d63f3920ef6e,train
data/Testing/pituitary/Te-pi_170.jpg,pituitary,Testing,3cf014dafce3221534705f4633bbdd0d,train
data/Testing/pituitary/Te-pi_108.jpg,pituitary,Testing,b0c3d7c6f53ca5bc5db91547cfbeb960,train
data/Testing/pituitary/Te-pi_24.jpg,pituitary,Testing,66d90f14b362670abba578d7d3f89fc1,val
data/Testing/pituitary/Te-pi_76.jpg,pituitary,Testing,bfe1a1b9eb4332447d96895ae79f0f14,train
data/Testing/pituitary/Te-pi_35.jpg,pituitary,Testing,ef11ef132520968e3ed003a2c3451613,train
data/Testing/pituitary/Te-pi_290.jpg,pituitary,Testing,02363fdcbfd3bdbcd5da46b59f887b31,train
data/Testing/pituitary/Te-pi_313.jpg,pituitary,Testing,3e063fdc025ebf9d1e6a799852809501,train
data/Testing/pituitary/Te-pi_26.jpg,pituitary,Testing,469a2a1634c3c9343b4a8608aa3745b2,train
data/Testing/pituitary/Te-pi_63.jpg,pituitary,Testing,fcec9af63211c895904bc6091ea4cdce,val
data/Testing/pituitary/Te-pi_178.jpg,pituitary,Testing,885b1a108637b3408c2414cf343b46a9,train
data/Testing/pituitary/Te-pi_153.jpg,pituitary,Testing,fe24172df727472dbf312c6685ae5dba,train
data/Testing/pituitary/Te-pi_375.jpg,pituitary,Testing,5612687fff4f6ca1c958a3cee050f34a,train
data/Testing/pituitary/Te-pi_248.jpg,pituitary,Testing,b1e55673779c2c3cebbe8cf7c903d790,train
data/Testing/pituitary/Te-pi_46.jpg,pituitary,Testing,9f414bb3e3c055b58649fb4f82178e00,test
data/Testing/pituitary/Te-pi_28.jpg,pituitary,Testing,708b5a91fb311d91634f459794a110d4,train
data/Testing/pituitary/Te-pi_347.jpg,pituitary,Testing,1983e8c342851b900a773a88cf1d5e1f,val
data/Testing/pituitary/Te-pi_250.jpg,pituitary,Testing,ffe1407dd854f14af0051954da5aef82,train
data/Testing/pituitary/Te-pi_284.jpg,pituitary,Testing,e8780d8fbad71361b2d2ef20f2bb361c,train
data/Testing/pituitary/Te-pi_369.jpg,pituitary,Testing,f4d21e08e2166d7d3384fa0e20434389,train
data/Testing/pituitary/Te-pi_95.jpg,pituitary,Testing,32df1d85b60fd7224c1f509c8871f4a0,val
data/Testing/pituitary/Te-pi_359.jpg,pituitary,Testing,2881778da851c3c4bfcd5173ba2b51f4,train
data/Testing/pituitary/Te-pi_94.jpg,pituitary,Testing,260388b60e3073a63f4da11f5a3865ec,train
data/Testing/pituitary/Te-pi_101.jpg,pituitary,Testing,47e978374252ed34566a8c1f34a7bfcd,train
data/Testing/pituitary/Te-pi_22.jpg,pituitary,Testing,ae0e931ce58f705b48c232f8f65313d0,test
data/Testing/pituitary/Te-pi_113.jpg,pituitary,Testing,e199097724831726be93c52ea1a2a5c8,test
data/Testing/pituitary/Te-pi_388.jpg,pituitary,Testing,424626083183d0a7128bc50319400b96,train
data/Testing/pituitary/Te-pi_287.jpg,pituitary,Testing,93779e8a03784e6d1c13be2c422d06b0,val
data/Testing/pituitary/Te-pi_322.jpg,pituitary,Testing,b2cdd6ff0f4b5903e0e2369afa2af7db,train
data/Testing/pituitary/Te-pi_148.jpg,pituitary,Testing,7f2b42c0cc40763b3758d9b2606d48db,train
data/Testing/pituitary/Te-pi_281.jpg,pituitary,Testing,3f5e60fdd0a275d709212d25f0202577,val
data/Testing/pituitary/Te-pi_215.jpg,pituitary,Testing,002269b84698c2985741797afb2fff97,test
data/Testing/pituitary/Te-pi_305.jpg,pituitary,Testing,344dbd95818521736ea239bc6a024a41,train
data/Testing/pituitary/Te-pi_140.jpg,pituitary,Testing,baff496ebb8766c3dca916e2704b2065,test
data/Testing/pituitary/Te-pi_70.jpg,pituitary,Testing,707c59da9558e18aab9abcb13c0407b5,train
data/Testing/pituitary/Te-pi_10.jpg,pituitary,Testing,eba611b97eed65084bbe602d4a220826,train
data/Testing/pituitary/Te-pi_169.jpg,pituitary,Testing,1d179a5cef8710e3994d1713eebc1f36,train
data/Testing/pituitary/Te-pi_340.jpg,pituitary,Testing,22e3ba50b95b70e83a97aca2dd476d67,train
data/Testing/pituitary/Te-pi_213.jpg,pituitary,Testing,6107456486fc97d613da139ebff9308c,train
data/Testing/pituitary/Te-pi_104.jpg,pituitary,Testing,221f5877ee40e36331df16016ac812c3,train
data/Testing/pituitary/Te-pi_373.jpg,pituitary,Testing,c78d2383c6863f4291353dde1adb4db8,test
data/Testing/pituitary/Te-pi_184.jpg,pituitary,Testing,dfa1a9a25d8b380fa4b54d4a2593d420,train
data/Testing/pituitary/Te-pi_129.jpg,pituitary,Testing,945ab5d05c3127cb32ea375cf16cc80a,train
data/Testing/pituitary/Te-pi_266.jpg,pituitary,Testing,c257d5c468ffc8eba7d9c60061a5bad6,val
data/Testing/pituitary/Te-pi_88.jpg,pituitary,Testing,39f3003356a45fb1b363efae7346bc7c,test
data/Testing/pituitary/Te-pi_89.jpg,pituitary,Testing,66c75b6f0f44cf5fd92940189e90b61c,test
data/Testing/pituitary/Te-pi_9.jpg,pituitary,Testing,b0d06ad32347ac522bc5ecbbf4c51373,train
data/Testing/pituitary/Te-pi_39.jpg,pituitary,Testing,8853bec44c8aea54ffb4bed5df0073ed,train
data/Testing/pituitary/Te-pi_41.jpg,pituitary,Testing,6d5248ab892b0d59e9e7910d25fd4e58,val
data/Testing/pituitary/Te-pi_195.jpg,pituitary,Testing,148435dc344694f1be00ff52952ab9e2,train
data/Testing/pituitary/Te-pi_389.jpg,pituitary,Testing,0c233cf95bafc9f2a1b1bcde9819cd24,train
data/Testing/pituitary/Te-pi_278.jpg,pituitary,Testing,20a41950c0e95c22b7d7772c57e18b67,test
data/Testing/pituitary/Te-pi_121.jpg,pituitary,Testing,c9186cdaaca5bec7fc578eb54497df8d,train
data/Testing/pituitary/Te-pi_83.jpg,pituitary,Testing,c563a28d0933bcf01137d1465438c34f,train
data/Testing/pituitary/Te-pi_103.jpg,pituitary,Testing,78cc608a04fc55143a22f52e8d4d2253,train
data/Testing/pituitary/Te-pi_301.jpg,pituitary,Testing,21fd69e01d027e69ab1163a49d30020a,train
data/Testing/pituitary/Te-pi_131.jpg,pituitary,Testing,e54ad64f02824f4b880f2d2005d145fc,train
data/Testing/pituitary/Te-pi_73.jpg,pituitary,Testing,5cfbb399c696562cf60b26e3badbd5dc,train
data/Testing/pituitary/Te-pi_360.jpg,pituitary,Testing,83141a768e97b62b3257c4b89ba6edea,train
data/Testing/pituitary/Te-pi_90.jpg,pituitary,Testing,279cba9380ca5df6261838706c5f1e19,test
data/Testing/pituitary/Te-pi_338.jpg,pituitary,Testing,88fbf263862acac51af33b5d2f081257,train
data/Testing/pituitary/Te-pi_78.jpg,pituitary,Testing,0679074489672077245880de25de0469,train
data/Testing/pituitary/Te-pi_227.jpg,pituitary,Testing,468a4a239c19277e873df0cb2859f0dc,val
data/Testing/pituitary/Te-pi_256.jpg,pituitary,Testing,f54529ed0782aa41e9e56a8f691b5da3,train
data/Testing/pituitary/Te-pi_304.jpg,pituitary,Testing,ad1cafc8c208edf77ff6d89d9e9ca6a5,train
data/Testing/pituitary/Te-pi_292.jpg,pituitary,Testing,66c2844783534571f929cbfe3cd821a2,val
data/Testing/pituitary/Te-pi_37.jpg,pituitary,Testing,a986733e5f66b3c556712cafbfdf4d1d,train
data/Testing/pituitary/Te-pi_381.jpg,pituitary,Testing,63b4abb52f5aea16d1d73eaa54db3dd6,train
data/Testing/pituitary/Te-pi_374.jpg,pituitary,Testing,3af7f87a722f6fbf8ab67adaf99c5051,train
data/Testing/pituitary/Te-pi_23.jpg,pituitary,Testing,c096e3572118c04424b5866d20d03542,train
data/Testing/pituitary/Te-pi_84.jpg,pituitary,Testing,1033a6b749ca998f25a880bed4dfea57,val
data/Testing/pituitary/Te-pi_362.jpg,pituitary,Testing,428f0c0efe952f7952648703424734ca,train
data/Testing/pituitary/Te-pi_307.jpg,pituitary,Testing,a6fde5f511a3f4db64e675918e03be64,train
data/Testing/pituitary/Te-pi_238.jpg,pituitary,Testing,88b7b803be91e57e07572e226807cfa3,train
data/Testing/pituitary/Te-pi_382.jpg,pituitary,Testing,7bb26652d30534af24598bc80ffd3e92,train
data/Testing/pituitary/Te-pi_179.jpg,pituitary,Testing,6464c16d6bb53879fc6701f1c69a8275,val
data/Testing/pituitary/Te-pi_271.jpg,pituitary,Testing,c2f402ae605115be8889341130affd20,train
data/Testing/pituitary/Te-pi_253.jpg,pituitary,Testing,8e221bfe0c4800581c5e134d33eb9ea0,val
data/Testing/pituitary/Te-pi_332.jpg,pituitary,Testing,0222c1544b04311cc1885a543e51aa40,train
data/Testing/pituitary/Te-pi_335.jpg,pituitary,Testing,801b6526f16b1f4f82c8dc0e84d197c6,val
data/Testing/pituitary/Te-pi_377.jpg,pituitary,Testing,40161982dbb34830219e3be86dda944b,val
data/Testing/pituitary/Te-pi_16.jpg,pituitary,Testing,e6c50feaad6b291f2f123fcbbfc52501,train
data/Testing/pituitary/Te-pi_156.jpg,pituitary,Testing,d6bb4b5c6e13a28cf235280d056e2280,train
data/Testing/pituitary/Te-pi_172.jpg,pituitary,Testing,85fc5f4ff3c43b6158f34d48ce430ee5,train
data/Testing/pituitary/Te-pi_75.jpg,pituitary,Testing,3300cd44de4d8712335f8312c6b3e542,train
data/Testing/pituitary/Te-pi_242.jpg,pituitary,Testing,f1226a140bbf756325dc937ba7cbcf62,val
data/Testing/pituitary/Te-pi_122.jpg,pituitary,Testing,1a2fe4fdab5d0499f9206453e6eb151b,train
data/Testing/pituitary/Te-pi_233.jpg,pituitary,Testing,445c5badf9e21bd6493d80256ea459aa,train
data/Testing/pituitary/Te-pi_93.jpg,pituitary,Testing,8bf5bf6f8321f9d17fff9d3aed937c6a,train
data/Testing/pituitary/Te-pi_161.jpg,pituitary,Testing,13f671bacd6cedcb3dece5e5f8944ffb,train
data/Testing/pituitary/Te-pi_159.jpg,pituitary,Testing,1ebe622ac872d47937e734f4d889ec49,test
data/Testing/pituitary/Te-pi_200.jpg,pituitary,Testing,5710a535e3194d0cdf3f1c4ebe3212ab,train
data/Testing/pituitary/Te-pi_209.jpg,pituitary,Testing,76ce83d0626ee703b5b629125fa9c467,test
data/Testing/pituitary/Te-pi_343.jpg,pituitary,Testing,0545ea47d9c1780c26050eee98e5baa8,train
data/Testing/pituitary/Te-pi_225.jpg,pituitary,Testing,24d422c66572480e2536861645d5c955,train
data/Testing/pituitary/Te-pi_202.jpg,pituitary,Testing,f540c327135895062eeb1f90e82db494,train
data/Testing/pituitary/Te-pi_141.jpg,pituitary,Testing,3326fd02a76cf696c9679794f3aaf14b,test
data/Testing/pituitary/Te-pi_29.jpg,pituitary,Testing,0cd4076fdef2e3e7a9fbbf941866b0ba,train
data/Testing/pituitary/Te-pi_397.jpg,pituitary,Testing,b3b68dd5e8ece23e1ba16fae58e51e51,val
data/Testing/pituitary/Te-pi_15.jpg,pituitary,Testing,06667ca4bdd357090a42acdfe470e9b1,test
data/Testing/pituitary/Te-pi_152.jpg,pituitary,Testing,dcdab27e802838f5229a39372f03d6f6,test
data/Testing/pituitary/Te-pi_150.jpg,pituitary,Testing,342e359eb0356b22f13baa39029f9020,train
data/Testing/pituitary/Te-pi_40.jpg,pituitary,Testing,4df776f30414209faa0fad77707710fb,train
data/Testing/pituitary/Te-pi_192.jpg,pituitary,Testing,12b5f557831841726b41d1caf08ce024,val
data/Testing/pituitary/Te-pi_303.jpg,pituitary,Testing,fc1bc5020ba3d5ec3740a829b800b682,train
data/Testing/pituitary/Te-pi_64.jpg,pituitary,Testing,9e22ea0ad27bc243bbcfe10e5692399a,test
data/Testing/pituitary/Te-pi_65.jpg,pituitary,Testing,9c39401a0acd07d4310d110ccfde498c,train
data/Testing/pituitary/Te-pi_8.jpg,pituitary,Testing,70dcff3f12be3d0e595b33385709dfde,train
data/Testing/pituitary/Te-pi_326.jpg,pituitary,Testing,97b7de83612d941c2b9869e9d5c1392a,train
data/Testing/pituitary/Te-pi_92.jpg,pituitary,Testing,1df49b4072f2bfa7afaa0c1cc6783681,train
data/Testing/pituitary/Te-pi_217.jpg,pituitary,Testing,21107ddf46c4531becb79407411bf952,train
data/Testing/pituitary/Te-pi_67.jpg,pituitary,Testing,24226e8dd747e75d81fa72e027b317de,train
data/Testing/pituitary/Te-pi_234.jpg,pituitary,Testing,4ebe0a81704c5d7d91e1142c0316c086,train
data/Testing/pituitary/Te-pi_191.jpg,pituitary,Testing,41e4a2869875edcce4682cb477a883fa,train
data/Testing/pituitary/Te-pi_246.jpg,pituitary,Testing,b5d721d7c0b74a91d50e42224fef374d,train
data/Testing/pituitary/Te-pi_77.jpg,pituitary,Testing,855b440dc7f16ab97812804e68909891,train
data/Testing/pituitary/Te-pi_280.jpg,pituitary,Testing,8beaefe472e145d0d4f793f1e8829479,train
data/Testing/pituitary/Te-pi_2.jpg,pituitary,Testing,af400abcb33c1d5c68bbfdc75666aa3f,test
data/Testing/pituitary/Te-pi_47.jpg,pituitary,Testing,2df48b3c4f9382478703319854f592f1,val
data/Testing/pituitary/Te-pi_12.jpg,pituitary,Testing,c1fe871b84d7713a2f8f972a64868682,train
data/Testing/pituitary/Te-pi_235.jpg,pituitary,Testing,32090537558a95377797cb0b67de2845,val
data/Testing/pituitary/Te-pi_319.jpg,pituitary,Testing,8062a9486a64a44e4990c2d909a835be,train
data/Testing/pituitary/Te-pi_61.jpg,pituitary,Testing,4e93c14f30c073dc41d088c4c1218ab9,train
data/Testing/pituitary/Te-pi_133.jpg,pituitary,Testing,a3f889d6f82bc52a9f95828fb265893e,train
data/Testing/pituitary/Te-pi_176.jpg,pituitary,Testing,d33c174ae090371f4c1e9d09c598d02a,train
data/Testing/pituitary/Te-pi_137.jpg,pituitary,Testing,4ca4301ea29609faeb943ff494d609ec,test
data/Testing/pituitary/Te-pi_328.jpg,pituitary,Testing,25a6207c8fce407681292274016619a7,train
data/Testing/pituitary/Te-pi_306.jpg,pituitary,Testing,76af3847733c22d500295da246361747,test
data/Testing/pituitary/Te-pi_158.jpg,pituitary,Testing,2bb809e7ef036a66a67d3fc94729c2c4,train
data/Testing/pituitary/Te-pi_298.jpg,pituitary,Testing,584ca4664acb9536e369e49eb98239ad,test
data/Testing/pituitary/Te-pi_223.jpg,pituitary,Testing,e9a1ed8c4a70eb8a4138c3538e4baf68,test
data/Testing/pituitary/Te-pi_363.jpg,pituitary,Testing,ee3e67b37f4687eb034553dc97876fad,val
data/Testing/pituitary/Te-pi_185.jpg,pituitary,Testing,3f6b1cde0844d6edce2f24d31f28fe69,train
data/Testing/pituitary/Te-pi_259.jpg,pituitary,Testing,29ce0e50c11877773bba827cebac5525,train
data/Testing/pituitary/Te-pi_72.jpg,pituitary,Testing,294dd6b701e5d6e546bdc87820a23172,train
data/Testing/pituitary/Te-pi_295.jpg,pituitary,Testing,38e5f59da97e78cdb2aed02f61d7c1ea,train
data/Testing/pituitary/Te-pi_354.jpg,pituitary,Testing,48f464727746ac900d46c1ffc8523bc2,test
data/Testing/pituitary/Te-pi_6.jpg,pituitary,Testing,2a3a24d7a90e9626449a03f22c308694,val
data/Testing/pituitary/Te-pi_51.jpg,pituitary,Testing,6ef1deede2089262da9aacd0d55babec,test
data/Testing/pituitary/Te-pi_341.jpg,pituitary,Testing,ee13139c33cf0e5cb5c9cff170979738,train
data/Testing/pituitary/Te-pi_251.jpg,pituitary,Testing,081e64cf823c6bb66b64d8d87a8e7b99,val
data/Testing/pituitary/Te-pi_355.jpg,pituitary,Testing,a35735e6a04c054395bbeb7ef192cf7f,train
data/Testing/pituitary/Te-pi_264.jpg,pituitary,Testing,56f3aecb5e0e036585d1742211214e09,test
data/Testing/pituitary/Te-pi_164.jpg,pituitary,Testing,847cf564cc444114edc472f750d3d2d6,test
data/Testing/pituitary/Te-pi_97.jpg,pituitary,Testing,134e6b7bbae9e0f7f31e73ad25b3d6ef,train
data/Testing/pituitary/Te-pi_204.jpg,pituitary,Testing,814a3eee8a0ddc8e400b563ad814979c,train
data/Testing/pituitary/Te-pi_261.jpg,pituitary,Testing,c7cefead0adff13a04a983a8f6e3e7b1,train
data/Testing/pituitary/Te-pi_201.jpg,pituitary,Testing,433f6cdc94cff6893c7bae881c1daa41,train
data/Testing/pituitary/Te-pi_270.jpg,pituitary,Testing,fa4ee22df57caf82369b2910ba6daa9b,test
data/Testing/pituitary/Te-pi_336.jpg,pituitary,Testing,5d5051712e6ea14e445e2511342ee602,train
data/Testing/pituitary/Te-pi_288.jpg,pituitary,Testing,05c3c2cfe861be0f6bad8a8e7a9b3f63,val
data/Testing/pituitary/Te-pi_323.jpg,pituitary,Testing,12b9470e4517fcfdbe2ad6cd0d0fcc80,train
data/Testing/pituitary/Te-pi_149.jpg,pituitary,Testing,3b315127ad0e9c644b51e6155275f3cc,train
data/Testing/pituitary/Te-pi_348.jpg,pituitary,Testing,8edf1feebc74aeba25948964518483fb,train
data/Testing/pituitary/Te-pi_127.jpg,pituitary,Testing,6078a37d0e605b0880a35c6518422e5c,train
data/Testing/pituitary/Te-pi_155.jpg,pituitary,Testing,5c2687b1b7b65d5f993d2995139e1b89,train
data/Testing/pituitary/Te-pi_330.jpg,pituitary,Testing,4b2688341200ec37afe085784db56391,train
data/Testing/pituitary/Te-pi_268.jpg,pituitary,Testing,ade8f71d1984ccb522ebbade5396fb2b,test
data/Testing/pituitary/Te-pi_283.jpg,pituitary,Testing,fb7bd2d26e3b86081aab6431641d803b,val
data/Testing/pituitary/Te-pi_351.jpg,pituitary,Testing,77d4c667f3fd91a8449fa1e563764845,train
data/Testing/pituitary/Te-pi_82.jpg,pituitary,Testing,3840f646569848919dd7b9cadc5f5578,train
data/Testing/pituitary/Te-pi_383.jpg,pituitary,Testing,cda8f5722b11f3f05d8e25b6f5920486,train
data/Testing/pituitary/Te-pi_249.jpg,pituitary,Testing,a966290ca4bd98319ddb41607d37fbbb,val
data/Testing/pituitary/Te-pi_212.jpg,pituitary,Testing,de2f660f34afe960e558ce2916da8899,train
data/Testing/pituitary/Te-pi_243.jpg,pituitary,Testing,6e0ba03bdc5750a61f59df3f2481db57,test
data/Testing/pituitary/Te-pi_315.jpg,pituitary,Testing,9ba82556b17e2fd1853d0dd694f416e0,train
data/Testing/pituitary/Te-pi_117.jpg,pituitary,Testing,51daebbd29b907c558a0ce5a58d17f5d,train
data/Testing/pituitary/Te-pi_147.jpg,pituitary,Testing,0d9ff7ea1d311df72760381356ba7fbc,val
data/Testing/pituitary/Te-pi_49.jpg,pituitary,Testing,ebd8b1bd13930659e06d649c88bffdc4,train
data/Testing/pituitary/Te-pi_286.jpg,pituitary,Testing,1ae51d9bd101c23ecd39bd4fb34da2af,val
data/Testing/pituitary/Te-pi_154.jpg,pituitary,Testing,300182c362b7a5abbebbafb9586b142c,train
data/Testing/pituitary/Te-pi_119.jpg,pituitary,Testing,950aeb329dcc5ce877b0b4a5e1570774,train
data/Testing/pituitary/Te-pi_86.jpg,pituitary,Testing,774bcb1029329ce691cf256c1f434cb4,train
data/Testing/pituitary/Te-pi_173.jpg,pituitary,Testing,eea72cf1a21cd07bb6afdc1e9e0de050,train
data/Testing/pituitary/Te-pi_143.jpg,pituitary,Testing,404ee2907370bb20d02c5b6d54db89bd,val
data/Testing/pituitary/Te-pi_294.jpg,pituitary,Testing,71a840a023738a2e7a86bf1fa0cee44e,train
data/Testing/pituitary/Te-pi_317.jpg,pituitary,Testing,1bb8265861476e4cea27f1cbe1c2f612,train
data/Testing/pituitary/Te-pi_109.jpg,pituitary,Testing,80534302e6798d141faf57257fbf1738,val
data/Testing/pituitary/Te-pi_214.jpg,pituitary,Testing,7c3634a40649e1a34dc467ae9fad8c6e,train
data/Testing/pituitary/Te-pi_308.jpg,pituitary,Testing,c498adbb77a2bee57baef968d71230f4,val
data/Testing/pituitary/Te-pi_244.jpg,pituitary,Testing,5697b4f55a6119d2595cec89b6a14836,train
data/Testing/pituitary/Te-pi_325.jpg,pituitary,Testing,78b19f8ea147029725212a8ebd01630b,train
data/Testing/pituitary/Te-pi_14.jpg,pituitary,Testing,55e2db5fadaf31e5e857f8a881ee2059,train
data/Testing/pituitary/Te-pi_138.jpg,pituitary,Testing,aa8014eb76bf69ffb043dea610d9e4db,val
data/Testing/pituitary/Te-pi_32.jpg,pituitary,Testing,1c52d7faab6fcad59961092f268da857,train
data/Testing/pituitary/Te-pi_162.jpg,pituitary,Testing,0562ababca283ce9ee10a7e51f640322,train
data/Testing/pituitary/Te-pi_218.jpg,pituitary,Testing,a01750be9a23d9b33bf40becb5b21a2f,val
data/Testing/pituitary/Te-pi_229.jpg,pituitary,Testing,a28c0aaf1e5ee802731aef2571094300,train
data/Testing/pituitary/Te-pi_216.jpg,pituitary,Testing,b62a2844b367029f67de11d466f787c7,train
data/Testing/pituitary/Te-pi_99.jpg,pituitary,Testing,d9859496ba9e86fd4e83a44d92913a4d,train
data/Testing/pituitary/Te-pi_57.jpg,pituitary,Testing,9d990ce57d0b6785caf5661012228138,test
data/Testing/pituitary/Te-pi_175.jpg,pituitary,Testing,4f515a3828a230c5e443a7a6a005bdea,train
data/Testing/pituitary/Te-pi_222.jpg,pituitary,Testing,9e300450f1d05ccea878d6ab81f05de3,val
data/Testing/pituitary/Te-pi_255.jpg,pituitary,Testing,46af31cd560f30f580a0704b03fa06f8,train
data/Testing/pituitary/Te-pi_291.jpg,pituitary,Testing,68ca3e2f642c9f9c22564c5d16d5a94e,train
data/Testing/pituitary/Te-pi_385.jpg,pituitary,Testing,1be1d494186020875e70d82b48a4e932,val
data/Testing/pituitary/Te-pi_241.jpg,pituitary,Testing,963bbd0526e49dae288de2be938b8876,train
data/Testing/pituitary/Te-pi_334.jpg,pituitary,Testing,0466f9fe2f19cbefbdeaec975276f6c3,val
data/Testing/pituitary/Te-pi_327.jpg,pituitary,Testing,2a6bda149da46090a120c9f9841a3a2b,test
data/Testing/pituitary/Te-pi_314.jpg,pituitary,Testing,c8402e3bc54914097b4e20546cb96c7c,train
data/Testing/pituitary/Te-pi_62.jpg,pituitary,Testing,e94975a120062943d3cf9cd4a0b2348f,train
data/Testing/pituitary/Te-pi_275.jpg,pituitary,Testing,8ff4deec22e5ca25eb70d49b43e2e1a2,train
data/Testing/pituitary/Te-pi_394.jpg,pituitary,Testing,8952926b4cddbe5790c235a66c6a8d02,test
data/Testing/pituitary/Te-pi_199.jpg,pituitary,Testing,aa8620ea068d9fd3ecff97a292d5d439,test
data/Testing/pituitary/Te-pi_356.jpg,pituitary,Testing,669562a698a0159bde95c5e3bee8077d,train
data/Testing/pituitary/Te-pi_310.jpg,pituitary,Testing,1749e6c78d7e72014a2783dfa6ebb6b8,test
data/Testing/pituitary/Te-pi_262.jpg,pituitary,Testing,cbf6b69a3fcf5c817783b550027adb2b,train
data/Testing/pituitary/Te-pi_203.jpg,pituitary,Testing,07ffca9340985690872d43cb2a896320,test
data/Testing/pituitary/Te-pi_160.jpg,pituitary,Testing,d2f64b757d308f1c859bde21b2943b3d,train
data/Testing/pituitary/Te-pi_11.jpg,pituitary,Testing,ed2b6a2b11547b0062e5434ecf400b8d,test
data/Testing/pituitary/Te-pi_151.jpg,pituitary,Testing,51fd15609e3f9aadc7ffe61a0c63e051,train
data/Testing/pituitary/Te-pi_193.jpg,pituitary,Testing,318932ea5aa71e9f88b3b5c9625fa498,train
data/Testing/pituitary/Te-pi_5.jpg,pituitary,Testing,72a1d7dd063866243e12488fa6e51ba1,test
data/Testing/pituitary/Te-pi_333.jpg,pituitary,Testing,33d9cac51d5514596f99de4253e3c139,train
data/Testing/pituitary/Te-pi_331.jpg,pituitary,Testing,3aa6591448b37cea7e7377c9b6641476,train
data/Testing/pituitary/Te-pi_384.jpg,pituitary,Testing,2fe344197e740b6936250d28a39c3ca2,test
data/Testing/pituitary/Te-pi_111.jpg,pituitary,Testing,0b57ee8da6d7ef3c601e86d82ca23a21,train
data/Testing/pituitary/Te-pi_177.jpg,pituitary,Testing,61a5c8e576afb81edd65922692c52913,train
data/Testing/pituitary/Te-pi_239.jpg,pituitary,Testing,b8aaf0c12aad492ecf4bf50e3532cd92,val
data/Testing/pituitary/Te-pi_54.jpg,pituitary,Testing,5294069cdd3163729ceb365757d777e9,train
data/Testing/pituitary/Te-pi_145.jpg,pituitary,Testing,a5637d24ba4cd4c84c8ef26de03baeb9,train
data/Testing/pituitary/Te-pi_48.jpg,pituitary,Testing,fe5cd10f16c712ef50626f9ab3116063,train
data/Testing/pituitary/Te-pi_144.jpg,pituitary,Testing,4b0f102c406ca23056b1deb574c4da84,train
data/Testing/pituitary/Te-pi_27.jpg,pituitary,Testing,e5ca3462e1e04a3643f944ab4d009d0f,val
data/Testing/pituitary/Te-pi_136.jpg,pituitary,Testing,0bacd5f11a3f68cea590ce6a5eb338a8,test
data/Testing/pituitary/Te-pi_297.jpg,pituitary,Testing,e2c809d7063d8643d62d325ecb5276a2,train
data/Testing/pituitary/Te-pi_210.jpg,pituitary,Testing,92ecc6458c32e4b9fcf3e08794a74a7e,val
data/Testing/pituitary/Te-pi_81.jpg,pituitary,Testing,bbecea972bae10be4b196834feb090f1,train
data/Testing/pituitary/Te-pi_378.jpg,pituitary,Testing,56c0242d5b11bf67cde5f94d7900f2cb,train
data/Testing/pituitary/Te-pi_196.jpg,pituitary,Testing,23ccd596a13e038553cfd71def7eeea2,train
data/Testing/pituitary/Te-pi_226.jpg,pituitary,Testing,4494e679f0cf5ce5369f2a34179dddb1,test
data/Testing/pituitary/Te-pi_79.jpg,pituitary,Testing,e3e378c6d3b4b443251469cd13b5d4e1,train
data/Testing/pituitary/Te-pi_182.jpg,pituitary,Testing,11e5e9c730ef5ffd4a5dd1691acb0d10,train
data/Testing/pituitary/Te-pi_115.jpg,pituitary,Testing,da7cd186874f4cf1c35762fceda40b82,train
data/Testing/pituitary/Te-pi_34.jpg,pituitary,Testing,d112a88f707e8c5874e2b7ac642ee663,val
data/Testing/pituitary/Te-pi_230.jpg,pituitary,Testing,e0927ee5fede33a445824be10ce35d27,test
data/Testing/pituitary/Te-pi_189.jpg,pituitary,Testing,6b5b8df1a76e61e38dccfbd03d5bbc8e,train
data/Testing/pituitary/Te-pi_45.jpg,pituitary,Testing,092148b0f63c81874e2b4c1096b4f1c9,train
data/Testing/pituitary/Te-pi_342.jpg,pituitary,Testing,d8cb1517b9ce63976399d055101efc7c,train
data/Testing/pituitary/Te-pi_263.jpg,pituitary,Testing,ca25901aa793f68b6c7c87609a853293,train
data/Testing/pituitary/Te-pi_59.jpg,pituitary,Testing,9ae884ec71a5524912616d4da030aea5,train
data/Testing/pituitary/Te-pi_190.jpg,pituitary,Testing,c4b72424eacd1bd479fae33990d10898,train
data/Testing/pituitary/Te-pi_353.jpg,pituitary,Testing,a2ea88cface01a349f38a465b41c51cb,val
data/Testing/pituitary/Te-pi_20.jpg,pituitary,Testing,b5405c0b0b3bd22e2345fab9d3ba18c2,train
data/Testing/pituitary/Te-pi_146.jpg,pituitary,Testing,b6354ea6c32c624acedbb91e0f15a328,train
data/Testing/pituitary/Te-pi_257.jpg,pituitary,Testing,c52e29ddc6a43a214527772d2761b77d,train
data/Testing/pituitary/Te-pi_116.jpg,pituitary,Testing,a22d588e22f89b4d6dc7343ad3efc16e,val
data/Testing/pituitary/Te-pi_66.jpg,pituitary,Testing,630b9f90b60bb5b46d1fa4d1779aeb27,test
data/Testing/pituitary/Te-pi_71.jpg,pituitary,Testing,25edfde03bdf69db7654f1be885112da,train
data/Testing/pituitary/Te-pi_100.jpg,pituitary,Testing,11e76105c41ec4264697cc5f1b12cb6e,train
data/Testing/pituitary/Te-pi_293.jpg,pituitary,Testing,615c4044557b6b0913234e1e58e0bd7f,train
data/Testing/pituitary/Te-pi_118.jpg,pituitary,Testing,a31ab9f92afbaa4543084c7b12151283,train
data/Testing/pituitary/Te-pi_4.jpg,pituitary,Testing,9267e8617cf829a7006008416af883e4,train
data/Testing/pituitary/Te-pi_219.jpg,pituitary,Testing,3c5de77522510a6741c620d8b4d04e75,train
data/Testing/pituitary/Te-pi_391.jpg,pituitary,Testing,dcda7b4aff07b4a934d2035756b4b6a6,test
data/Testing/pituitary/Te-pi_166.jpg,pituitary,Testing,59ad8d8c8b15edcd776a4a5076f95329,train
data/Testing/pituitary/Te-pi_69.jpg,pituitary,Testing,1b303c883b74b6ed806585286a53e769,train
data/Testing/pituitary/Te-pi_371.jpg,pituitary,Testing,d349e210e90c275ed195228776a0ba64,train
data/Testing/pituitary/Te-pi_142.jpg,pituitary,Testing,b7c70f6c92c9328da168ab33c1008ae7,train
data/Testing/pituitary/Te-pi_344.jpg,pituitary,Testing,b26290d084ad962eb18b729042fe2ce6,train
data/Testing/pituitary/Te-pi_168.jpg,pituitary,Testing,684f3a8c6a38c754af74fe7d91396131,train
data/Testing/pituitary/Te-pi_167.jpg,pituitary,Testing,470d7af6a33ebe3ed30b3b89aead50c0,train
data/Testing/pituitary/Te-pi_30.jpg,pituitary,Testing,db7a363aa91dfc89d516eee5e8ac67d1,train
data/Testing/pituitary/Te-pi_13.jpg,pituitary,Testing,f5d263da27d91a5cc03758f87f288060,train
data/Testing/pituitary/Te-pi_107.jpg,pituitary,Testing,ced8f7062a78c1a4673a3376b3eba3e8,train
data/Testing/pituitary/Te-pi_318.jpg,pituitary,Testing,03344d1aa78b0987c14e31b0a821c6cb,test
data/Testing/pituitary/Te-pi_181.jpg,pituitary,Testing,d54a6e38d93f7a5f297a047d28a73649,train
data/Testing/pituitary/Te-pi_186.jpg,pituitary,Testing,0b09caa0fbd3cc55eba640c8c49b2010,train
data/Testing/pituitary/Te-pi_68.jpg,pituitary,Testing,ebe30e95d680eebb6c4ee65c89024e0a,val
data/Testing/pituitary/Te-pi_254.jpg,pituitary,Testing,2ee214bc52625bd8c3332e926c931246,train
data/Testing/pituitary/Te-pi_102.jpg,pituitary,Testing,a83f45b8d412f67c49595df622769d44,train
data/Testing/pituitary/Te-pi_329.jpg,pituitary,Testing,96bbe7f49a02c16aa9e810957816499f,train
data/Testing/pituitary/Te-pi_398.jpg,pituitary,Testing,e9b9025c49ff3ac8466cdda2c9044ff8,train
data/Testing/pituitary/Te-pi_352.jpg,pituitary,Testing,907a6e387043eb19a3de4974ec5be1a0,train
data/Testing/pituitary/Te-pi_380.jpg,pituitary,Testing,d869ccce8f18aca2074a67adf3790a72,train
data/Testing/pituitary/Te-pi_105.jpg,pituitary,Testing,41fc4679a821dbd32439b8384f70a055,train
data/Testing/pituitary/Te-pi_372.jpg,pituitary,Testing,2e8c1f26dfc93760d1c8e1de8268afff,val
data/Testing/pituitary/Te-pi_296.jpg,pituitary,Testing,b5c8f040e2655d4f1cff011434c2e334,train
data/Testing/pituitary/Te-pi_400.jpg,pituitary,Testing,169a83f12c84c3823bc698d35f99dbaa,train
data/Testing/pituitary/Te-pi_171.jpg,pituitary,Testing,f0d37aea494379b05c31ccbbfd9d0922,train
data/Testing/pituitary/Te-pi_390.jpg,pituitary,Testing,c5ba23c022a3c776c6de93aa07362f92,val
data/Testing/pituitary/Te-pi_135.jpg,pituitary,Testing,449b792d2bbd815ea9ad0107994ff02a,train
data/Testing/pituitary/Te-pi_125.jpg,pituitary,Testing,55f108642fe5e85f9df48676b49e6315,val
data/Testing/pituitary/Te-pi_367.jpg,pituitary,Testing,817fed1a9ef646d9764f043c7b089ee5,test
data/Testing/pituitary/Te-pi_282.jpg,pituitary,Testing,4f1468a8a21471c4e2d331d828c4a2cb,train
data/Testing/pituitary/Te-pi_87.jpg,pituitary,Testing,717cc6de7dcc394f14d8b5370d8544bc,train
data/Testing/pituitary/Te-pi_236.jpg,pituitary,Testing,85054111780f86e449a87bfe73f5da7d,val
data/Testing/pituitary/Te-pi_36.jpg,pituitary,Testing,6f9a2b75549544a5f3f3accb524f5331,train
data/Testing/pituitary/Te-pi_260.jpg,pituitary,Testing,2f833e3c5859856aa33a7d79fdc6e634,train
data/Testing/pituitary/Te-pi_265.jpg,pituitary,Testing,c02ade5f2693a93ec8c36ae39e87c9ed,test
data/Testing/pituitary/Te-pi_134.jpg,pituitary,Testing,049039a1201d5fc88edd0600bd27fdeb,train
data/Testing/pituitary/Te-pi_33.jpg,pituitary,Testing,b52c8518293113004756f5f232f53255,train
data/Testing/pituitary/Te-pi_38.jpg,pituitary,Testing,746ce47791d6346776bc57c049bc390c,val
data/Testing/pituitary/Te-pi_56.jpg,pituitary,Testing,36bf5bcb46d972e4a394d1ad7528d02f,train
data/Testing/pituitary/Te-pi_311.jpg,pituitary,Testing,6831486232cd5e4481fff6e2cde0b275,val
data/Testing/pituitary/Te-pi_163.jpg,pituitary,Testing,2898ae4b5454fb6d9eee97759330c54f,train
data/Testing/pituitary/Te-pi_114.jpg,pituitary,Testing,e989f68cfcb6e92765adf783d9bc7817,train
data/Testing/pituitary/Te-pi_279.jpg,pituitary,Testing,eed6515b22e7f572822d00ec56ddffff,val
data/Testing/pituitary/Te-pi_194.jpg,pituitary,Testing,9f3c3a832ca73e9403032313e92f27c3,test
data/Testing/pituitary/Te-pi_208.jpg,pituitary,Testing,0462881863b996202f9979e7836dddb6,train
data/Testing/pituitary/Te-pi_85.jpg,pituitary,Testing,e407bd467ec12ad1244da3469e12c774,train
data/Testing/pituitary/Te-pi_267.jpg,pituitary,Testing,6d71e313e139338dd5e79e7dd40392f0,val
data/Testing/pituitary/Te-pi_232.jpg,pituitary,Testing,31b6c12a0a4032180c8b6b9932e4530e,val
data/Testing/pituitary/Te-pi_302.jpg,pituitary,Testing,80c382f02b14db32f8e3aa884136b3cf,val
data/Testing/pituitary/Te-pi_245.jpg,pituitary,Testing,6b8c0f0745bdb74d2d2e4280d687bf19,train
data/Testing/pituitary/Te-pi_289.jpg,pituitary,Testing,02b6f06f232a5e03f3b9b521193b0932,test
data/Testing/pituitary/Te-pi_349.jpg,pituitary,Testing,12a9577ace77b7efa96ead3088ade68f,train
data/Testing/pituitary/Te-pi_139.jpg,pituitary,Testing,a8cbbb4223c55bb9e1a05ac07634d95c,train
data/Testing/pituitary/Te-pi_358.jpg,pituitary,Testing,f7cc7ec4dfd7e93f2013f7dc65b4631c,train
data/Testing/pituitary/Te-pi_1.jpg,pituitary,Testing,1f88b711ae1045e18668777b8786a90a,test
data/Testing/pituitary/Te-pi_273.jpg,pituitary,Testing,f59c5038c9cec828010eb7b7725769c3,val
data/Testing/pituitary/Te-pi_31.jpg,pituitary,Testing,a865024f77922f56c14ca307e147540e,train
data/Testing/pituitary/Te-pi_252.jpg,pituitary,Testing,dee28b36f4d9f2026f44697daf838de8,test
data/Testing/pituitary/Te-pi_106.jpg,pituitary,Testing,c7a13a9367b45f17ece68151526b21b7,train
data/Testing/pituitary/Te-pi_17.jpg,pituitary,Testing,2b6b0df937c83c072e2c645b212420e6,train
data/Testing/pituitary/Te-pi_50.jpg,pituitary,Testing,954fccd78916fb88aec5e0479a9cc811,train
data/Testing/pituitary/Te-pi_110.jpg,pituitary,Testing,199ca65700ecb7a57a6b22864f68ea97,train
data/Testing/pituitary/Te-pi_18.jpg,pituitary,Testing,01a7fede3ec016d67345c8c0af0a0da7,train
data/Testing/pituitary/Te-pi_345.jpg,pituitary,Testing,5f7a79b3e1e75b1ca8e8f406e5009f05,train
data/Testing/pituitary/Te-pi_187.jpg,pituitary,Testing,9556f4817dc71a39043aec30e506fc77,train
data/Testing/pituitary/Te-pi_53.jpg,pituitary,Testing,55ceccddda5b9150c89a4f371ebb8ae8,train
data/Testing/pituitary/Te-pi_299.jpg,pituitary,Testing,7c5e64b2d6f0ab11c686a6f4ce13bf36,train
data/Testing/pituitary/Te-pi_276.jpg,pituitary,Testing,d555d0ac15b95e500f40336179840346,train
data/Testing/pituitary/Te-pi_240.jpg,pituitary,Testing,8dd635f27b0ca302f0e9712d77bafb22,val
data/Testing/pituitary/Te-pi_220.jpg,pituitary,Testing,560e4b48a6c0cd06244c610068a1b714,train
data/Testing/pituitary/Te-pi_3.jpg,pituitary,Testing,6a60c4903b6518ab0a94985ca5a205bd,train
data/Testing/pituitary/Te-pi_393.jpg,pituitary,Testing,bde174a8ef4bdfcac01608e4e88f0fb8,val
data/Testing/pituitary/Te-pi_309.jpg,pituitary,Testing,66d5b88a9b6f7450dbacddbc4dbb7249,train
data/Testing/pituitary/Te-pi_120.jpg,pituitary,Testing,d9313b865aacc305d2dfab3b31f64ba9,train
data/Testing/pituitary/Te-pi_386.jpg,pituitary,Testing,586cb423a7ebf79f6f492c3b2eb1f7da,test
data/Testing/pituitary/Te-pi_211.jpg,pituitary,Testing,3d60fa58bf3786a4e98c39746d3b9e8d,train
data/Testing/pituitary/Te-pi_395.jpg,pituitary,Testing,49a0f6ee8e17eb2e2a3a8d612231f74a,test
data/Testing/pituitary/Te-pi_19.jpg,pituitary,Testing,3a80192cf7306c7d0ec03643c567dd28,train
data/Testing/pituitary/Te-pi_272.jpg,pituitary,Testing,a386778ca5b15b0d60bf54fc08e9cb3e,train
data/Testing/pituitary/Te-pi_321.jpg,pituitary,Testing,acd5c66b67e3b7e7ac4726af7a56f3c5,train
data/Testing/pituitary/Te-pi_312.jpg,pituitary,Testing,1de580d40fbd496f238a0d75b32ee17b,val
data/Testing/pituitary/Te-pi_165.jpg,pituitary,Testing,3970071f63e17ae841d4ef6a85611261,train
data/Testing/pituitary/Te-pi_316.jpg,pituitary,Testing,a71ab89df76217ed256f2d89bdd8a4c8,train
data/Testing/pituitary/Te-pi_43.jpg,pituitary,Testing,f107bba7c1528e70e68dd45a7798e960,train
data/Testing/pituitary/Te-pi_365.jpg,pituitary,Testing,cc2647b399acd502fafd6232175295f2,train
data/Testing/pituitary/Te-pi_157.jpg,pituitary,Testing,4184a08142dd15e0508851c77559bcab,train
data/Testing/pituitary/Te-pi_180.jpg,pituitary,Testing,5576617ab233dc3f840a27cc57dcaa37,train
data/Testing/pituitary/Te-pi_277.jpg,pituitary,Testing,6ad70b532cb2cc245bce4417bea8d11c,train
data/Testing/pituitary/Te-pi_123.jpg,pituitary,Testing,c20ecb3527b5a3e7ed19198df9bb5877,train
data/Testing/pituitary/Te-pi_224.jpg,pituitary,Testing,79f03f9d35fed198c625fc7cfe4c38b5,test
data/Testing/pituitary/Te-pi_42.jpg,pituitary,Testing,82456526142f35eaf49cd801727f8160,test
data/Testing/pituitary/Te-pi_197.jpg,pituitary,Testing,d864c9d8d8e3e1fa77aa7ccf62a8aabd,train
data/Testing/pituitary/Te-pi_300.jpg,pituitary,Testing,d967c497561b64c2cbdeebbdb26b1ccd,test
data/Testing/pituitary/Te-pi_44.jpg,pituitary,Testing,0117e485280fb0801a7c1f11e7bc4445,train
data/Testing/pituitary/Te-pi_247.jpg,pituitary,Testing,474d2c5602f61c35b590354cb7954c59,train
data/Testing/pituitary/Te-pi_364.jpg,pituitary,Testing,4a635105c0349a17f04856bd15fe9313,train
data/Testing/pituitary/Te-pi_366.jpg,pituitary,Testing,78ea4ff74859f16b277f57cb8f35cb20,train
data/Testing/pituitary/Te-pi_124.jpg,pituitary,Testing,89de6099210fad2ab0992ff7698fefa4,test
data/Testing/pituitary/Te-pi_285.jpg,pituitary,Testing,784ece2b3ed569312db95c83e31b3c03,train
data/Testing/pituitary/Te-pi_339.jpg,pituitary,Testing,f48d963614630533250e5418c9bef642,train
data/Testing/pituitary/Te-pi_324.jpg,pituitary,Testing,9dfaae50a9a7cc2fad496239d0b5c6dc,train
data/Testing/pituitary/Te-pi_7.jpg,pituitary,Testing,2339c0a3ead88f39cb2f751c31d43aca,val
data/Testing/pituitary/Te-pi_346.jpg,pituitary,Testing,664c7c56e40ab5e7ef75a0ebdbf5b54b,test
data/Testing/pituitary/Te-pi_174.jpg,pituitary,Testing,b69dbd2efd2e99ba54804f08c139ed3b,train
data/Testing/pituitary/Te-pi_128.jpg,pituitary,Testing,bd4c7233df10a2c3645de08d2411ea26,test
data/Testing/pituitary/Te-pi_25.jpg,pituitary,Testing,57be97a0b7898da65fc8217168e10d9d,test
data/Testing/pituitary/Te-pi_96.jpg,pituitary,Testing,ab0245ebc7f402f7fad50ef0b9373a48,val
data/Testing/pituitary/Te-pi_221.jpg,pituitary,Testing,f6a7eb60eb82064d033b3bbdf984ea19,test
data/Testing/pituitary/Te-pi_274.jpg,pituitary,Testing,8151f16021e3a47c31c6408e72f7490f,val
data/Testing/pituitary/Te-pi_130.jpg,pituitary,Testing,2490f13abe047c832cca7b00e85b5242,train
data/Testing/pituitary/Te-pi_112.jpg,pituitary,Testing,200c286515fcfed1b3f6dfa79d4c0f7d,train
data/Testing/pituitary/Te-pi_370.jpg,pituitary,Testing,ca0954b820327d67beb1ee2478c1df0e,val
data/Testing/pituitary/Te-pi_258.jpg,pituitary,Testing,a1ae86764b0d04426fa157e0327022cf,val
data/Testing/pituitary/Te-pi_379.jpg,pituitary,Testing,9e3b13a414d09f1bf442aea5d8e2ec68,val
data/Testing/pituitary/Te-pi_350.jpg,pituitary,Testing,5360631e788dc2638c15fc9c36d66729,train
data/Testing/pituitary/Te-pi_55.jpg,pituitary,Testing,b62958aab92a20249974a0d56b405f38,train
data/Testing/pituitary/Te-pi_188.jpg,pituitary,Testing,6d1b2b951733b48cd456bdb2a560eb9f,train
data/Testing/pituitary/Te-pi_376.jpg,pituitary,Testing,6183316cf46c1b02878ed97700ac6674,train
data/Testing/pituitary/Te-pi_60.jpg,pituitary,Testing,e9f0befcdfe716517a72bc29c37a80e4,train
data/Testing/pituitary/Te-pi_206.jpg,pituitary,Testing,06edcef76180576d33fa3412c021efe2,val
data/Testing/pituitary/Te-pi_387.jpg,pituitary,Testing,1eb6131c0b40feec1c82185e1b77311e,train
data/Testing/pituitary/Te-pi_80.jpg,pituitary,Testing,a0154e876a81334eadd5942ef24ea7b1,val
data/Testing/pituitary/Te-pi_361.jpg,pituitary,Testing,44f3a0cfff5eecfffd132c006e6c378b,train
data/Testing/pituitary/Te-pi_237.jpg,pituitary,Testing,b35adf1698723c58aa42bdded7147255,train
data/Testing/pituitary/Te-pi_320.jpg,pituitary,Testing,a317fe485813cc3c5740ce31e7c249d9,train
data/Testing/pituitary/Te-pi_228.jpg,pituitary,Testing,cd98e7fec9766b7eaeb99c67de7cdd9f,train
data/Testing/pituitary/Te-pi_58.jpg,pituitary,Testing,9a9416d6f2c11ac15106904215981886,val
data/Testing/pituitary/Te-pi_396.jpg,pituitary,Testing,da6fabf55fbbf31e5e3db6d44c7ea323,train
data/Testing/pituitary/Te-pi_198.jpg,pituitary,Testing,16f9b10a3868753af264caa8eacee248,train
data/Testing/pituitary/Te-pi_98.jpg,pituitary,Testing,e637298432e95bdd29a7e24ad1577bee,train
data/Testing/pituitary/Te-pi_357.jpg,pituitary,Testing,32b06d83cab643e4cf1d4d0538be514c,train
data/Testing/pituitary/Te-pi_207.jpg,pituitary,Testing,97cbde6bff699dff7e3de3e0b711af8b,train
data/Testing/pituitary/Te-pi_231.jpg,pituitary,Testing,2360802bbdb3079e35f5c003a6457d1b,val
data/Testing/pituitary/Te-pi_392.jpg,pituitary,Testing,69fd3ff4ce6409027ece800f34b4c85e,val
